ISO-10303-21;
HEADER;
/* Generated by software containing ST-Developer
 * from STEP Tools, Inc. (www.steptools.com) 
 */
/* OPTION: using custom renumber hook */

FILE_DESCRIPTION(
/* description */ ('STEP AP242',
'CAx-IF Rec.Pracs.---Representation and Presentation of Product Manufa
cturing Information (PMI)---4.0---2014-10-13',
'CAx-IF Rec.Pracs.---3D Tessellated Geometry---0.4---2014-09-14','2;1'),

/* implementation_level */ '2;1');

FILE_NAME(
/* name */ 'KSC621GLFS',
/* time_stamp */ '2025-12-05T19:32:58+01:00',
/* author */ ('License CC BY-ND 4.0'),
/* organization */ ('CADENAS'),
/* preprocessor_version */ 'ST-DEVELOPER v20',
/* originating_system */ 'PARTsolutions',
/* authorisation */ '  ');

FILE_SCHEMA (('AP242_MANAGED_MODEL_BASED_3D_ENGINEERING_MIM_LF { 1 0 10303 442 1 1 4 }'));
ENDSEC;

DATA;
#10=TOROIDAL_SURFACE('',#5359,0.7,0.1);
#11=TOROIDAL_SURFACE('',#5363,1.33068815943059,0.1);
#12=TOROIDAL_SURFACE('',#5476,1.82,0.1);
#13=TOROIDAL_SURFACE('',#5480,1.95,0.399999999999999);
#14=TOROIDAL_SURFACE('',#5484,2.55,0.2);
#15=COLOUR_RGB('',0.75,0.75,0.75);
#16=COLOUR_RGB('',0.689999997615814,0.689999997615814,0.689999997615814);
#17=CONTEXT_DEPENDENT_SHAPE_REPRESENTATION(#31,#8081);
#18=CONTEXT_DEPENDENT_SHAPE_REPRESENTATION(#32,#8083);
#19=CONTEXT_DEPENDENT_SHAPE_REPRESENTATION(#33,#8085);
#20=CONTEXT_DEPENDENT_SHAPE_REPRESENTATION(#34,#8087);
#21=CONTEXT_DEPENDENT_SHAPE_REPRESENTATION(#35,#8088);
#22=CONTEXT_DEPENDENT_SHAPE_REPRESENTATION(#36,#8089);
#23=CONTEXT_DEPENDENT_SHAPE_REPRESENTATION(#37,#8090);
#24=NEXT_ASSEMBLY_USAGE_OCCURRENCE('NAUO1','KSC6 - body','KSC6 - body',
#8091,#8092,'');
#25=NEXT_ASSEMBLY_USAGE_OCCURRENCE('NAUO2','KSC6  - button',
'KSC6  - button',#8091,#8093,'');
#26=NEXT_ASSEMBLY_USAGE_OCCURRENCE('NAUO3','KSC6 - cover',
'KSC6 - cover',#8091,#8094,'');
#27=NEXT_ASSEMBLY_USAGE_OCCURRENCE('NAUO4','KSC61G_pin','KSC61G_pin',#8091,
#8095,'');
#28=NEXT_ASSEMBLY_USAGE_OCCURRENCE('NAUO5','KSC61G_pin','KSC61G_pin',#8091,
#8095,'');
#29=NEXT_ASSEMBLY_USAGE_OCCURRENCE('NAUO6','KSC61G_pin','KSC61G_pin',#8091,
#8095,'');
#30=NEXT_ASSEMBLY_USAGE_OCCURRENCE('NAUO7','KSC61G_pin','KSC61G_pin',#8091,
#8095,'');
#31=(
REPRESENTATION_RELATIONSHIP(' ',' ',#5171,#5170)
REPRESENTATION_RELATIONSHIP_WITH_TRANSFORMATION(#38)
SHAPE_REPRESENTATION_RELATIONSHIP()
);
#32=(
REPRESENTATION_RELATIONSHIP(' ',' ',#5172,#5170)
REPRESENTATION_RELATIONSHIP_WITH_TRANSFORMATION(#39)
SHAPE_REPRESENTATION_RELATIONSHIP()
);
#33=(
REPRESENTATION_RELATIONSHIP(' ',' ',#5173,#5170)
REPRESENTATION_RELATIONSHIP_WITH_TRANSFORMATION(#40)
SHAPE_REPRESENTATION_RELATIONSHIP()
);
#34=(
REPRESENTATION_RELATIONSHIP(' ',' ',#5174,#5170)
REPRESENTATION_RELATIONSHIP_WITH_TRANSFORMATION(#41)
SHAPE_REPRESENTATION_RELATIONSHIP()
);
#35=(
REPRESENTATION_RELATIONSHIP(' ',' ',#5174,#5170)
REPRESENTATION_RELATIONSHIP_WITH_TRANSFORMATION(#42)
SHAPE_REPRESENTATION_RELATIONSHIP()
);
#36=(
REPRESENTATION_RELATIONSHIP(' ',' ',#5174,#5170)
REPRESENTATION_RELATIONSHIP_WITH_TRANSFORMATION(#43)
SHAPE_REPRESENTATION_RELATIONSHIP()
);
#37=(
REPRESENTATION_RELATIONSHIP(' ',' ',#5174,#5170)
REPRESENTATION_RELATIONSHIP_WITH_TRANSFORMATION(#44)
SHAPE_REPRESENTATION_RELATIONSHIP()
);
#38=ITEM_DEFINED_TRANSFORMATION(' ',' ',#5175,#5285);
#39=ITEM_DEFINED_TRANSFORMATION(' ',' ',#5175,#5366);
#40=ITEM_DEFINED_TRANSFORMATION(' ',' ',#5175,#5486);
#41=ITEM_DEFINED_TRANSFORMATION(' ',' ',#5175,#5523);
#42=ITEM_DEFINED_TRANSFORMATION(' ',' ',#5175,#5524);
#43=ITEM_DEFINED_TRANSFORMATION(' ',' ',#5175,#5525);
#44=ITEM_DEFINED_TRANSFORMATION(' ',' ',#5175,#5526);
#45=SHAPE_REPRESENTATION_RELATIONSHIP('','',#5171,#49);
#46=SHAPE_REPRESENTATION_RELATIONSHIP('','',#5172,#50);
#47=SHAPE_REPRESENTATION_RELATIONSHIP('','',#5173,#51);
#48=SHAPE_REPRESENTATION_RELATIONSHIP('','',#5174,#52);
#49=ADVANCED_BREP_SHAPE_REPRESENTATION('',(#5161),#8067);
#50=ADVANCED_BREP_SHAPE_REPRESENTATION('',(#5162),#8068);
#51=ADVANCED_BREP_SHAPE_REPRESENTATION('',(#5163),#8069);
#52=ADVANCED_BREP_SHAPE_REPRESENTATION('',(#5164),#8070);
#53=CONICAL_SURFACE('',#5271,0.355,0.347766987857016);
#54=CONICAL_SURFACE('',#5275,0.65,0.521834279814411);
#55=CONICAL_SURFACE('',#5278,0.8,0.52183427981441);
#56=CONICAL_SURFACE('',#5365,1.43067292894622,0.0174532925199434);
#57=CYLINDRICAL_SURFACE('',#5237,0.6);
#58=CYLINDRICAL_SURFACE('',#5242,0.600000000000001);
#59=CYLINDRICAL_SURFACE('',#5243,0.6);
#60=CYLINDRICAL_SURFACE('',#5248,0.600000000000001);
#61=CYLINDRICAL_SURFACE('',#5253,0.575);
#62=CYLINDRICAL_SURFACE('',#5257,0.575);
#63=CYLINDRICAL_SURFACE('',#5263,0.575);
#64=CYLINDRICAL_SURFACE('',#5267,0.575);
#65=CYLINDRICAL_SURFACE('',#5281,0.75);
#66=CYLINDRICAL_SURFACE('',#5287,0.15);
#67=CYLINDRICAL_SURFACE('',#5291,0.150000000000002);
#68=CYLINDRICAL_SURFACE('',#5295,0.150000000000002);
#69=CYLINDRICAL_SURFACE('',#5300,0.15);
#70=CYLINDRICAL_SURFACE('',#5304,0.15);
#71=CYLINDRICAL_SURFACE('',#5309,0.150000000000002);
#72=CYLINDRICAL_SURFACE('',#5313,0.150000000000003);
#73=CYLINDRICAL_SURFACE('',#5317,0.150000000000001);
#74=CYLINDRICAL_SURFACE('',#5321,0.15);
#75=CYLINDRICAL_SURFACE('',#5325,0.150000000000002);
#76=CYLINDRICAL_SURFACE('',#5329,0.150000000000001);
#77=CYLINDRICAL_SURFACE('',#5334,0.15);
#78=CYLINDRICAL_SURFACE('',#5338,0.15);
#79=CYLINDRICAL_SURFACE('',#5343,0.150000000000002);
#80=CYLINDRICAL_SURFACE('',#5347,0.150000000000001);
#81=CYLINDRICAL_SURFACE('',#5351,0.15);
#82=CYLINDRICAL_SURFACE('',#5429,0.545999999999999);
#83=CYLINDRICAL_SURFACE('',#5431,0.499999999999999);
#84=CYLINDRICAL_SURFACE('',#5433,0.546);
#85=CYLINDRICAL_SURFACE('',#5438,0.198);
#86=CYLINDRICAL_SURFACE('',#5440,0.850000000000001);
#87=CYLINDRICAL_SURFACE('',#5442,0.198);
#88=CYLINDRICAL_SURFACE('',#5454,0.545999999999999);
#89=CYLINDRICAL_SURFACE('',#5456,0.499999999999999);
#90=CYLINDRICAL_SURFACE('',#5458,0.546);
#91=CYLINDRICAL_SURFACE('',#5463,0.198);
#92=CYLINDRICAL_SURFACE('',#5465,0.850000000000001);
#93=CYLINDRICAL_SURFACE('',#5467,0.198);
#94=CYLINDRICAL_SURFACE('',#5474,1.72);
#95=CYLINDRICAL_SURFACE('',#5482,2.35);
#96=CYLINDRICAL_SURFACE('',#5485,1.525);
#97=CYLINDRICAL_SURFACE('',#5503,0.35);
#98=CYLINDRICAL_SURFACE('',#5506,0.1);
#99=CYLINDRICAL_SURFACE('',#5515,0.1);
#100=CYLINDRICAL_SURFACE('',#5516,0.35);
#101=CYLINDRICAL_SURFACE('',#5518,0.100000000000002);
#102=CYLINDRICAL_SURFACE('',#5519,0.099999999999999);
#103=CYLINDRICAL_SURFACE('',#5520,0.1);
#104=CYLINDRICAL_SURFACE('',#5521,0.1);
#105=LINE('',#6766,#632);
#106=LINE('',#6769,#633);
#107=LINE('',#6771,#634);
#108=LINE('',#6773,#635);
#109=LINE('',#6777,#636);
#110=LINE('',#6779,#637);
#111=LINE('',#6781,#638);
#112=LINE('',#6783,#639);
#113=LINE('',#6785,#640);
#114=LINE('',#6789,#641);
#115=LINE('',#6791,#642);
#116=LINE('',#6793,#643);
#117=LINE('',#6797,#644);
#118=LINE('',#6799,#645);
#119=LINE('',#6801,#646);
#120=LINE('',#6803,#647);
#121=LINE('',#6805,#648);
#122=LINE('',#6809,#649);
#123=LINE('',#6811,#650);
#124=LINE('',#6813,#651);
#125=LINE('',#6815,#652);
#126=LINE('',#6817,#653);
#127=LINE('',#6819,#654);
#128=LINE('',#6820,#655);
#129=LINE('',#6822,#656);
#130=LINE('',#6824,#657);
#131=LINE('',#6826,#658);
#132=LINE('',#6828,#659);
#133=LINE('',#6830,#660);
#134=LINE('',#6832,#661);
#135=LINE('',#6834,#662);
#136=LINE('',#6836,#663);
#137=LINE('',#6838,#664);
#138=LINE('',#6840,#665);
#139=LINE('',#6842,#666);
#140=LINE('',#6844,#667);
#141=LINE('',#6846,#668);
#142=LINE('',#6848,#669);
#143=LINE('',#6850,#670);
#144=LINE('',#6852,#671);
#145=LINE('',#6854,#672);
#146=LINE('',#6856,#673);
#147=LINE('',#6858,#674);
#148=LINE('',#6860,#675);
#149=LINE('',#6862,#676);
#150=LINE('',#6864,#677);
#151=LINE('',#6866,#678);
#152=LINE('',#6868,#679);
#153=LINE('',#6870,#680);
#154=LINE('',#6872,#681);
#155=LINE('',#6874,#682);
#156=LINE('',#6876,#683);
#157=LINE('',#6878,#684);
#158=LINE('',#6880,#685);
#159=LINE('',#6882,#686);
#160=LINE('',#6884,#687);
#161=LINE('',#6886,#688);
#162=LINE('',#6888,#689);
#163=LINE('',#6890,#690);
#164=LINE('',#6892,#691);
#165=LINE('',#6894,#692);
#166=LINE('',#6896,#693);
#167=LINE('',#6898,#694);
#168=LINE('',#6900,#695);
#169=LINE('',#6902,#696);
#170=LINE('',#6904,#697);
#171=LINE('',#6906,#698);
#172=LINE('',#6908,#699);
#173=LINE('',#6910,#700);
#174=LINE('',#6912,#701);
#175=LINE('',#6914,#702);
#176=LINE('',#6916,#703);
#177=LINE('',#6918,#704);
#178=LINE('',#6920,#705);
#179=LINE('',#6922,#706);
#180=LINE('',#6924,#707);
#181=LINE('',#6927,#708);
#182=LINE('',#6928,#709);
#183=LINE('',#6930,#710);
#184=LINE('',#6932,#711);
#185=LINE('',#6934,#712);
#186=LINE('',#6938,#713);
#187=LINE('',#6940,#714);
#188=LINE('',#6942,#715);
#189=LINE('',#6944,#716);
#190=LINE('',#6946,#717);
#191=LINE('',#6948,#718);
#192=LINE('',#6950,#719);
#193=LINE('',#6952,#720);
#194=LINE('',#6954,#721);
#195=LINE('',#6957,#722);
#196=LINE('',#6959,#723);
#197=LINE('',#6961,#724);
#198=LINE('',#6963,#725);
#199=LINE('',#6965,#726);
#200=LINE('',#6967,#727);
#201=LINE('',#6969,#728);
#202=LINE('',#6971,#729);
#203=LINE('',#6973,#730);
#204=LINE('',#6976,#731);
#205=LINE('',#6978,#732);
#206=LINE('',#6980,#733);
#207=LINE('',#6982,#734);
#208=LINE('',#6985,#735);
#209=LINE('',#6987,#736);
#210=LINE('',#6989,#737);
#211=LINE('',#6990,#738);
#212=LINE('',#6992,#739);
#213=LINE('',#6994,#740);
#214=LINE('',#6996,#741);
#215=LINE('',#6997,#742);
#216=LINE('',#6999,#743);
#217=LINE('',#7001,#744);
#218=LINE('',#7003,#745);
#219=LINE('',#7005,#746);
#220=LINE('',#7006,#747);
#221=LINE('',#7008,#748);
#222=LINE('',#7010,#749);
#223=LINE('',#7011,#750);
#224=LINE('',#7013,#751);
#225=LINE('',#7015,#752);
#226=LINE('',#7016,#753);
#227=LINE('',#7018,#754);
#228=LINE('',#7020,#755);
#229=LINE('',#7021,#756);
#230=LINE('',#7023,#757);
#231=LINE('',#7025,#758);
#232=LINE('',#7027,#759);
#233=LINE('',#7029,#760);
#234=LINE('',#7031,#761);
#235=LINE('',#7033,#762);
#236=LINE('',#7035,#763);
#237=LINE('',#7037,#764);
#238=LINE('',#7039,#765);
#239=LINE('',#7041,#766);
#240=LINE('',#7043,#767);
#241=LINE('',#7045,#768);
#242=LINE('',#7047,#769);
#243=LINE('',#7049,#770);
#244=LINE('',#7051,#771);
#245=LINE('',#7053,#772);
#246=LINE('',#7055,#773);
#247=LINE('',#7057,#774);
#248=LINE('',#7059,#775);
#249=LINE('',#7062,#776);
#250=LINE('',#7064,#777);
#251=LINE('',#7066,#778);
#252=LINE('',#7068,#779);
#253=LINE('',#7070,#780);
#254=LINE('',#7072,#781);
#255=LINE('',#7074,#782);
#256=LINE('',#7076,#783);
#257=LINE('',#7078,#784);
#258=LINE('',#7081,#785);
#259=LINE('',#7083,#786);
#260=LINE('',#7085,#787);
#261=LINE('',#7087,#788);
#262=LINE('',#7089,#789);
#263=LINE('',#7091,#790);
#264=LINE('',#7093,#791);
#265=LINE('',#7095,#792);
#266=LINE('',#7097,#793);
#267=LINE('',#7100,#794);
#268=LINE('',#7102,#795);
#269=LINE('',#7104,#796);
#270=LINE('',#7106,#797);
#271=LINE('',#7108,#798);
#272=LINE('',#7110,#799);
#273=LINE('',#7112,#800);
#274=LINE('',#7114,#801);
#275=LINE('',#7116,#802);
#276=LINE('',#7119,#803);
#277=LINE('',#7121,#804);
#278=LINE('',#7123,#805);
#279=LINE('',#7125,#806);
#280=LINE('',#7128,#807);
#281=LINE('',#7130,#808);
#282=LINE('',#7132,#809);
#283=LINE('',#7134,#810);
#284=LINE('',#7139,#811);
#285=LINE('',#7141,#812);
#286=LINE('',#7143,#813);
#287=LINE('',#7147,#814);
#288=LINE('',#7149,#815);
#289=LINE('',#7153,#816);
#290=LINE('',#7155,#817);
#291=LINE('',#7159,#818);
#292=LINE('',#7161,#819);
#293=LINE('',#7165,#820);
#294=LINE('',#7167,#821);
#295=LINE('',#7169,#822);
#296=LINE('',#7172,#823);
#297=LINE('',#7176,#824);
#298=LINE('',#7178,#825);
#299=LINE('',#7180,#826);
#300=LINE('',#7183,#827);
#301=LINE('',#7187,#828);
#302=LINE('',#7189,#829);
#303=LINE('',#7191,#830);
#304=LINE('',#7194,#831);
#305=LINE('',#7198,#832);
#306=LINE('',#7200,#833);
#307=LINE('',#7202,#834);
#308=LINE('',#7223,#835);
#309=LINE('',#7224,#836);
#310=LINE('',#7229,#837);
#311=LINE('',#7232,#838);
#312=LINE('',#7234,#839);
#313=LINE('',#7236,#840);
#314=LINE('',#7240,#841);
#315=LINE('',#7244,#842);
#316=LINE('',#7246,#843);
#317=LINE('',#7248,#844);
#318=LINE('',#7252,#845);
#319=LINE('',#7256,#846);
#320=LINE('',#7258,#847);
#321=LINE('',#7260,#848);
#322=LINE('',#7264,#849);
#323=LINE('',#7268,#850);
#324=LINE('',#7270,#851);
#325=LINE('',#7272,#852);
#326=LINE('',#7274,#853);
#327=LINE('',#7276,#854);
#328=LINE('',#7278,#855);
#329=LINE('',#7282,#856);
#330=LINE('',#7286,#857);
#331=LINE('',#7288,#858);
#332=LINE('',#7290,#859);
#333=LINE('',#7294,#860);
#334=LINE('',#7298,#861);
#335=LINE('',#7300,#862);
#336=LINE('',#7302,#863);
#337=LINE('',#7304,#864);
#338=LINE('',#7306,#865);
#339=LINE('',#7308,#866);
#340=LINE('',#7312,#867);
#341=LINE('',#7316,#868);
#342=LINE('',#7318,#869);
#343=LINE('',#7320,#870);
#344=LINE('',#7324,#871);
#345=LINE('',#7328,#872);
#346=LINE('',#7330,#873);
#347=LINE('',#7332,#874);
#348=LINE('',#7336,#875);
#349=LINE('',#7340,#876);
#350=LINE('',#7342,#877);
#351=LINE('',#7344,#878);
#352=LINE('',#7348,#879);
#353=LINE('',#7352,#880);
#354=LINE('',#7354,#881);
#355=LINE('',#7356,#882);
#356=LINE('',#7360,#883);
#357=LINE('',#7364,#884);
#358=LINE('',#7366,#885);
#359=LINE('',#7368,#886);
#360=LINE('',#7372,#887);
#361=LINE('',#7376,#888);
#362=LINE('',#7378,#889);
#363=LINE('',#7380,#890);
#364=LINE('',#7382,#891);
#365=LINE('',#7384,#892);
#366=LINE('',#7386,#893);
#367=LINE('',#7390,#894);
#368=LINE('',#7394,#895);
#369=LINE('',#7396,#896);
#370=LINE('',#7398,#897);
#371=LINE('',#7402,#898);
#372=LINE('',#7406,#899);
#373=LINE('',#7408,#900);
#374=LINE('',#7410,#901);
#375=LINE('',#7412,#902);
#376=LINE('',#7414,#903);
#377=LINE('',#7416,#904);
#378=LINE('',#7420,#905);
#379=LINE('',#7424,#906);
#380=LINE('',#7426,#907);
#381=LINE('',#7428,#908);
#382=LINE('',#7432,#909);
#383=LINE('',#7436,#910);
#384=LINE('',#7438,#911);
#385=LINE('',#7440,#912);
#386=LINE('',#7465,#913);
#387=LINE('',#7468,#914);
#388=LINE('',#7470,#915);
#389=LINE('',#7472,#916);
#390=LINE('',#7474,#917);
#391=LINE('',#7476,#918);
#392=LINE('',#7478,#919);
#393=LINE('',#7480,#920);
#394=LINE('',#7482,#921);
#395=LINE('',#7484,#922);
#396=LINE('',#7486,#923);
#397=LINE('',#7488,#924);
#398=LINE('',#7490,#925);
#399=LINE('',#7492,#926);
#400=LINE('',#7494,#927);
#401=LINE('',#7496,#928);
#402=LINE('',#7498,#929);
#403=LINE('',#7500,#930);
#404=LINE('',#7502,#931);
#405=LINE('',#7504,#932);
#406=LINE('',#7506,#933);
#407=LINE('',#7508,#934);
#408=LINE('',#7510,#935);
#409=LINE('',#7512,#936);
#410=LINE('',#7514,#937);
#411=LINE('',#7516,#938);
#412=LINE('',#7518,#939);
#413=LINE('',#7520,#940);
#414=LINE('',#7522,#941);
#415=LINE('',#7524,#942);
#416=LINE('',#7526,#943);
#417=LINE('',#7528,#944);
#418=LINE('',#7530,#945);
#419=LINE('',#7532,#946);
#420=LINE('',#7534,#947);
#421=LINE('',#7536,#948);
#422=LINE('',#7538,#949);
#423=LINE('',#7540,#950);
#424=LINE('',#7542,#951);
#425=LINE('',#7544,#952);
#426=LINE('',#7546,#953);
#427=LINE('',#7548,#954);
#428=LINE('',#7550,#955);
#429=LINE('',#7552,#956);
#430=LINE('',#7554,#957);
#431=LINE('',#7556,#958);
#432=LINE('',#7558,#959);
#433=LINE('',#7560,#960);
#434=LINE('',#7562,#961);
#435=LINE('',#7564,#962);
#436=LINE('',#7566,#963);
#437=LINE('',#7568,#964);
#438=LINE('',#7570,#965);
#439=LINE('',#7572,#966);
#440=LINE('',#7575,#967);
#441=LINE('',#7577,#968);
#442=LINE('',#7578,#969);
#443=LINE('',#7580,#970);
#444=LINE('',#7582,#971);
#445=LINE('',#7584,#972);
#446=LINE('',#7586,#973);
#447=LINE('',#7588,#974);
#448=LINE('',#7590,#975);
#449=LINE('',#7592,#976);
#450=LINE('',#7594,#977);
#451=LINE('',#7596,#978);
#452=LINE('',#7598,#979);
#453=LINE('',#7600,#980);
#454=LINE('',#7602,#981);
#455=LINE('',#7604,#982);
#456=LINE('',#7606,#983);
#457=LINE('',#7608,#984);
#458=LINE('',#7610,#985);
#459=LINE('',#7612,#986);
#460=LINE('',#7614,#987);
#461=LINE('',#7618,#988);
#462=LINE('',#7622,#989);
#463=LINE('',#7626,#990);
#464=LINE('',#7628,#991);
#465=LINE('',#7630,#992);
#466=LINE('',#7631,#993);
#467=LINE('',#7632,#994);
#468=LINE('',#7636,#995);
#469=LINE('',#7640,#996);
#470=LINE('',#7644,#997);
#471=LINE('',#7646,#998);
#472=LINE('',#7648,#999);
#473=LINE('',#7650,#1000);
#474=LINE('',#7652,#1001);
#475=LINE('',#7653,#1002);
#476=LINE('',#7655,#1003);
#477=LINE('',#7657,#1004);
#478=LINE('',#7659,#1005);
#479=LINE('',#7661,#1006);
#480=LINE('',#7663,#1007);
#481=LINE('',#7665,#1008);
#482=LINE('',#7667,#1009);
#483=LINE('',#7669,#1010);
#484=LINE('',#7671,#1011);
#485=LINE('',#7673,#1012);
#486=LINE('',#7675,#1013);
#487=LINE('',#7677,#1014);
#488=LINE('',#7679,#1015);
#489=LINE('',#7681,#1016);
#490=LINE('',#7683,#1017);
#491=LINE('',#7685,#1018);
#492=LINE('',#7687,#1019);
#493=LINE('',#7689,#1020);
#494=LINE('',#7691,#1021);
#495=LINE('',#7693,#1022);
#496=LINE('',#7695,#1023);
#497=LINE('',#7697,#1024);
#498=LINE('',#7699,#1025);
#499=LINE('',#7701,#1026);
#500=LINE('',#7704,#1027);
#501=LINE('',#7706,#1028);
#502=LINE('',#7707,#1029);
#503=LINE('',#7709,#1030);
#504=LINE('',#7711,#1031);
#505=LINE('',#7713,#1032);
#506=LINE('',#7715,#1033);
#507=LINE('',#7717,#1034);
#508=LINE('',#7719,#1035);
#509=LINE('',#7721,#1036);
#510=LINE('',#7723,#1037);
#511=LINE('',#7725,#1038);
#512=LINE('',#7727,#1039);
#513=LINE('',#7729,#1040);
#514=LINE('',#7731,#1041);
#515=LINE('',#7733,#1042);
#516=LINE('',#7735,#1043);
#517=LINE('',#7737,#1044);
#518=LINE('',#7739,#1045);
#519=LINE('',#7741,#1046);
#520=LINE('',#7743,#1047);
#521=LINE('',#7747,#1048);
#522=LINE('',#7751,#1049);
#523=LINE('',#7755,#1050);
#524=LINE('',#7757,#1051);
#525=LINE('',#7759,#1052);
#526=LINE('',#7760,#1053);
#527=LINE('',#7761,#1054);
#528=LINE('',#7765,#1055);
#529=LINE('',#7769,#1056);
#530=LINE('',#7773,#1057);
#531=LINE('',#7775,#1058);
#532=LINE('',#7777,#1059);
#533=LINE('',#7779,#1060);
#534=LINE('',#7781,#1061);
#535=LINE('',#7782,#1062);
#536=LINE('',#7784,#1063);
#537=LINE('',#7786,#1064);
#538=LINE('',#7791,#1065);
#539=LINE('',#7793,#1066);
#540=LINE('',#7795,#1067);
#541=LINE('',#7799,#1068);
#542=LINE('',#7803,#1069);
#543=LINE('',#7807,#1070);
#544=LINE('',#7809,#1071);
#545=LINE('',#7811,#1072);
#546=LINE('',#7812,#1073);
#547=LINE('',#7816,#1074);
#548=LINE('',#7820,#1075);
#549=LINE('',#7824,#1076);
#550=LINE('',#7826,#1077);
#551=LINE('',#7828,#1078);
#552=LINE('',#7830,#1079);
#553=LINE('',#7832,#1080);
#554=LINE('',#7834,#1081);
#555=LINE('',#7836,#1082);
#556=LINE('',#7839,#1083);
#557=LINE('',#7841,#1084);
#558=LINE('',#7843,#1085);
#559=LINE('',#7845,#1086);
#560=LINE('',#7847,#1087);
#561=LINE('',#7849,#1088);
#562=LINE('',#7851,#1089);
#563=LINE('',#7853,#1090);
#564=LINE('',#7855,#1091);
#565=LINE('',#7857,#1092);
#566=LINE('',#7860,#1093);
#567=LINE('',#7864,#1094);
#568=LINE('',#7868,#1095);
#569=LINE('',#7872,#1096);
#570=LINE('',#7873,#1097);
#571=LINE('',#7875,#1098);
#572=LINE('',#7877,#1099);
#573=LINE('',#7881,#1100);
#574=LINE('',#7885,#1101);
#575=LINE('',#7889,#1102);
#576=LINE('',#7891,#1103);
#577=LINE('',#7893,#1104);
#578=LINE('',#7895,#1105);
#579=LINE('',#7897,#1106);
#580=LINE('',#7899,#1107);
#581=LINE('',#7901,#1108);
#582=LINE('',#7903,#1109);
#583=LINE('',#7905,#1110);
#584=LINE('',#7908,#1111);
#585=LINE('',#7910,#1112);
#586=LINE('',#7912,#1113);
#587=LINE('',#7914,#1114);
#588=LINE('',#7916,#1115);
#589=LINE('',#7918,#1116);
#590=LINE('',#7920,#1117);
#591=LINE('',#7922,#1118);
#592=LINE('',#7924,#1119);
#593=LINE('',#7926,#1120);
#594=LINE('',#7952,#1121);
#595=LINE('',#7955,#1122);
#596=LINE('',#7957,#1123);
#597=LINE('',#7961,#1124);
#598=LINE('',#7963,#1125);
#599=LINE('',#7965,#1126);
#600=LINE('',#7969,#1127);
#601=LINE('',#7972,#1128);
#602=LINE('',#7976,#1129);
#603=LINE('',#7978,#1130);
#604=LINE('',#7980,#1131);
#605=LINE('',#7984,#1132);
#606=LINE('',#7990,#1133);
#607=LINE('',#7992,#1134);
#608=LINE('',#7994,#1135);
#609=LINE('',#7999,#1136);
#610=LINE('',#8005,#1137);
#611=LINE('',#8010,#1138);
#612=LINE('',#8012,#1139);
#613=LINE('',#8014,#1140);
#614=LINE('',#8018,#1141);
#615=LINE('',#8022,#1142);
#616=LINE('',#8028,#1143);
#617=LINE('',#8030,#1144);
#618=LINE('',#8032,#1145);
#619=LINE('',#8034,#1146);
#620=LINE('',#8036,#1147);
#621=LINE('',#8038,#1148);
#622=LINE('',#8040,#1149);
#623=LINE('',#8041,#1150);
#624=LINE('',#8043,#1151);
#625=LINE('',#8044,#1152);
#626=LINE('',#8046,#1153);
#627=LINE('',#8048,#1154);
#628=LINE('',#8052,#1155);
#629=LINE('',#8054,#1156);
#630=LINE('',#8057,#1157);
#631=LINE('',#8059,#1158);
#632=VECTOR('',#5537,1000.);
#633=VECTOR('',#5538,1000.);
#634=VECTOR('',#5539,1000.);
#635=VECTOR('',#5540,1000.);
#636=VECTOR('',#5543,1000.);
#637=VECTOR('',#5544,1000.);
#638=VECTOR('',#5545,1000.);
#639=VECTOR('',#5546,1000.);
#640=VECTOR('',#5547,1000.);
#641=VECTOR('',#5550,1000.);
#642=VECTOR('',#5551,1000.);
#643=VECTOR('',#5552,1000.);
#644=VECTOR('',#5555,1000.);
#645=VECTOR('',#5556,1000.);
#646=VECTOR('',#5557,1000.);
#647=VECTOR('',#5558,1000.);
#648=VECTOR('',#5559,1000.);
#649=VECTOR('',#5562,1000.);
#650=VECTOR('',#5563,1000.);
#651=VECTOR('',#5564,1000.);
#652=VECTOR('',#5567,1000.);
#653=VECTOR('',#5568,1000.);
#654=VECTOR('',#5569,1000.);
#655=VECTOR('',#5570,1000.);
#656=VECTOR('',#5571,1000.);
#657=VECTOR('',#5572,1000.);
#658=VECTOR('',#5573,1000.);
#659=VECTOR('',#5574,1000.);
#660=VECTOR('',#5575,1000.);
#661=VECTOR('',#5576,1000.);
#662=VECTOR('',#5577,1000.);
#663=VECTOR('',#5578,1000.);
#664=VECTOR('',#5579,1000.);
#665=VECTOR('',#5580,1000.);
#666=VECTOR('',#5581,1000.);
#667=VECTOR('',#5582,1000.);
#668=VECTOR('',#5583,1000.);
#669=VECTOR('',#5584,1000.);
#670=VECTOR('',#5585,1000.);
#671=VECTOR('',#5586,1000.);
#672=VECTOR('',#5587,1000.);
#673=VECTOR('',#5588,1000.);
#674=VECTOR('',#5589,1000.);
#675=VECTOR('',#5590,1000.);
#676=VECTOR('',#5591,1000.);
#677=VECTOR('',#5592,1000.);
#678=VECTOR('',#5595,1000.);
#679=VECTOR('',#5596,1000.);
#680=VECTOR('',#5597,1000.);
#681=VECTOR('',#5600,1000.);
#682=VECTOR('',#5601,1000.);
#683=VECTOR('',#5602,1000.);
#684=VECTOR('',#5605,1000.);
#685=VECTOR('',#5606,1000.);
#686=VECTOR('',#5607,1000.);
#687=VECTOR('',#5608,1000.);
#688=VECTOR('',#5609,1000.);
#689=VECTOR('',#5610,1000.);
#690=VECTOR('',#5611,1000.);
#691=VECTOR('',#5612,1000.);
#692=VECTOR('',#5613,1000.);
#693=VECTOR('',#5614,1000.);
#694=VECTOR('',#5615,1000.);
#695=VECTOR('',#5616,1000.);
#696=VECTOR('',#5617,1000.);
#697=VECTOR('',#5618,1000.);
#698=VECTOR('',#5619,1000.);
#699=VECTOR('',#5620,1000.);
#700=VECTOR('',#5621,1000.);
#701=VECTOR('',#5622,1000.);
#702=VECTOR('',#5623,1000.);
#703=VECTOR('',#5624,1000.);
#704=VECTOR('',#5625,1000.);
#705=VECTOR('',#5626,1000.);
#706=VECTOR('',#5627,1000.);
#707=VECTOR('',#5630,1000.);
#708=VECTOR('',#5631,1000.);
#709=VECTOR('',#5632,1000.);
#710=VECTOR('',#5635,1000.);
#711=VECTOR('',#5636,1000.);
#712=VECTOR('',#5637,1000.);
#713=VECTOR('',#5644,1000.);
#714=VECTOR('',#5645,1000.);
#715=VECTOR('',#5646,1000.);
#716=VECTOR('',#5647,1000.);
#717=VECTOR('',#5648,1000.);
#718=VECTOR('',#5649,1000.);
#719=VECTOR('',#5650,1000.);
#720=VECTOR('',#5651,1000.);
#721=VECTOR('',#5652,1000.);
#722=VECTOR('',#5657,1000.);
#723=VECTOR('',#5658,1000.);
#724=VECTOR('',#5659,1000.);
#725=VECTOR('',#5660,1000.);
#726=VECTOR('',#5661,1000.);
#727=VECTOR('',#5662,1000.);
#728=VECTOR('',#5663,1000.);
#729=VECTOR('',#5664,1000.);
#730=VECTOR('',#5665,1000.);
#731=VECTOR('',#5670,1000.);
#732=VECTOR('',#5671,1000.);
#733=VECTOR('',#5672,1000.);
#734=VECTOR('',#5675,1000.);
#735=VECTOR('',#5676,1000.);
#736=VECTOR('',#5677,1000.);
#737=VECTOR('',#5678,1000.);
#738=VECTOR('',#5679,1000.);
#739=VECTOR('',#5680,1000.);
#740=VECTOR('',#5681,1000.);
#741=VECTOR('',#5684,1000.);
#742=VECTOR('',#5685,1000.);
#743=VECTOR('',#5688,1000.);
#744=VECTOR('',#5689,1000.);
#745=VECTOR('',#5690,1000.);
#746=VECTOR('',#5691,1000.);
#747=VECTOR('',#5692,1000.);
#748=VECTOR('',#5693,1000.);
#749=VECTOR('',#5694,1000.);
#750=VECTOR('',#5695,1000.);
#751=VECTOR('',#5696,1000.);
#752=VECTOR('',#5697,1000.);
#753=VECTOR('',#5698,1000.);
#754=VECTOR('',#5699,1000.);
#755=VECTOR('',#5700,1000.);
#756=VECTOR('',#5701,1000.);
#757=VECTOR('',#5702,1000.);
#758=VECTOR('',#5705,1000.);
#759=VECTOR('',#5706,1000.);
#760=VECTOR('',#5709,1000.);
#761=VECTOR('',#5710,1000.);
#762=VECTOR('',#5711,1000.);
#763=VECTOR('',#5712,1000.);
#764=VECTOR('',#5713,1000.);
#765=VECTOR('',#5714,1000.);
#766=VECTOR('',#5717,1000.);
#767=VECTOR('',#5720,1000.);
#768=VECTOR('',#5721,1000.);
#769=VECTOR('',#5722,1000.);
#770=VECTOR('',#5723,1000.);
#771=VECTOR('',#5724,1000.);
#772=VECTOR('',#5727,1000.);
#773=VECTOR('',#5730,1000.);
#774=VECTOR('',#5733,1000.);
#775=VECTOR('',#5736,1000.);
#776=VECTOR('',#5741,1000.);
#777=VECTOR('',#5742,1000.);
#778=VECTOR('',#5743,1000.);
#779=VECTOR('',#5744,1000.);
#780=VECTOR('',#5745,1000.);
#781=VECTOR('',#5748,1000.);
#782=VECTOR('',#5751,1000.);
#783=VECTOR('',#5754,1000.);
#784=VECTOR('',#5757,1000.);
#785=VECTOR('',#5762,1000.);
#786=VECTOR('',#5763,1000.);
#787=VECTOR('',#5766,1000.);
#788=VECTOR('',#5767,1000.);
#789=VECTOR('',#5770,1000.);
#790=VECTOR('',#5771,1000.);
#791=VECTOR('',#5774,1000.);
#792=VECTOR('',#5775,1000.);
#793=VECTOR('',#5778,1000.);
#794=VECTOR('',#5783,1000.);
#795=VECTOR('',#5784,1000.);
#796=VECTOR('',#5785,1000.);
#797=VECTOR('',#5786,1000.);
#798=VECTOR('',#5787,1000.);
#799=VECTOR('',#5790,1000.);
#800=VECTOR('',#5793,1000.);
#801=VECTOR('',#5796,1000.);
#802=VECTOR('',#5799,1000.);
#803=VECTOR('',#5804,1000.);
#804=VECTOR('',#5807,1000.);
#805=VECTOR('',#5810,1000.);
#806=VECTOR('',#5813,1000.);
#807=VECTOR('',#5818,1000.);
#808=VECTOR('',#5821,1000.);
#809=VECTOR('',#5824,1000.);
#810=VECTOR('',#5827,1000.);
#811=VECTOR('',#5834,1000.);
#812=VECTOR('',#5837,1000.);
#813=VECTOR('',#5840,1000.);
#814=VECTOR('',#5845,1000.);
#815=VECTOR('',#5848,1000.);
#816=VECTOR('',#5853,1000.);
#817=VECTOR('',#5856,1000.);
#818=VECTOR('',#5861,1000.);
#819=VECTOR('',#5864,1000.);
#820=VECTOR('',#5867,1000.);
#821=VECTOR('',#5870,1000.);
#822=VECTOR('',#5873,1000.);
#823=VECTOR('',#5878,1000.);
#824=VECTOR('',#5881,1000.);
#825=VECTOR('',#5884,1000.);
#826=VECTOR('',#5887,1000.);
#827=VECTOR('',#5892,1000.);
#828=VECTOR('',#5895,1000.);
#829=VECTOR('',#5898,1000.);
#830=VECTOR('',#5901,1000.);
#831=VECTOR('',#5906,1000.);
#832=VECTOR('',#5909,1000.);
#833=VECTOR('',#5912,1000.);
#834=VECTOR('',#5915,1000.);
#835=VECTOR('',#5946,1000.);
#836=VECTOR('',#5947,1000.);
#837=VECTOR('',#5956,1000.);
#838=VECTOR('',#5957,1000.);
#839=VECTOR('',#5958,1000.);
#840=VECTOR('',#5959,1000.);
#841=VECTOR('',#5964,1000.);
#842=VECTOR('',#5969,1000.);
#843=VECTOR('',#5970,1000.);
#844=VECTOR('',#5971,1000.);
#845=VECTOR('',#5976,1000.);
#846=VECTOR('',#5981,1000.);
#847=VECTOR('',#5982,1000.);
#848=VECTOR('',#5983,1000.);
#849=VECTOR('',#5988,1000.);
#850=VECTOR('',#5993,1000.);
#851=VECTOR('',#5994,1000.);
#852=VECTOR('',#5995,1000.);
#853=VECTOR('',#5998,1000.);
#854=VECTOR('',#5999,1000.);
#855=VECTOR('',#6000,1000.);
#856=VECTOR('',#6005,1000.);
#857=VECTOR('',#6010,1000.);
#858=VECTOR('',#6011,1000.);
#859=VECTOR('',#6012,1000.);
#860=VECTOR('',#6017,1000.);
#861=VECTOR('',#6022,1000.);
#862=VECTOR('',#6023,1000.);
#863=VECTOR('',#6024,1000.);
#864=VECTOR('',#6027,1000.);
#865=VECTOR('',#6028,1000.);
#866=VECTOR('',#6029,1000.);
#867=VECTOR('',#6034,1000.);
#868=VECTOR('',#6039,1000.);
#869=VECTOR('',#6040,1000.);
#870=VECTOR('',#6041,1000.);
#871=VECTOR('',#6046,1000.);
#872=VECTOR('',#6051,1000.);
#873=VECTOR('',#6052,1000.);
#874=VECTOR('',#6053,1000.);
#875=VECTOR('',#6058,1000.);
#876=VECTOR('',#6063,1000.);
#877=VECTOR('',#6064,1000.);
#878=VECTOR('',#6065,1000.);
#879=VECTOR('',#6070,1000.);
#880=VECTOR('',#6075,1000.);
#881=VECTOR('',#6076,1000.);
#882=VECTOR('',#6077,1000.);
#883=VECTOR('',#6082,1000.);
#884=VECTOR('',#6087,1000.);
#885=VECTOR('',#6088,1000.);
#886=VECTOR('',#6089,1000.);
#887=VECTOR('',#6094,1000.);
#888=VECTOR('',#6099,1000.);
#889=VECTOR('',#6100,1000.);
#890=VECTOR('',#6101,1000.);
#891=VECTOR('',#6104,1000.);
#892=VECTOR('',#6105,1000.);
#893=VECTOR('',#6106,1000.);
#894=VECTOR('',#6111,1000.);
#895=VECTOR('',#6116,1000.);
#896=VECTOR('',#6117,1000.);
#897=VECTOR('',#6118,1000.);
#898=VECTOR('',#6123,1000.);
#899=VECTOR('',#6128,1000.);
#900=VECTOR('',#6129,1000.);
#901=VECTOR('',#6130,1000.);
#902=VECTOR('',#6133,1000.);
#903=VECTOR('',#6134,1000.);
#904=VECTOR('',#6135,1000.);
#905=VECTOR('',#6140,1000.);
#906=VECTOR('',#6145,1000.);
#907=VECTOR('',#6146,1000.);
#908=VECTOR('',#6147,1000.);
#909=VECTOR('',#6152,1000.);
#910=VECTOR('',#6157,1000.);
#911=VECTOR('',#6158,1000.);
#912=VECTOR('',#6159,1000.);
#913=VECTOR('',#6196,1000.);
#914=VECTOR('',#6197,1000.);
#915=VECTOR('',#6198,1000.);
#916=VECTOR('',#6199,1000.);
#917=VECTOR('',#6200,1000.);
#918=VECTOR('',#6201,1000.);
#919=VECTOR('',#6202,1000.);
#920=VECTOR('',#6203,1000.);
#921=VECTOR('',#6204,1000.);
#922=VECTOR('',#6205,1000.);
#923=VECTOR('',#6206,1000.);
#924=VECTOR('',#6207,1000.);
#925=VECTOR('',#6208,1000.);
#926=VECTOR('',#6209,1000.);
#927=VECTOR('',#6210,1000.);
#928=VECTOR('',#6211,1000.);
#929=VECTOR('',#6212,1000.);
#930=VECTOR('',#6213,1000.);
#931=VECTOR('',#6214,1000.);
#932=VECTOR('',#6215,1000.);
#933=VECTOR('',#6216,1000.);
#934=VECTOR('',#6217,1000.);
#935=VECTOR('',#6218,1000.);
#936=VECTOR('',#6219,1000.);
#937=VECTOR('',#6220,1000.);
#938=VECTOR('',#6221,1000.);
#939=VECTOR('',#6222,1000.);
#940=VECTOR('',#6223,1000.);
#941=VECTOR('',#6224,1000.);
#942=VECTOR('',#6225,1000.);
#943=VECTOR('',#6226,1000.);
#944=VECTOR('',#6227,1000.);
#945=VECTOR('',#6230,1000.);
#946=VECTOR('',#6231,1000.);
#947=VECTOR('',#6232,1000.);
#948=VECTOR('',#6235,1000.);
#949=VECTOR('',#6236,1000.);
#950=VECTOR('',#6239,1000.);
#951=VECTOR('',#6240,1000.);
#952=VECTOR('',#6243,1000.);
#953=VECTOR('',#6244,1000.);
#954=VECTOR('',#6247,1000.);
#955=VECTOR('',#6248,1000.);
#956=VECTOR('',#6251,1000.);
#957=VECTOR('',#6252,1000.);
#958=VECTOR('',#6255,1000.);
#959=VECTOR('',#6256,1000.);
#960=VECTOR('',#6259,1000.);
#961=VECTOR('',#6260,1000.);
#962=VECTOR('',#6263,1000.);
#963=VECTOR('',#6264,1000.);
#964=VECTOR('',#6265,1000.);
#965=VECTOR('',#6266,1000.);
#966=VECTOR('',#6269,1000.);
#967=VECTOR('',#6270,1000.);
#968=VECTOR('',#6271,1000.);
#969=VECTOR('',#6272,1000.);
#970=VECTOR('',#6273,1000.);
#971=VECTOR('',#6276,1000.);
#972=VECTOR('',#6277,1000.);
#973=VECTOR('',#6280,1000.);
#974=VECTOR('',#6281,1000.);
#975=VECTOR('',#6284,1000.);
#976=VECTOR('',#6285,1000.);
#977=VECTOR('',#6288,1000.);
#978=VECTOR('',#6289,1000.);
#979=VECTOR('',#6292,1000.);
#980=VECTOR('',#6293,1000.);
#981=VECTOR('',#6296,1000.);
#982=VECTOR('',#6297,1000.);
#983=VECTOR('',#6298,1000.);
#984=VECTOR('',#6299,1000.);
#985=VECTOR('',#6302,1000.);
#986=VECTOR('',#6303,1000.);
#987=VECTOR('',#6304,1000.);
#988=VECTOR('',#6307,1000.);
#989=VECTOR('',#6310,1000.);
#990=VECTOR('',#6313,1000.);
#991=VECTOR('',#6314,1000.);
#992=VECTOR('',#6315,1000.);
#993=VECTOR('',#6316,1000.);
#994=VECTOR('',#6317,1000.);
#995=VECTOR('',#6320,1000.);
#996=VECTOR('',#6323,1000.);
#997=VECTOR('',#6326,1000.);
#998=VECTOR('',#6327,1000.);
#999=VECTOR('',#6328,1000.);
#1000=VECTOR('',#6331,1000.);
#1001=VECTOR('',#6332,1000.);
#1002=VECTOR('',#6333,1000.);
#1003=VECTOR('',#6334,1000.);
#1004=VECTOR('',#6337,1000.);
#1005=VECTOR('',#6338,1000.);
#1006=VECTOR('',#6341,1000.);
#1007=VECTOR('',#6342,1000.);
#1008=VECTOR('',#6345,1000.);
#1009=VECTOR('',#6346,1000.);
#1010=VECTOR('',#6349,1000.);
#1011=VECTOR('',#6350,1000.);
#1012=VECTOR('',#6353,1000.);
#1013=VECTOR('',#6354,1000.);
#1014=VECTOR('',#6357,1000.);
#1015=VECTOR('',#6358,1000.);
#1016=VECTOR('',#6361,1000.);
#1017=VECTOR('',#6362,1000.);
#1018=VECTOR('',#6365,1000.);
#1019=VECTOR('',#6366,1000.);
#1020=VECTOR('',#6369,1000.);
#1021=VECTOR('',#6370,1000.);
#1022=VECTOR('',#6373,1000.);
#1023=VECTOR('',#6374,1000.);
#1024=VECTOR('',#6375,1000.);
#1025=VECTOR('',#6376,1000.);
#1026=VECTOR('',#6379,1000.);
#1027=VECTOR('',#6380,1000.);
#1028=VECTOR('',#6381,1000.);
#1029=VECTOR('',#6382,1000.);
#1030=VECTOR('',#6383,1000.);
#1031=VECTOR('',#6386,1000.);
#1032=VECTOR('',#6387,1000.);
#1033=VECTOR('',#6390,1000.);
#1034=VECTOR('',#6391,1000.);
#1035=VECTOR('',#6394,1000.);
#1036=VECTOR('',#6395,1000.);
#1037=VECTOR('',#6398,1000.);
#1038=VECTOR('',#6399,1000.);
#1039=VECTOR('',#6402,1000.);
#1040=VECTOR('',#6403,1000.);
#1041=VECTOR('',#6406,1000.);
#1042=VECTOR('',#6407,1000.);
#1043=VECTOR('',#6408,1000.);
#1044=VECTOR('',#6409,1000.);
#1045=VECTOR('',#6412,1000.);
#1046=VECTOR('',#6413,1000.);
#1047=VECTOR('',#6414,1000.);
#1048=VECTOR('',#6417,1000.);
#1049=VECTOR('',#6420,1000.);
#1050=VECTOR('',#6423,1000.);
#1051=VECTOR('',#6424,1000.);
#1052=VECTOR('',#6425,1000.);
#1053=VECTOR('',#6426,1000.);
#1054=VECTOR('',#6427,1000.);
#1055=VECTOR('',#6430,1000.);
#1056=VECTOR('',#6433,1000.);
#1057=VECTOR('',#6436,1000.);
#1058=VECTOR('',#6437,1000.);
#1059=VECTOR('',#6438,1000.);
#1060=VECTOR('',#6441,1000.);
#1061=VECTOR('',#6442,1000.);
#1062=VECTOR('',#6443,1000.);
#1063=VECTOR('',#6444,1000.);
#1064=VECTOR('',#6447,1000.);
#1065=VECTOR('',#6454,1000.);
#1066=VECTOR('',#6455,1000.);
#1067=VECTOR('',#6456,1000.);
#1068=VECTOR('',#6459,1000.);
#1069=VECTOR('',#6462,1000.);
#1070=VECTOR('',#6465,1000.);
#1071=VECTOR('',#6466,1000.);
#1072=VECTOR('',#6467,1000.);
#1073=VECTOR('',#6468,1000.);
#1074=VECTOR('',#6471,1000.);
#1075=VECTOR('',#6474,1000.);
#1076=VECTOR('',#6477,1000.);
#1077=VECTOR('',#6480,1000.);
#1078=VECTOR('',#6483,1000.);
#1079=VECTOR('',#6486,1000.);
#1080=VECTOR('',#6489,1000.);
#1081=VECTOR('',#6492,1000.);
#1082=VECTOR('',#6495,1000.);
#1083=VECTOR('',#6500,1000.);
#1084=VECTOR('',#6503,1000.);
#1085=VECTOR('',#6506,1000.);
#1086=VECTOR('',#6509,1000.);
#1087=VECTOR('',#6512,1000.);
#1088=VECTOR('',#6515,1000.);
#1089=VECTOR('',#6518,1000.);
#1090=VECTOR('',#6521,1000.);
#1091=VECTOR('',#6524,1000.);
#1092=VECTOR('',#6527,1000.);
#1093=VECTOR('',#6532,1000.);
#1094=VECTOR('',#6535,1000.);
#1095=VECTOR('',#6538,1000.);
#1096=VECTOR('',#6541,1000.);
#1097=VECTOR('',#6542,1000.);
#1098=VECTOR('',#6543,1000.);
#1099=VECTOR('',#6544,1000.);
#1100=VECTOR('',#6547,1000.);
#1101=VECTOR('',#6550,1000.);
#1102=VECTOR('',#6553,1000.);
#1103=VECTOR('',#6554,1000.);
#1104=VECTOR('',#6555,1000.);
#1105=VECTOR('',#6558,1000.);
#1106=VECTOR('',#6561,1000.);
#1107=VECTOR('',#6564,1000.);
#1108=VECTOR('',#6567,1000.);
#1109=VECTOR('',#6570,1000.);
#1110=VECTOR('',#6573,1000.);
#1111=VECTOR('',#6578,1000.);
#1112=VECTOR('',#6581,1000.);
#1113=VECTOR('',#6584,1000.);
#1114=VECTOR('',#6587,1000.);
#1115=VECTOR('',#6590,1000.);
#1116=VECTOR('',#6593,1000.);
#1117=VECTOR('',#6596,1000.);
#1118=VECTOR('',#6599,1000.);
#1119=VECTOR('',#6602,1000.);
#1120=VECTOR('',#6605,1000.);
#1121=VECTOR('',#6642,1000.);
#1122=VECTOR('',#6643,1000.);
#1123=VECTOR('',#6644,1000.);
#1124=VECTOR('',#6647,1000.);
#1125=VECTOR('',#6648,1000.);
#1126=VECTOR('',#6649,1000.);
#1127=VECTOR('',#6654,1000.);
#1128=VECTOR('',#6655,1000.);
#1129=VECTOR('',#6658,1000.);
#1130=VECTOR('',#6659,1000.);
#1131=VECTOR('',#6660,1000.);
#1132=VECTOR('',#6663,1000.);
#1133=VECTOR('',#6670,1000.);
#1134=VECTOR('',#6671,1000.);
#1135=VECTOR('',#6672,1000.);
#1136=VECTOR('',#6677,1000.);
#1137=VECTOR('',#6684,1000.);
#1138=VECTOR('',#6689,1000.);
#1139=VECTOR('',#6690,1000.);
#1140=VECTOR('',#6691,1000.);
#1141=VECTOR('',#6696,1000.);
#1142=VECTOR('',#6701,1000.);
#1143=VECTOR('',#6708,1000.);
#1144=VECTOR('',#6709,1000.);
#1145=VECTOR('',#6710,1000.);
#1146=VECTOR('',#6713,1000.);
#1147=VECTOR('',#6714,1000.);
#1148=VECTOR('',#6715,1000.);
#1149=VECTOR('',#6718,1000.);
#1150=VECTOR('',#6719,1000.);
#1151=VECTOR('',#6722,1000.);
#1152=VECTOR('',#6723,1000.);
#1153=VECTOR('',#6726,1000.);
#1154=VECTOR('',#6729,1000.);
#1155=VECTOR('',#6736,1000.);
#1156=VECTOR('',#6739,1000.);
#1157=VECTOR('',#6744,1000.);
#1158=VECTOR('',#6747,1000.);
#1159=ORIENTED_EDGE('',*,*,#2433,.F.);
#1160=ORIENTED_EDGE('',*,*,#2434,.F.);
#1161=ORIENTED_EDGE('',*,*,#2435,.F.);
#1162=ORIENTED_EDGE('',*,*,#2436,.F.);
#1163=ORIENTED_EDGE('',*,*,#2437,.T.);
#1164=ORIENTED_EDGE('',*,*,#2438,.F.);
#1165=ORIENTED_EDGE('',*,*,#2439,.T.);
#1166=ORIENTED_EDGE('',*,*,#2440,.T.);
#1167=ORIENTED_EDGE('',*,*,#2441,.T.);
#1168=ORIENTED_EDGE('',*,*,#2442,.F.);
#1169=ORIENTED_EDGE('',*,*,#2443,.F.);
#1170=ORIENTED_EDGE('',*,*,#2444,.T.);
#1171=ORIENTED_EDGE('',*,*,#2445,.T.);
#1172=ORIENTED_EDGE('',*,*,#2446,.T.);
#1173=ORIENTED_EDGE('',*,*,#2447,.T.);
#1174=ORIENTED_EDGE('',*,*,#2448,.F.);
#1175=ORIENTED_EDGE('',*,*,#2449,.T.);
#1176=ORIENTED_EDGE('',*,*,#2450,.T.);
#1177=ORIENTED_EDGE('',*,*,#2451,.T.);
#1178=ORIENTED_EDGE('',*,*,#2452,.F.);
#1179=ORIENTED_EDGE('',*,*,#2453,.F.);
#1180=ORIENTED_EDGE('',*,*,#2454,.T.);
#1181=ORIENTED_EDGE('',*,*,#2455,.T.);
#1182=ORIENTED_EDGE('',*,*,#2456,.T.);
#1183=ORIENTED_EDGE('',*,*,#2457,.T.);
#1184=ORIENTED_EDGE('',*,*,#2458,.F.);
#1185=ORIENTED_EDGE('',*,*,#2459,.F.);
#1186=ORIENTED_EDGE('',*,*,#2460,.T.);
#1187=ORIENTED_EDGE('',*,*,#2461,.T.);
#1188=ORIENTED_EDGE('',*,*,#2462,.F.);
#1189=ORIENTED_EDGE('',*,*,#2458,.T.);
#1190=ORIENTED_EDGE('',*,*,#2463,.T.);
#1191=ORIENTED_EDGE('',*,*,#2464,.F.);
#1192=ORIENTED_EDGE('',*,*,#2465,.F.);
#1193=ORIENTED_EDGE('',*,*,#2466,.F.);
#1194=ORIENTED_EDGE('',*,*,#2467,.T.);
#1195=ORIENTED_EDGE('',*,*,#2468,.F.);
#1196=ORIENTED_EDGE('',*,*,#2469,.T.);
#1197=ORIENTED_EDGE('',*,*,#2470,.T.);
#1198=ORIENTED_EDGE('',*,*,#2471,.T.);
#1199=ORIENTED_EDGE('',*,*,#2472,.T.);
#1200=ORIENTED_EDGE('',*,*,#2473,.T.);
#1201=ORIENTED_EDGE('',*,*,#2474,.F.);
#1202=ORIENTED_EDGE('',*,*,#2475,.T.);
#1203=ORIENTED_EDGE('',*,*,#2476,.T.);
#1204=ORIENTED_EDGE('',*,*,#2477,.T.);
#1205=ORIENTED_EDGE('',*,*,#2478,.T.);
#1206=ORIENTED_EDGE('',*,*,#2479,.T.);
#1207=ORIENTED_EDGE('',*,*,#2480,.F.);
#1208=ORIENTED_EDGE('',*,*,#2481,.F.);
#1209=ORIENTED_EDGE('',*,*,#2482,.T.);
#1210=ORIENTED_EDGE('',*,*,#2483,.T.);
#1211=ORIENTED_EDGE('',*,*,#2484,.F.);
#1212=ORIENTED_EDGE('',*,*,#2485,.T.);
#1213=ORIENTED_EDGE('',*,*,#2438,.T.);
#1214=ORIENTED_EDGE('',*,*,#2442,.T.);
#1215=ORIENTED_EDGE('',*,*,#2486,.T.);
#1216=ORIENTED_EDGE('',*,*,#2487,.F.);
#1217=ORIENTED_EDGE('',*,*,#2488,.F.);
#1218=ORIENTED_EDGE('',*,*,#2489,.F.);
#1219=ORIENTED_EDGE('',*,*,#2454,.F.);
#1220=ORIENTED_EDGE('',*,*,#2490,.T.);
#1221=ORIENTED_EDGE('',*,*,#2491,.T.);
#1222=ORIENTED_EDGE('',*,*,#2448,.T.);
#1223=ORIENTED_EDGE('',*,*,#2492,.T.);
#1224=ORIENTED_EDGE('',*,*,#2493,.F.);
#1225=ORIENTED_EDGE('',*,*,#2494,.T.);
#1226=ORIENTED_EDGE('',*,*,#2495,.F.);
#1227=ORIENTED_EDGE('',*,*,#2496,.T.);
#1228=ORIENTED_EDGE('',*,*,#2497,.F.);
#1229=ORIENTED_EDGE('',*,*,#2498,.F.);
#1230=ORIENTED_EDGE('',*,*,#2499,.F.);
#1231=ORIENTED_EDGE('',*,*,#2500,.F.);
#1232=ORIENTED_EDGE('',*,*,#2501,.F.);
#1233=ORIENTED_EDGE('',*,*,#2502,.F.);
#1234=ORIENTED_EDGE('',*,*,#2503,.F.);
#1235=ORIENTED_EDGE('',*,*,#2504,.F.);
#1236=ORIENTED_EDGE('',*,*,#2505,.F.);
#1237=ORIENTED_EDGE('',*,*,#2506,.F.);
#1238=ORIENTED_EDGE('',*,*,#2507,.F.);
#1239=ORIENTED_EDGE('',*,*,#2508,.F.);
#1240=ORIENTED_EDGE('',*,*,#2509,.F.);
#1241=ORIENTED_EDGE('',*,*,#2510,.F.);
#1242=ORIENTED_EDGE('',*,*,#2511,.T.);
#1243=ORIENTED_EDGE('',*,*,#2512,.F.);
#1244=ORIENTED_EDGE('',*,*,#2513,.F.);
#1245=ORIENTED_EDGE('',*,*,#2514,.T.);
#1246=ORIENTED_EDGE('',*,*,#2515,.T.);
#1247=ORIENTED_EDGE('',*,*,#2516,.T.);
#1248=ORIENTED_EDGE('',*,*,#2444,.F.);
#1249=ORIENTED_EDGE('',*,*,#2517,.F.);
#1250=ORIENTED_EDGE('',*,*,#2518,.F.);
#1251=ORIENTED_EDGE('',*,*,#2519,.F.);
#1252=ORIENTED_EDGE('',*,*,#2520,.T.);
#1253=ORIENTED_EDGE('',*,*,#2452,.T.);
#1254=ORIENTED_EDGE('',*,*,#2467,.F.);
#1255=ORIENTED_EDGE('',*,*,#2521,.T.);
#1256=ORIENTED_EDGE('',*,*,#2490,.F.);
#1257=ORIENTED_EDGE('',*,*,#2453,.T.);
#1258=ORIENTED_EDGE('',*,*,#2520,.F.);
#1259=ORIENTED_EDGE('',*,*,#2522,.T.);
#1260=ORIENTED_EDGE('',*,*,#2510,.T.);
#1261=ORIENTED_EDGE('',*,*,#2523,.F.);
#1262=ORIENTED_EDGE('',*,*,#2524,.F.);
#1263=ORIENTED_EDGE('',*,*,#2525,.F.);
#1264=ORIENTED_EDGE('',*,*,#2526,.F.);
#1265=ORIENTED_EDGE('',*,*,#2527,.F.);
#1266=ORIENTED_EDGE('',*,*,#2528,.F.);
#1267=ORIENTED_EDGE('',*,*,#2529,.F.);
#1268=ORIENTED_EDGE('',*,*,#2530,.T.);
#1269=ORIENTED_EDGE('',*,*,#2531,.F.);
#1270=ORIENTED_EDGE('',*,*,#2532,.F.);
#1271=ORIENTED_EDGE('',*,*,#2481,.T.);
#1272=ORIENTED_EDGE('',*,*,#2533,.F.);
#1273=ORIENTED_EDGE('',*,*,#2534,.F.);
#1274=ORIENTED_EDGE('',*,*,#2535,.T.);
#1275=ORIENTED_EDGE('',*,*,#2536,.T.);
#1276=ORIENTED_EDGE('',*,*,#2537,.T.);
#1277=ORIENTED_EDGE('',*,*,#2538,.T.);
#1278=ORIENTED_EDGE('',*,*,#2539,.T.);
#1279=ORIENTED_EDGE('',*,*,#2540,.T.);
#1280=ORIENTED_EDGE('',*,*,#2541,.F.);
#1281=ORIENTED_EDGE('',*,*,#2496,.F.);
#1282=ORIENTED_EDGE('',*,*,#2542,.F.);
#1283=ORIENTED_EDGE('',*,*,#2517,.T.);
#1284=ORIENTED_EDGE('',*,*,#2443,.T.);
#1285=ORIENTED_EDGE('',*,*,#2488,.T.);
#1286=ORIENTED_EDGE('',*,*,#2540,.F.);
#1287=ORIENTED_EDGE('',*,*,#2543,.T.);
#1288=ORIENTED_EDGE('',*,*,#2544,.T.);
#1289=ORIENTED_EDGE('',*,*,#2545,.F.);
#1290=ORIENTED_EDGE('',*,*,#2546,.T.);
#1291=ORIENTED_EDGE('',*,*,#2547,.T.);
#1292=ORIENTED_EDGE('',*,*,#2548,.T.);
#1293=ORIENTED_EDGE('',*,*,#2549,.F.);
#1294=ORIENTED_EDGE('',*,*,#2544,.F.);
#1295=ORIENTED_EDGE('',*,*,#2550,.T.);
#1296=ORIENTED_EDGE('',*,*,#2551,.T.);
#1297=ORIENTED_EDGE('',*,*,#2552,.T.);
#1298=ORIENTED_EDGE('',*,*,#2548,.F.);
#1299=ORIENTED_EDGE('',*,*,#2553,.T.);
#1300=ORIENTED_EDGE('',*,*,#2534,.T.);
#1301=ORIENTED_EDGE('',*,*,#2554,.F.);
#1302=ORIENTED_EDGE('',*,*,#2555,.F.);
#1303=ORIENTED_EDGE('',*,*,#2497,.T.);
#1304=ORIENTED_EDGE('',*,*,#2541,.T.);
#1305=ORIENTED_EDGE('',*,*,#2545,.T.);
#1306=ORIENTED_EDGE('',*,*,#2549,.T.);
#1307=ORIENTED_EDGE('',*,*,#2554,.T.);
#1308=ORIENTED_EDGE('',*,*,#2533,.T.);
#1309=ORIENTED_EDGE('',*,*,#2480,.T.);
#1310=ORIENTED_EDGE('',*,*,#2556,.T.);
#1311=ORIENTED_EDGE('',*,*,#2557,.T.);
#1312=ORIENTED_EDGE('',*,*,#2558,.T.);
#1313=ORIENTED_EDGE('',*,*,#2474,.T.);
#1314=ORIENTED_EDGE('',*,*,#2559,.T.);
#1315=ORIENTED_EDGE('',*,*,#2560,.T.);
#1316=ORIENTED_EDGE('',*,*,#2561,.T.);
#1317=ORIENTED_EDGE('',*,*,#2468,.T.);
#1318=ORIENTED_EDGE('',*,*,#2531,.T.);
#1319=ORIENTED_EDGE('',*,*,#2562,.T.);
#1320=ORIENTED_EDGE('',*,*,#2563,.T.);
#1321=ORIENTED_EDGE('',*,*,#2564,.T.);
#1322=ORIENTED_EDGE('',*,*,#2523,.T.);
#1323=ORIENTED_EDGE('',*,*,#2509,.T.);
#1324=ORIENTED_EDGE('',*,*,#2565,.F.);
#1325=ORIENTED_EDGE('',*,*,#2566,.F.);
#1326=ORIENTED_EDGE('',*,*,#2567,.F.);
#1327=ORIENTED_EDGE('',*,*,#2503,.T.);
#1328=ORIENTED_EDGE('',*,*,#2568,.F.);
#1329=ORIENTED_EDGE('',*,*,#2569,.F.);
#1330=ORIENTED_EDGE('',*,*,#2570,.F.);
#1331=ORIENTED_EDGE('',*,*,#2571,.T.);
#1332=ORIENTED_EDGE('',*,*,#2562,.F.);
#1333=ORIENTED_EDGE('',*,*,#2530,.F.);
#1334=ORIENTED_EDGE('',*,*,#2572,.F.);
#1335=ORIENTED_EDGE('',*,*,#2573,.F.);
#1336=ORIENTED_EDGE('',*,*,#2574,.F.);
#1337=ORIENTED_EDGE('',*,*,#2575,.F.);
#1338=ORIENTED_EDGE('',*,*,#2576,.F.);
#1339=ORIENTED_EDGE('',*,*,#2577,.T.);
#1340=ORIENTED_EDGE('',*,*,#2563,.F.);
#1341=ORIENTED_EDGE('',*,*,#2571,.F.);
#1342=ORIENTED_EDGE('',*,*,#2578,.F.);
#1343=ORIENTED_EDGE('',*,*,#2524,.T.);
#1344=ORIENTED_EDGE('',*,*,#2564,.F.);
#1345=ORIENTED_EDGE('',*,*,#2577,.F.);
#1346=ORIENTED_EDGE('',*,*,#2579,.T.);
#1347=ORIENTED_EDGE('',*,*,#2580,.T.);
#1348=ORIENTED_EDGE('',*,*,#2581,.T.);
#1349=ORIENTED_EDGE('',*,*,#2582,.T.);
#1350=ORIENTED_EDGE('',*,*,#2583,.T.);
#1351=ORIENTED_EDGE('',*,*,#2560,.F.);
#1352=ORIENTED_EDGE('',*,*,#2561,.F.);
#1353=ORIENTED_EDGE('',*,*,#2583,.F.);
#1354=ORIENTED_EDGE('',*,*,#2584,.F.);
#1355=ORIENTED_EDGE('',*,*,#2469,.F.);
#1356=ORIENTED_EDGE('',*,*,#2585,.T.);
#1357=ORIENTED_EDGE('',*,*,#2579,.F.);
#1358=ORIENTED_EDGE('',*,*,#2559,.F.);
#1359=ORIENTED_EDGE('',*,*,#2473,.F.);
#1360=ORIENTED_EDGE('',*,*,#2584,.T.);
#1361=ORIENTED_EDGE('',*,*,#2582,.F.);
#1362=ORIENTED_EDGE('',*,*,#2586,.F.);
#1363=ORIENTED_EDGE('',*,*,#2470,.F.);
#1364=ORIENTED_EDGE('',*,*,#2586,.T.);
#1365=ORIENTED_EDGE('',*,*,#2581,.F.);
#1366=ORIENTED_EDGE('',*,*,#2587,.F.);
#1367=ORIENTED_EDGE('',*,*,#2471,.F.);
#1368=ORIENTED_EDGE('',*,*,#2587,.T.);
#1369=ORIENTED_EDGE('',*,*,#2580,.F.);
#1370=ORIENTED_EDGE('',*,*,#2585,.F.);
#1371=ORIENTED_EDGE('',*,*,#2472,.F.);
#1372=ORIENTED_EDGE('',*,*,#2588,.T.);
#1373=ORIENTED_EDGE('',*,*,#2589,.T.);
#1374=ORIENTED_EDGE('',*,*,#2590,.T.);
#1375=ORIENTED_EDGE('',*,*,#2591,.T.);
#1376=ORIENTED_EDGE('',*,*,#2592,.T.);
#1377=ORIENTED_EDGE('',*,*,#2557,.F.);
#1378=ORIENTED_EDGE('',*,*,#2593,.T.);
#1379=ORIENTED_EDGE('',*,*,#2588,.F.);
#1380=ORIENTED_EDGE('',*,*,#2556,.F.);
#1381=ORIENTED_EDGE('',*,*,#2479,.F.);
#1382=ORIENTED_EDGE('',*,*,#2594,.T.);
#1383=ORIENTED_EDGE('',*,*,#2589,.F.);
#1384=ORIENTED_EDGE('',*,*,#2593,.F.);
#1385=ORIENTED_EDGE('',*,*,#2478,.F.);
#1386=ORIENTED_EDGE('',*,*,#2595,.T.);
#1387=ORIENTED_EDGE('',*,*,#2590,.F.);
#1388=ORIENTED_EDGE('',*,*,#2594,.F.);
#1389=ORIENTED_EDGE('',*,*,#2477,.F.);
#1390=ORIENTED_EDGE('',*,*,#2596,.T.);
#1391=ORIENTED_EDGE('',*,*,#2591,.F.);
#1392=ORIENTED_EDGE('',*,*,#2595,.F.);
#1393=ORIENTED_EDGE('',*,*,#2476,.F.);
#1394=ORIENTED_EDGE('',*,*,#2558,.F.);
#1395=ORIENTED_EDGE('',*,*,#2592,.F.);
#1396=ORIENTED_EDGE('',*,*,#2596,.F.);
#1397=ORIENTED_EDGE('',*,*,#2475,.F.);
#1398=ORIENTED_EDGE('',*,*,#2565,.T.);
#1399=ORIENTED_EDGE('',*,*,#2508,.T.);
#1400=ORIENTED_EDGE('',*,*,#2597,.T.);
#1401=ORIENTED_EDGE('',*,*,#2598,.T.);
#1402=ORIENTED_EDGE('',*,*,#2507,.T.);
#1403=ORIENTED_EDGE('',*,*,#2599,.T.);
#1404=ORIENTED_EDGE('',*,*,#2600,.T.);
#1405=ORIENTED_EDGE('',*,*,#2597,.F.);
#1406=ORIENTED_EDGE('',*,*,#2506,.T.);
#1407=ORIENTED_EDGE('',*,*,#2601,.T.);
#1408=ORIENTED_EDGE('',*,*,#2602,.T.);
#1409=ORIENTED_EDGE('',*,*,#2599,.F.);
#1410=ORIENTED_EDGE('',*,*,#2505,.T.);
#1411=ORIENTED_EDGE('',*,*,#2603,.T.);
#1412=ORIENTED_EDGE('',*,*,#2604,.T.);
#1413=ORIENTED_EDGE('',*,*,#2601,.F.);
#1414=ORIENTED_EDGE('',*,*,#2567,.T.);
#1415=ORIENTED_EDGE('',*,*,#2605,.T.);
#1416=ORIENTED_EDGE('',*,*,#2603,.F.);
#1417=ORIENTED_EDGE('',*,*,#2504,.T.);
#1418=ORIENTED_EDGE('',*,*,#2566,.T.);
#1419=ORIENTED_EDGE('',*,*,#2598,.F.);
#1420=ORIENTED_EDGE('',*,*,#2600,.F.);
#1421=ORIENTED_EDGE('',*,*,#2602,.F.);
#1422=ORIENTED_EDGE('',*,*,#2604,.F.);
#1423=ORIENTED_EDGE('',*,*,#2605,.F.);
#1424=ORIENTED_EDGE('',*,*,#2569,.T.);
#1425=ORIENTED_EDGE('',*,*,#2606,.F.);
#1426=ORIENTED_EDGE('',*,*,#2607,.F.);
#1427=ORIENTED_EDGE('',*,*,#2608,.F.);
#1428=ORIENTED_EDGE('',*,*,#2609,.F.);
#1429=ORIENTED_EDGE('',*,*,#2610,.F.);
#1430=ORIENTED_EDGE('',*,*,#2555,.T.);
#1431=ORIENTED_EDGE('',*,*,#2610,.T.);
#1432=ORIENTED_EDGE('',*,*,#2611,.F.);
#1433=ORIENTED_EDGE('',*,*,#2498,.T.);
#1434=ORIENTED_EDGE('',*,*,#2499,.T.);
#1435=ORIENTED_EDGE('',*,*,#2611,.T.);
#1436=ORIENTED_EDGE('',*,*,#2609,.T.);
#1437=ORIENTED_EDGE('',*,*,#2612,.F.);
#1438=ORIENTED_EDGE('',*,*,#2500,.T.);
#1439=ORIENTED_EDGE('',*,*,#2612,.T.);
#1440=ORIENTED_EDGE('',*,*,#2608,.T.);
#1441=ORIENTED_EDGE('',*,*,#2613,.F.);
#1442=ORIENTED_EDGE('',*,*,#2501,.T.);
#1443=ORIENTED_EDGE('',*,*,#2613,.T.);
#1444=ORIENTED_EDGE('',*,*,#2607,.T.);
#1445=ORIENTED_EDGE('',*,*,#2614,.F.);
#1446=ORIENTED_EDGE('',*,*,#2568,.T.);
#1447=ORIENTED_EDGE('',*,*,#2502,.T.);
#1448=ORIENTED_EDGE('',*,*,#2614,.T.);
#1449=ORIENTED_EDGE('',*,*,#2606,.T.);
#1450=ORIENTED_EDGE('',*,*,#2615,.T.);
#1451=ORIENTED_EDGE('',*,*,#2535,.F.);
#1452=ORIENTED_EDGE('',*,*,#2553,.F.);
#1453=ORIENTED_EDGE('',*,*,#2547,.F.);
#1454=ORIENTED_EDGE('',*,*,#2616,.T.);
#1455=ORIENTED_EDGE('',*,*,#2536,.F.);
#1456=ORIENTED_EDGE('',*,*,#2615,.F.);
#1457=ORIENTED_EDGE('',*,*,#2546,.F.);
#1458=ORIENTED_EDGE('',*,*,#2617,.T.);
#1459=ORIENTED_EDGE('',*,*,#2537,.F.);
#1460=ORIENTED_EDGE('',*,*,#2616,.F.);
#1461=ORIENTED_EDGE('',*,*,#2552,.F.);
#1462=ORIENTED_EDGE('',*,*,#2618,.T.);
#1463=ORIENTED_EDGE('',*,*,#2538,.F.);
#1464=ORIENTED_EDGE('',*,*,#2617,.F.);
#1465=ORIENTED_EDGE('',*,*,#2551,.F.);
#1466=ORIENTED_EDGE('',*,*,#2539,.F.);
#1467=ORIENTED_EDGE('',*,*,#2618,.F.);
#1468=ORIENTED_EDGE('',*,*,#2550,.F.);
#1469=ORIENTED_EDGE('',*,*,#2543,.F.);
#1470=ORIENTED_EDGE('',*,*,#2570,.T.);
#1471=ORIENTED_EDGE('',*,*,#2529,.T.);
#1472=ORIENTED_EDGE('',*,*,#2619,.F.);
#1473=ORIENTED_EDGE('',*,*,#2572,.T.);
#1474=ORIENTED_EDGE('',*,*,#2573,.T.);
#1475=ORIENTED_EDGE('',*,*,#2619,.T.);
#1476=ORIENTED_EDGE('',*,*,#2528,.T.);
#1477=ORIENTED_EDGE('',*,*,#2620,.F.);
#1478=ORIENTED_EDGE('',*,*,#2574,.T.);
#1479=ORIENTED_EDGE('',*,*,#2620,.T.);
#1480=ORIENTED_EDGE('',*,*,#2527,.T.);
#1481=ORIENTED_EDGE('',*,*,#2621,.F.);
#1482=ORIENTED_EDGE('',*,*,#2575,.T.);
#1483=ORIENTED_EDGE('',*,*,#2621,.T.);
#1484=ORIENTED_EDGE('',*,*,#2526,.T.);
#1485=ORIENTED_EDGE('',*,*,#2622,.F.);
#1486=ORIENTED_EDGE('',*,*,#2576,.T.);
#1487=ORIENTED_EDGE('',*,*,#2622,.T.);
#1488=ORIENTED_EDGE('',*,*,#2525,.T.);
#1489=ORIENTED_EDGE('',*,*,#2578,.T.);
#1490=ORIENTED_EDGE('',*,*,#2542,.T.);
#1491=ORIENTED_EDGE('',*,*,#2495,.T.);
#1492=ORIENTED_EDGE('',*,*,#2623,.T.);
#1493=ORIENTED_EDGE('',*,*,#2624,.F.);
#1494=ORIENTED_EDGE('',*,*,#2515,.F.);
#1495=ORIENTED_EDGE('',*,*,#2625,.F.);
#1496=ORIENTED_EDGE('',*,*,#2623,.F.);
#1497=ORIENTED_EDGE('',*,*,#2494,.F.);
#1498=ORIENTED_EDGE('',*,*,#2626,.F.);
#1499=ORIENTED_EDGE('',*,*,#2483,.F.);
#1500=ORIENTED_EDGE('',*,*,#2627,.F.);
#1501=ORIENTED_EDGE('',*,*,#2532,.T.);
#1502=ORIENTED_EDGE('',*,*,#2487,.T.);
#1503=ORIENTED_EDGE('',*,*,#2628,.F.);
#1504=ORIENTED_EDGE('',*,*,#2627,.T.);
#1505=ORIENTED_EDGE('',*,*,#2482,.F.);
#1506=ORIENTED_EDGE('',*,*,#2519,.T.);
#1507=ORIENTED_EDGE('',*,*,#2629,.T.);
#1508=ORIENTED_EDGE('',*,*,#2630,.F.);
#1509=ORIENTED_EDGE('',*,*,#2511,.F.);
#1510=ORIENTED_EDGE('',*,*,#2522,.F.);
#1511=ORIENTED_EDGE('',*,*,#2630,.T.);
#1512=ORIENTED_EDGE('',*,*,#2631,.T.);
#1513=ORIENTED_EDGE('',*,*,#2512,.T.);
#1514=ORIENTED_EDGE('',*,*,#2465,.T.);
#1515=ORIENTED_EDGE('',*,*,#2632,.T.);
#1516=ORIENTED_EDGE('',*,*,#2633,.T.);
#1517=ORIENTED_EDGE('',*,*,#2466,.T.);
#1518=ORIENTED_EDGE('',*,*,#2633,.F.);
#1519=ORIENTED_EDGE('',*,*,#2634,.F.);
#1520=ORIENTED_EDGE('',*,*,#2491,.F.);
#1521=ORIENTED_EDGE('',*,*,#2521,.F.);
#1522=ORIENTED_EDGE('',*,*,#2513,.T.);
#1523=ORIENTED_EDGE('',*,*,#2631,.F.);
#1524=ORIENTED_EDGE('',*,*,#2629,.F.);
#1525=ORIENTED_EDGE('',*,*,#2635,.F.);
#1526=ORIENTED_EDGE('',*,*,#2636,.F.);
#1527=ORIENTED_EDGE('',*,*,#2637,.F.);
#1528=ORIENTED_EDGE('',*,*,#2518,.T.);
#1529=ORIENTED_EDGE('',*,*,#2451,.F.);
#1530=ORIENTED_EDGE('',*,*,#2638,.F.);
#1531=ORIENTED_EDGE('',*,*,#2635,.T.);
#1532=ORIENTED_EDGE('',*,*,#2637,.T.);
#1533=ORIENTED_EDGE('',*,*,#2639,.T.);
#1534=ORIENTED_EDGE('',*,*,#2449,.F.);
#1535=ORIENTED_EDGE('',*,*,#2514,.F.);
#1536=ORIENTED_EDGE('',*,*,#2450,.F.);
#1537=ORIENTED_EDGE('',*,*,#2639,.F.);
#1538=ORIENTED_EDGE('',*,*,#2636,.T.);
#1539=ORIENTED_EDGE('',*,*,#2638,.T.);
#1540=ORIENTED_EDGE('',*,*,#2493,.T.);
#1541=ORIENTED_EDGE('',*,*,#2640,.F.);
#1542=ORIENTED_EDGE('',*,*,#2641,.F.);
#1543=ORIENTED_EDGE('',*,*,#2642,.F.);
#1544=ORIENTED_EDGE('',*,*,#2624,.T.);
#1545=ORIENTED_EDGE('',*,*,#2625,.T.);
#1546=ORIENTED_EDGE('',*,*,#2642,.T.);
#1547=ORIENTED_EDGE('',*,*,#2643,.T.);
#1548=ORIENTED_EDGE('',*,*,#2445,.F.);
#1549=ORIENTED_EDGE('',*,*,#2516,.F.);
#1550=ORIENTED_EDGE('',*,*,#2446,.F.);
#1551=ORIENTED_EDGE('',*,*,#2643,.F.);
#1552=ORIENTED_EDGE('',*,*,#2641,.T.);
#1553=ORIENTED_EDGE('',*,*,#2644,.T.);
#1554=ORIENTED_EDGE('',*,*,#2447,.F.);
#1555=ORIENTED_EDGE('',*,*,#2644,.F.);
#1556=ORIENTED_EDGE('',*,*,#2640,.T.);
#1557=ORIENTED_EDGE('',*,*,#2492,.F.);
#1558=ORIENTED_EDGE('',*,*,#2464,.T.);
#1559=ORIENTED_EDGE('',*,*,#2645,.F.);
#1560=ORIENTED_EDGE('',*,*,#2646,.F.);
#1561=ORIENTED_EDGE('',*,*,#2647,.F.);
#1562=ORIENTED_EDGE('',*,*,#2634,.T.);
#1563=ORIENTED_EDGE('',*,*,#2632,.F.);
#1564=ORIENTED_EDGE('',*,*,#2489,.T.);
#1565=ORIENTED_EDGE('',*,*,#2647,.T.);
#1566=ORIENTED_EDGE('',*,*,#2648,.T.);
#1567=ORIENTED_EDGE('',*,*,#2455,.F.);
#1568=ORIENTED_EDGE('',*,*,#2457,.F.);
#1569=ORIENTED_EDGE('',*,*,#2649,.F.);
#1570=ORIENTED_EDGE('',*,*,#2645,.T.);
#1571=ORIENTED_EDGE('',*,*,#2463,.F.);
#1572=ORIENTED_EDGE('',*,*,#2456,.F.);
#1573=ORIENTED_EDGE('',*,*,#2648,.F.);
#1574=ORIENTED_EDGE('',*,*,#2646,.T.);
#1575=ORIENTED_EDGE('',*,*,#2649,.T.);
#1576=ORIENTED_EDGE('',*,*,#2484,.T.);
#1577=ORIENTED_EDGE('',*,*,#2626,.T.);
#1578=ORIENTED_EDGE('',*,*,#2628,.T.);
#1579=ORIENTED_EDGE('',*,*,#2650,.F.);
#1580=ORIENTED_EDGE('',*,*,#2651,.F.);
#1581=ORIENTED_EDGE('',*,*,#2652,.F.);
#1582=ORIENTED_EDGE('',*,*,#2652,.T.);
#1583=ORIENTED_EDGE('',*,*,#2653,.T.);
#1584=ORIENTED_EDGE('',*,*,#2439,.F.);
#1585=ORIENTED_EDGE('',*,*,#2485,.F.);
#1586=ORIENTED_EDGE('',*,*,#2440,.F.);
#1587=ORIENTED_EDGE('',*,*,#2653,.F.);
#1588=ORIENTED_EDGE('',*,*,#2651,.T.);
#1589=ORIENTED_EDGE('',*,*,#2654,.T.);
#1590=ORIENTED_EDGE('',*,*,#2441,.F.);
#1591=ORIENTED_EDGE('',*,*,#2654,.F.);
#1592=ORIENTED_EDGE('',*,*,#2650,.T.);
#1593=ORIENTED_EDGE('',*,*,#2486,.F.);
#1594=ORIENTED_EDGE('',*,*,#2655,.T.);
#1595=ORIENTED_EDGE('',*,*,#2656,.T.);
#1596=ORIENTED_EDGE('',*,*,#2655,.F.);
#1597=ORIENTED_EDGE('',*,*,#2657,.T.);
#1598=ORIENTED_EDGE('',*,*,#2656,.F.);
#1599=ORIENTED_EDGE('',*,*,#2435,.T.);
#1600=ORIENTED_EDGE('',*,*,#2657,.F.);
#1601=ORIENTED_EDGE('',*,*,#2658,.T.);
#1602=ORIENTED_EDGE('',*,*,#2434,.T.);
#1603=ORIENTED_EDGE('',*,*,#2658,.F.);
#1604=ORIENTED_EDGE('',*,*,#2659,.T.);
#1605=ORIENTED_EDGE('',*,*,#2433,.T.);
#1606=ORIENTED_EDGE('',*,*,#2659,.F.);
#1607=ORIENTED_EDGE('',*,*,#2660,.F.);
#1608=ORIENTED_EDGE('',*,*,#2461,.F.);
#1609=ORIENTED_EDGE('',*,*,#2661,.T.);
#1610=ORIENTED_EDGE('',*,*,#2436,.T.);
#1611=ORIENTED_EDGE('',*,*,#2661,.F.);
#1612=ORIENTED_EDGE('',*,*,#2460,.F.);
#1613=ORIENTED_EDGE('',*,*,#2437,.F.);
#1614=ORIENTED_EDGE('',*,*,#2660,.T.);
#1615=ORIENTED_EDGE('',*,*,#2459,.T.);
#1616=ORIENTED_EDGE('',*,*,#2462,.T.);
#1617=ORIENTED_EDGE('',*,*,#2662,.T.);
#1618=ORIENTED_EDGE('',*,*,#2663,.F.);
#1619=ORIENTED_EDGE('',*,*,#2664,.F.);
#1620=ORIENTED_EDGE('',*,*,#2665,.T.);
#1621=ORIENTED_EDGE('',*,*,#2666,.T.);
#1622=ORIENTED_EDGE('',*,*,#2667,.F.);
#1623=ORIENTED_EDGE('',*,*,#2668,.F.);
#1624=ORIENTED_EDGE('',*,*,#2663,.T.);
#1625=ORIENTED_EDGE('',*,*,#2669,.T.);
#1626=ORIENTED_EDGE('',*,*,#2670,.F.);
#1627=ORIENTED_EDGE('',*,*,#2671,.F.);
#1628=ORIENTED_EDGE('',*,*,#2667,.T.);
#1629=ORIENTED_EDGE('',*,*,#2672,.F.);
#1630=ORIENTED_EDGE('',*,*,#2673,.F.);
#1631=ORIENTED_EDGE('',*,*,#2674,.T.);
#1632=ORIENTED_EDGE('',*,*,#2670,.T.);
#1633=ORIENTED_EDGE('',*,*,#2675,.T.);
#1634=ORIENTED_EDGE('',*,*,#2676,.F.);
#1635=ORIENTED_EDGE('',*,*,#2677,.F.);
#1636=ORIENTED_EDGE('',*,*,#2673,.T.);
#1637=ORIENTED_EDGE('',*,*,#2678,.T.);
#1638=ORIENTED_EDGE('',*,*,#2679,.F.);
#1639=ORIENTED_EDGE('',*,*,#2680,.F.);
#1640=ORIENTED_EDGE('',*,*,#2676,.T.);
#1641=ORIENTED_EDGE('',*,*,#2681,.T.);
#1642=ORIENTED_EDGE('',*,*,#2682,.F.);
#1643=ORIENTED_EDGE('',*,*,#2683,.F.);
#1644=ORIENTED_EDGE('',*,*,#2679,.T.);
#1645=ORIENTED_EDGE('',*,*,#2684,.T.);
#1646=ORIENTED_EDGE('',*,*,#2685,.F.);
#1647=ORIENTED_EDGE('',*,*,#2686,.F.);
#1648=ORIENTED_EDGE('',*,*,#2682,.T.);
#1649=ORIENTED_EDGE('',*,*,#2687,.T.);
#1650=ORIENTED_EDGE('',*,*,#2688,.F.);
#1651=ORIENTED_EDGE('',*,*,#2689,.F.);
#1652=ORIENTED_EDGE('',*,*,#2685,.T.);
#1653=ORIENTED_EDGE('',*,*,#2690,.T.);
#1654=ORIENTED_EDGE('',*,*,#2691,.F.);
#1655=ORIENTED_EDGE('',*,*,#2692,.F.);
#1656=ORIENTED_EDGE('',*,*,#2688,.T.);
#1657=ORIENTED_EDGE('',*,*,#2693,.T.);
#1658=ORIENTED_EDGE('',*,*,#2694,.F.);
#1659=ORIENTED_EDGE('',*,*,#2695,.F.);
#1660=ORIENTED_EDGE('',*,*,#2691,.T.);
#1661=ORIENTED_EDGE('',*,*,#2696,.T.);
#1662=ORIENTED_EDGE('',*,*,#2697,.F.);
#1663=ORIENTED_EDGE('',*,*,#2698,.F.);
#1664=ORIENTED_EDGE('',*,*,#2694,.T.);
#1665=ORIENTED_EDGE('',*,*,#2699,.T.);
#1666=ORIENTED_EDGE('',*,*,#2700,.F.);
#1667=ORIENTED_EDGE('',*,*,#2701,.F.);
#1668=ORIENTED_EDGE('',*,*,#2697,.T.);
#1669=ORIENTED_EDGE('',*,*,#2702,.T.);
#1670=ORIENTED_EDGE('',*,*,#2703,.F.);
#1671=ORIENTED_EDGE('',*,*,#2704,.F.);
#1672=ORIENTED_EDGE('',*,*,#2700,.T.);
#1673=ORIENTED_EDGE('',*,*,#2705,.T.);
#1674=ORIENTED_EDGE('',*,*,#2706,.F.);
#1675=ORIENTED_EDGE('',*,*,#2707,.F.);
#1676=ORIENTED_EDGE('',*,*,#2703,.T.);
#1677=ORIENTED_EDGE('',*,*,#2708,.F.);
#1678=ORIENTED_EDGE('',*,*,#2709,.F.);
#1679=ORIENTED_EDGE('',*,*,#2710,.T.);
#1680=ORIENTED_EDGE('',*,*,#2706,.T.);
#1681=ORIENTED_EDGE('',*,*,#2711,.T.);
#1682=ORIENTED_EDGE('',*,*,#2712,.F.);
#1683=ORIENTED_EDGE('',*,*,#2713,.F.);
#1684=ORIENTED_EDGE('',*,*,#2709,.T.);
#1685=ORIENTED_EDGE('',*,*,#2714,.T.);
#1686=ORIENTED_EDGE('',*,*,#2715,.F.);
#1687=ORIENTED_EDGE('',*,*,#2716,.F.);
#1688=ORIENTED_EDGE('',*,*,#2712,.T.);
#1689=ORIENTED_EDGE('',*,*,#2717,.T.);
#1690=ORIENTED_EDGE('',*,*,#2718,.F.);
#1691=ORIENTED_EDGE('',*,*,#2719,.F.);
#1692=ORIENTED_EDGE('',*,*,#2715,.T.);
#1693=ORIENTED_EDGE('',*,*,#2720,.T.);
#1694=ORIENTED_EDGE('',*,*,#2721,.F.);
#1695=ORIENTED_EDGE('',*,*,#2722,.F.);
#1696=ORIENTED_EDGE('',*,*,#2718,.T.);
#1697=ORIENTED_EDGE('',*,*,#2723,.T.);
#1698=ORIENTED_EDGE('',*,*,#2724,.F.);
#1699=ORIENTED_EDGE('',*,*,#2725,.F.);
#1700=ORIENTED_EDGE('',*,*,#2721,.T.);
#1701=ORIENTED_EDGE('',*,*,#2726,.F.);
#1702=ORIENTED_EDGE('',*,*,#2727,.F.);
#1703=ORIENTED_EDGE('',*,*,#2728,.T.);
#1704=ORIENTED_EDGE('',*,*,#2724,.T.);
#1705=ORIENTED_EDGE('',*,*,#2729,.T.);
#1706=ORIENTED_EDGE('',*,*,#2730,.F.);
#1707=ORIENTED_EDGE('',*,*,#2731,.F.);
#1708=ORIENTED_EDGE('',*,*,#2727,.T.);
#1709=ORIENTED_EDGE('',*,*,#2732,.T.);
#1710=ORIENTED_EDGE('',*,*,#2733,.F.);
#1711=ORIENTED_EDGE('',*,*,#2734,.F.);
#1712=ORIENTED_EDGE('',*,*,#2730,.T.);
#1713=ORIENTED_EDGE('',*,*,#2735,.T.);
#1714=ORIENTED_EDGE('',*,*,#2736,.F.);
#1715=ORIENTED_EDGE('',*,*,#2737,.F.);
#1716=ORIENTED_EDGE('',*,*,#2733,.T.);
#1717=ORIENTED_EDGE('',*,*,#2738,.T.);
#1718=ORIENTED_EDGE('',*,*,#2739,.F.);
#1719=ORIENTED_EDGE('',*,*,#2740,.F.);
#1720=ORIENTED_EDGE('',*,*,#2736,.T.);
#1721=ORIENTED_EDGE('',*,*,#2741,.T.);
#1722=ORIENTED_EDGE('',*,*,#2742,.F.);
#1723=ORIENTED_EDGE('',*,*,#2743,.F.);
#1724=ORIENTED_EDGE('',*,*,#2739,.T.);
#1725=ORIENTED_EDGE('',*,*,#2744,.T.);
#1726=ORIENTED_EDGE('',*,*,#2745,.F.);
#1727=ORIENTED_EDGE('',*,*,#2746,.F.);
#1728=ORIENTED_EDGE('',*,*,#2742,.T.);
#1729=ORIENTED_EDGE('',*,*,#2747,.T.);
#1730=ORIENTED_EDGE('',*,*,#2748,.F.);
#1731=ORIENTED_EDGE('',*,*,#2749,.F.);
#1732=ORIENTED_EDGE('',*,*,#2745,.T.);
#1733=ORIENTED_EDGE('',*,*,#2750,.T.);
#1734=ORIENTED_EDGE('',*,*,#2751,.F.);
#1735=ORIENTED_EDGE('',*,*,#2752,.F.);
#1736=ORIENTED_EDGE('',*,*,#2748,.T.);
#1737=ORIENTED_EDGE('',*,*,#2753,.T.);
#1738=ORIENTED_EDGE('',*,*,#2754,.F.);
#1739=ORIENTED_EDGE('',*,*,#2755,.F.);
#1740=ORIENTED_EDGE('',*,*,#2751,.T.);
#1741=ORIENTED_EDGE('',*,*,#2756,.T.);
#1742=ORIENTED_EDGE('',*,*,#2757,.F.);
#1743=ORIENTED_EDGE('',*,*,#2758,.F.);
#1744=ORIENTED_EDGE('',*,*,#2754,.T.);
#1745=ORIENTED_EDGE('',*,*,#2759,.T.);
#1746=ORIENTED_EDGE('',*,*,#2760,.F.);
#1747=ORIENTED_EDGE('',*,*,#2761,.F.);
#1748=ORIENTED_EDGE('',*,*,#2757,.T.);
#1749=ORIENTED_EDGE('',*,*,#2762,.F.);
#1750=ORIENTED_EDGE('',*,*,#2763,.F.);
#1751=ORIENTED_EDGE('',*,*,#2764,.T.);
#1752=ORIENTED_EDGE('',*,*,#2760,.T.);
#1753=ORIENTED_EDGE('',*,*,#2765,.T.);
#1754=ORIENTED_EDGE('',*,*,#2766,.F.);
#1755=ORIENTED_EDGE('',*,*,#2767,.F.);
#1756=ORIENTED_EDGE('',*,*,#2763,.T.);
#1757=ORIENTED_EDGE('',*,*,#2768,.T.);
#1758=ORIENTED_EDGE('',*,*,#2665,.F.);
#1759=ORIENTED_EDGE('',*,*,#2769,.F.);
#1760=ORIENTED_EDGE('',*,*,#2766,.T.);
#1761=ORIENTED_EDGE('',*,*,#2770,.T.);
#1762=ORIENTED_EDGE('',*,*,#2664,.T.);
#1763=ORIENTED_EDGE('',*,*,#2668,.T.);
#1764=ORIENTED_EDGE('',*,*,#2671,.T.);
#1765=ORIENTED_EDGE('',*,*,#2674,.F.);
#1766=ORIENTED_EDGE('',*,*,#2677,.T.);
#1767=ORIENTED_EDGE('',*,*,#2680,.T.);
#1768=ORIENTED_EDGE('',*,*,#2683,.T.);
#1769=ORIENTED_EDGE('',*,*,#2686,.T.);
#1770=ORIENTED_EDGE('',*,*,#2689,.T.);
#1771=ORIENTED_EDGE('',*,*,#2692,.T.);
#1772=ORIENTED_EDGE('',*,*,#2695,.T.);
#1773=ORIENTED_EDGE('',*,*,#2698,.T.);
#1774=ORIENTED_EDGE('',*,*,#2701,.T.);
#1775=ORIENTED_EDGE('',*,*,#2704,.T.);
#1776=ORIENTED_EDGE('',*,*,#2707,.T.);
#1777=ORIENTED_EDGE('',*,*,#2710,.F.);
#1778=ORIENTED_EDGE('',*,*,#2713,.T.);
#1779=ORIENTED_EDGE('',*,*,#2716,.T.);
#1780=ORIENTED_EDGE('',*,*,#2719,.T.);
#1781=ORIENTED_EDGE('',*,*,#2722,.T.);
#1782=ORIENTED_EDGE('',*,*,#2725,.T.);
#1783=ORIENTED_EDGE('',*,*,#2728,.F.);
#1784=ORIENTED_EDGE('',*,*,#2731,.T.);
#1785=ORIENTED_EDGE('',*,*,#2734,.T.);
#1786=ORIENTED_EDGE('',*,*,#2737,.T.);
#1787=ORIENTED_EDGE('',*,*,#2740,.T.);
#1788=ORIENTED_EDGE('',*,*,#2743,.T.);
#1789=ORIENTED_EDGE('',*,*,#2746,.T.);
#1790=ORIENTED_EDGE('',*,*,#2749,.T.);
#1791=ORIENTED_EDGE('',*,*,#2752,.T.);
#1792=ORIENTED_EDGE('',*,*,#2755,.T.);
#1793=ORIENTED_EDGE('',*,*,#2758,.T.);
#1794=ORIENTED_EDGE('',*,*,#2761,.T.);
#1795=ORIENTED_EDGE('',*,*,#2764,.F.);
#1796=ORIENTED_EDGE('',*,*,#2767,.T.);
#1797=ORIENTED_EDGE('',*,*,#2769,.T.);
#1798=ORIENTED_EDGE('',*,*,#2662,.F.);
#1799=ORIENTED_EDGE('',*,*,#2768,.F.);
#1800=ORIENTED_EDGE('',*,*,#2765,.F.);
#1801=ORIENTED_EDGE('',*,*,#2762,.T.);
#1802=ORIENTED_EDGE('',*,*,#2759,.F.);
#1803=ORIENTED_EDGE('',*,*,#2756,.F.);
#1804=ORIENTED_EDGE('',*,*,#2753,.F.);
#1805=ORIENTED_EDGE('',*,*,#2750,.F.);
#1806=ORIENTED_EDGE('',*,*,#2747,.F.);
#1807=ORIENTED_EDGE('',*,*,#2744,.F.);
#1808=ORIENTED_EDGE('',*,*,#2741,.F.);
#1809=ORIENTED_EDGE('',*,*,#2738,.F.);
#1810=ORIENTED_EDGE('',*,*,#2735,.F.);
#1811=ORIENTED_EDGE('',*,*,#2732,.F.);
#1812=ORIENTED_EDGE('',*,*,#2729,.F.);
#1813=ORIENTED_EDGE('',*,*,#2726,.T.);
#1814=ORIENTED_EDGE('',*,*,#2723,.F.);
#1815=ORIENTED_EDGE('',*,*,#2720,.F.);
#1816=ORIENTED_EDGE('',*,*,#2717,.F.);
#1817=ORIENTED_EDGE('',*,*,#2714,.F.);
#1818=ORIENTED_EDGE('',*,*,#2711,.F.);
#1819=ORIENTED_EDGE('',*,*,#2708,.T.);
#1820=ORIENTED_EDGE('',*,*,#2705,.F.);
#1821=ORIENTED_EDGE('',*,*,#2702,.F.);
#1822=ORIENTED_EDGE('',*,*,#2699,.F.);
#1823=ORIENTED_EDGE('',*,*,#2696,.F.);
#1824=ORIENTED_EDGE('',*,*,#2693,.F.);
#1825=ORIENTED_EDGE('',*,*,#2690,.F.);
#1826=ORIENTED_EDGE('',*,*,#2687,.F.);
#1827=ORIENTED_EDGE('',*,*,#2684,.F.);
#1828=ORIENTED_EDGE('',*,*,#2681,.F.);
#1829=ORIENTED_EDGE('',*,*,#2678,.F.);
#1830=ORIENTED_EDGE('',*,*,#2675,.F.);
#1831=ORIENTED_EDGE('',*,*,#2672,.T.);
#1832=ORIENTED_EDGE('',*,*,#2669,.F.);
#1833=ORIENTED_EDGE('',*,*,#2666,.F.);
#1834=ORIENTED_EDGE('',*,*,#2771,.F.);
#1835=ORIENTED_EDGE('',*,*,#2771,.T.);
#1836=ORIENTED_EDGE('',*,*,#2772,.F.);
#1837=ORIENTED_EDGE('',*,*,#2773,.F.);
#1838=ORIENTED_EDGE('',*,*,#2772,.T.);
#1839=ORIENTED_EDGE('',*,*,#2773,.T.);
#1840=ORIENTED_EDGE('',*,*,#2774,.F.);
#1841=ORIENTED_EDGE('',*,*,#2770,.F.);
#1842=ORIENTED_EDGE('',*,*,#2774,.T.);
#1843=ORIENTED_EDGE('',*,*,#2775,.F.);
#1844=ORIENTED_EDGE('',*,*,#2776,.F.);
#1845=ORIENTED_EDGE('',*,*,#2777,.T.);
#1846=ORIENTED_EDGE('',*,*,#2778,.F.);
#1847=ORIENTED_EDGE('',*,*,#2779,.F.);
#1848=ORIENTED_EDGE('',*,*,#2780,.F.);
#1849=ORIENTED_EDGE('',*,*,#2781,.F.);
#1850=ORIENTED_EDGE('',*,*,#2782,.F.);
#1851=ORIENTED_EDGE('',*,*,#2783,.T.);
#1852=ORIENTED_EDGE('',*,*,#2784,.F.);
#1853=ORIENTED_EDGE('',*,*,#2785,.F.);
#1854=ORIENTED_EDGE('',*,*,#2786,.F.);
#1855=ORIENTED_EDGE('',*,*,#2787,.F.);
#1856=ORIENTED_EDGE('',*,*,#2788,.F.);
#1857=ORIENTED_EDGE('',*,*,#2789,.F.);
#1858=ORIENTED_EDGE('',*,*,#2790,.F.);
#1859=ORIENTED_EDGE('',*,*,#2791,.F.);
#1860=ORIENTED_EDGE('',*,*,#2792,.F.);
#1861=ORIENTED_EDGE('',*,*,#2793,.F.);
#1862=ORIENTED_EDGE('',*,*,#2794,.F.);
#1863=ORIENTED_EDGE('',*,*,#2795,.F.);
#1864=ORIENTED_EDGE('',*,*,#2796,.F.);
#1865=ORIENTED_EDGE('',*,*,#2797,.F.);
#1866=ORIENTED_EDGE('',*,*,#2798,.F.);
#1867=ORIENTED_EDGE('',*,*,#2799,.F.);
#1868=ORIENTED_EDGE('',*,*,#2800,.F.);
#1869=ORIENTED_EDGE('',*,*,#2801,.F.);
#1870=ORIENTED_EDGE('',*,*,#2802,.F.);
#1871=ORIENTED_EDGE('',*,*,#2803,.F.);
#1872=ORIENTED_EDGE('',*,*,#2804,.F.);
#1873=ORIENTED_EDGE('',*,*,#2805,.F.);
#1874=ORIENTED_EDGE('',*,*,#2806,.F.);
#1875=ORIENTED_EDGE('',*,*,#2807,.F.);
#1876=ORIENTED_EDGE('',*,*,#2807,.T.);
#1877=ORIENTED_EDGE('',*,*,#2808,.F.);
#1878=ORIENTED_EDGE('',*,*,#2809,.F.);
#1879=ORIENTED_EDGE('',*,*,#2810,.T.);
#1880=ORIENTED_EDGE('',*,*,#2806,.T.);
#1881=ORIENTED_EDGE('',*,*,#2811,.F.);
#1882=ORIENTED_EDGE('',*,*,#2812,.F.);
#1883=ORIENTED_EDGE('',*,*,#2808,.T.);
#1884=ORIENTED_EDGE('',*,*,#2805,.T.);
#1885=ORIENTED_EDGE('',*,*,#2813,.F.);
#1886=ORIENTED_EDGE('',*,*,#2814,.F.);
#1887=ORIENTED_EDGE('',*,*,#2811,.T.);
#1888=ORIENTED_EDGE('',*,*,#2804,.T.);
#1889=ORIENTED_EDGE('',*,*,#2815,.F.);
#1890=ORIENTED_EDGE('',*,*,#2816,.F.);
#1891=ORIENTED_EDGE('',*,*,#2813,.T.);
#1892=ORIENTED_EDGE('',*,*,#2803,.T.);
#1893=ORIENTED_EDGE('',*,*,#2817,.F.);
#1894=ORIENTED_EDGE('',*,*,#2818,.F.);
#1895=ORIENTED_EDGE('',*,*,#2815,.T.);
#1896=ORIENTED_EDGE('',*,*,#2802,.T.);
#1897=ORIENTED_EDGE('',*,*,#2819,.F.);
#1898=ORIENTED_EDGE('',*,*,#2820,.F.);
#1899=ORIENTED_EDGE('',*,*,#2817,.T.);
#1900=ORIENTED_EDGE('',*,*,#2801,.T.);
#1901=ORIENTED_EDGE('',*,*,#2821,.F.);
#1902=ORIENTED_EDGE('',*,*,#2822,.F.);
#1903=ORIENTED_EDGE('',*,*,#2819,.T.);
#1904=ORIENTED_EDGE('',*,*,#2800,.T.);
#1905=ORIENTED_EDGE('',*,*,#2823,.F.);
#1906=ORIENTED_EDGE('',*,*,#2824,.F.);
#1907=ORIENTED_EDGE('',*,*,#2821,.T.);
#1908=ORIENTED_EDGE('',*,*,#2823,.T.);
#1909=ORIENTED_EDGE('',*,*,#2825,.T.);
#1910=ORIENTED_EDGE('',*,*,#2826,.F.);
#1911=ORIENTED_EDGE('',*,*,#2827,.F.);
#1912=ORIENTED_EDGE('',*,*,#2828,.F.);
#1913=ORIENTED_EDGE('',*,*,#2829,.T.);
#1914=ORIENTED_EDGE('',*,*,#2830,.T.);
#1915=ORIENTED_EDGE('',*,*,#2831,.T.);
#1916=ORIENTED_EDGE('',*,*,#2832,.F.);
#1917=ORIENTED_EDGE('',*,*,#2833,.F.);
#1918=ORIENTED_EDGE('',*,*,#2798,.T.);
#1919=ORIENTED_EDGE('',*,*,#2834,.F.);
#1920=ORIENTED_EDGE('',*,*,#2835,.F.);
#1921=ORIENTED_EDGE('',*,*,#2832,.T.);
#1922=ORIENTED_EDGE('',*,*,#2797,.T.);
#1923=ORIENTED_EDGE('',*,*,#2836,.F.);
#1924=ORIENTED_EDGE('',*,*,#2837,.F.);
#1925=ORIENTED_EDGE('',*,*,#2834,.T.);
#1926=ORIENTED_EDGE('',*,*,#2796,.T.);
#1927=ORIENTED_EDGE('',*,*,#2838,.F.);
#1928=ORIENTED_EDGE('',*,*,#2839,.F.);
#1929=ORIENTED_EDGE('',*,*,#2836,.T.);
#1930=ORIENTED_EDGE('',*,*,#2795,.T.);
#1931=ORIENTED_EDGE('',*,*,#2840,.F.);
#1932=ORIENTED_EDGE('',*,*,#2841,.F.);
#1933=ORIENTED_EDGE('',*,*,#2838,.T.);
#1934=ORIENTED_EDGE('',*,*,#2794,.T.);
#1935=ORIENTED_EDGE('',*,*,#2842,.F.);
#1936=ORIENTED_EDGE('',*,*,#2843,.F.);
#1937=ORIENTED_EDGE('',*,*,#2840,.T.);
#1938=ORIENTED_EDGE('',*,*,#2842,.T.);
#1939=ORIENTED_EDGE('',*,*,#2844,.T.);
#1940=ORIENTED_EDGE('',*,*,#2845,.F.);
#1941=ORIENTED_EDGE('',*,*,#2846,.F.);
#1942=ORIENTED_EDGE('',*,*,#2847,.F.);
#1943=ORIENTED_EDGE('',*,*,#2846,.T.);
#1944=ORIENTED_EDGE('',*,*,#2848,.T.);
#1945=ORIENTED_EDGE('',*,*,#2849,.T.);
#1946=ORIENTED_EDGE('',*,*,#2850,.T.);
#1947=ORIENTED_EDGE('',*,*,#2851,.F.);
#1948=ORIENTED_EDGE('',*,*,#2852,.T.);
#1949=ORIENTED_EDGE('',*,*,#2853,.T.);
#1950=ORIENTED_EDGE('',*,*,#2854,.T.);
#1951=ORIENTED_EDGE('',*,*,#2855,.F.);
#1952=ORIENTED_EDGE('',*,*,#2856,.T.);
#1953=ORIENTED_EDGE('',*,*,#2857,.T.);
#1954=ORIENTED_EDGE('',*,*,#2858,.T.);
#1955=ORIENTED_EDGE('',*,*,#2829,.F.);
#1956=ORIENTED_EDGE('',*,*,#2859,.F.);
#1957=ORIENTED_EDGE('',*,*,#2827,.T.);
#1958=ORIENTED_EDGE('',*,*,#2860,.T.);
#1959=ORIENTED_EDGE('',*,*,#2861,.T.);
#1960=ORIENTED_EDGE('',*,*,#2862,.T.);
#1961=ORIENTED_EDGE('',*,*,#2863,.F.);
#1962=ORIENTED_EDGE('',*,*,#2864,.T.);
#1963=ORIENTED_EDGE('',*,*,#2865,.T.);
#1964=ORIENTED_EDGE('',*,*,#2866,.T.);
#1965=ORIENTED_EDGE('',*,*,#2867,.F.);
#1966=ORIENTED_EDGE('',*,*,#2868,.F.);
#1967=ORIENTED_EDGE('',*,*,#2867,.T.);
#1968=ORIENTED_EDGE('',*,*,#2869,.T.);
#1969=ORIENTED_EDGE('',*,*,#2870,.T.);
#1970=ORIENTED_EDGE('',*,*,#2871,.F.);
#1971=ORIENTED_EDGE('',*,*,#2872,.F.);
#1972=ORIENTED_EDGE('',*,*,#2792,.T.);
#1973=ORIENTED_EDGE('',*,*,#2873,.F.);
#1974=ORIENTED_EDGE('',*,*,#2874,.F.);
#1975=ORIENTED_EDGE('',*,*,#2871,.T.);
#1976=ORIENTED_EDGE('',*,*,#2791,.T.);
#1977=ORIENTED_EDGE('',*,*,#2875,.F.);
#1978=ORIENTED_EDGE('',*,*,#2876,.F.);
#1979=ORIENTED_EDGE('',*,*,#2873,.T.);
#1980=ORIENTED_EDGE('',*,*,#2790,.T.);
#1981=ORIENTED_EDGE('',*,*,#2877,.F.);
#1982=ORIENTED_EDGE('',*,*,#2878,.F.);
#1983=ORIENTED_EDGE('',*,*,#2875,.T.);
#1984=ORIENTED_EDGE('',*,*,#2789,.T.);
#1985=ORIENTED_EDGE('',*,*,#2879,.F.);
#1986=ORIENTED_EDGE('',*,*,#2880,.F.);
#1987=ORIENTED_EDGE('',*,*,#2877,.T.);
#1988=ORIENTED_EDGE('',*,*,#2788,.T.);
#1989=ORIENTED_EDGE('',*,*,#2881,.F.);
#1990=ORIENTED_EDGE('',*,*,#2882,.F.);
#1991=ORIENTED_EDGE('',*,*,#2879,.T.);
#1992=ORIENTED_EDGE('',*,*,#2787,.T.);
#1993=ORIENTED_EDGE('',*,*,#2883,.F.);
#1994=ORIENTED_EDGE('',*,*,#2884,.F.);
#1995=ORIENTED_EDGE('',*,*,#2881,.T.);
#1996=ORIENTED_EDGE('',*,*,#2786,.T.);
#1997=ORIENTED_EDGE('',*,*,#2885,.F.);
#1998=ORIENTED_EDGE('',*,*,#2886,.F.);
#1999=ORIENTED_EDGE('',*,*,#2883,.T.);
#2000=ORIENTED_EDGE('',*,*,#2785,.T.);
#2001=ORIENTED_EDGE('',*,*,#2887,.F.);
#2002=ORIENTED_EDGE('',*,*,#2888,.F.);
#2003=ORIENTED_EDGE('',*,*,#2885,.T.);
#2004=ORIENTED_EDGE('',*,*,#2784,.T.);
#2005=ORIENTED_EDGE('',*,*,#2889,.F.);
#2006=ORIENTED_EDGE('',*,*,#2890,.F.);
#2007=ORIENTED_EDGE('',*,*,#2887,.T.);
#2008=ORIENTED_EDGE('',*,*,#2889,.T.);
#2009=ORIENTED_EDGE('',*,*,#2891,.F.);
#2010=ORIENTED_EDGE('',*,*,#2892,.F.);
#2011=ORIENTED_EDGE('',*,*,#2893,.F.);
#2012=ORIENTED_EDGE('',*,*,#2894,.F.);
#2013=ORIENTED_EDGE('',*,*,#2895,.T.);
#2014=ORIENTED_EDGE('',*,*,#2896,.T.);
#2015=ORIENTED_EDGE('',*,*,#2897,.F.);
#2016=ORIENTED_EDGE('',*,*,#2898,.F.);
#2017=ORIENTED_EDGE('',*,*,#2899,.F.);
#2018=ORIENTED_EDGE('',*,*,#2782,.T.);
#2019=ORIENTED_EDGE('',*,*,#2900,.F.);
#2020=ORIENTED_EDGE('',*,*,#2901,.F.);
#2021=ORIENTED_EDGE('',*,*,#2898,.T.);
#2022=ORIENTED_EDGE('',*,*,#2781,.T.);
#2023=ORIENTED_EDGE('',*,*,#2902,.F.);
#2024=ORIENTED_EDGE('',*,*,#2903,.F.);
#2025=ORIENTED_EDGE('',*,*,#2900,.T.);
#2026=ORIENTED_EDGE('',*,*,#2780,.T.);
#2027=ORIENTED_EDGE('',*,*,#2904,.F.);
#2028=ORIENTED_EDGE('',*,*,#2905,.F.);
#2029=ORIENTED_EDGE('',*,*,#2902,.T.);
#2030=ORIENTED_EDGE('',*,*,#2779,.T.);
#2031=ORIENTED_EDGE('',*,*,#2906,.F.);
#2032=ORIENTED_EDGE('',*,*,#2907,.F.);
#2033=ORIENTED_EDGE('',*,*,#2904,.T.);
#2034=ORIENTED_EDGE('',*,*,#2778,.T.);
#2035=ORIENTED_EDGE('',*,*,#2908,.F.);
#2036=ORIENTED_EDGE('',*,*,#2909,.F.);
#2037=ORIENTED_EDGE('',*,*,#2906,.T.);
#2038=ORIENTED_EDGE('',*,*,#2908,.T.);
#2039=ORIENTED_EDGE('',*,*,#2910,.F.);
#2040=ORIENTED_EDGE('',*,*,#2911,.F.);
#2041=ORIENTED_EDGE('',*,*,#2912,.F.);
#2042=ORIENTED_EDGE('',*,*,#2913,.F.);
#2043=ORIENTED_EDGE('',*,*,#2912,.T.);
#2044=ORIENTED_EDGE('',*,*,#2914,.F.);
#2045=ORIENTED_EDGE('',*,*,#2915,.F.);
#2046=ORIENTED_EDGE('',*,*,#2916,.F.);
#2047=ORIENTED_EDGE('',*,*,#2917,.T.);
#2048=ORIENTED_EDGE('',*,*,#2918,.F.);
#2049=ORIENTED_EDGE('',*,*,#2919,.F.);
#2050=ORIENTED_EDGE('',*,*,#2920,.F.);
#2051=ORIENTED_EDGE('',*,*,#2921,.T.);
#2052=ORIENTED_EDGE('',*,*,#2922,.F.);
#2053=ORIENTED_EDGE('',*,*,#2923,.F.);
#2054=ORIENTED_EDGE('',*,*,#2924,.F.);
#2055=ORIENTED_EDGE('',*,*,#2895,.F.);
#2056=ORIENTED_EDGE('',*,*,#2925,.F.);
#2057=ORIENTED_EDGE('',*,*,#2893,.T.);
#2058=ORIENTED_EDGE('',*,*,#2926,.F.);
#2059=ORIENTED_EDGE('',*,*,#2927,.F.);
#2060=ORIENTED_EDGE('',*,*,#2928,.F.);
#2061=ORIENTED_EDGE('',*,*,#2929,.T.);
#2062=ORIENTED_EDGE('',*,*,#2930,.F.);
#2063=ORIENTED_EDGE('',*,*,#2931,.F.);
#2064=ORIENTED_EDGE('',*,*,#2932,.F.);
#2065=ORIENTED_EDGE('',*,*,#2933,.F.);
#2066=ORIENTED_EDGE('',*,*,#2934,.F.);
#2067=ORIENTED_EDGE('',*,*,#2933,.T.);
#2068=ORIENTED_EDGE('',*,*,#2935,.T.);
#2069=ORIENTED_EDGE('',*,*,#2936,.F.);
#2070=ORIENTED_EDGE('',*,*,#2937,.F.);
#2071=ORIENTED_EDGE('',*,*,#2938,.F.);
#2072=ORIENTED_EDGE('',*,*,#2776,.T.);
#2073=ORIENTED_EDGE('',*,*,#2810,.F.);
#2074=ORIENTED_EDGE('',*,*,#2939,.F.);
#2075=ORIENTED_EDGE('',*,*,#2937,.T.);
#2076=ORIENTED_EDGE('',*,*,#2940,.T.);
#2077=ORIENTED_EDGE('',*,*,#2909,.T.);
#2078=ORIENTED_EDGE('',*,*,#2913,.T.);
#2079=ORIENTED_EDGE('',*,*,#2934,.T.);
#2080=ORIENTED_EDGE('',*,*,#2938,.T.);
#2081=ORIENTED_EDGE('',*,*,#2939,.T.);
#2082=ORIENTED_EDGE('',*,*,#2809,.T.);
#2083=ORIENTED_EDGE('',*,*,#2812,.T.);
#2084=ORIENTED_EDGE('',*,*,#2814,.T.);
#2085=ORIENTED_EDGE('',*,*,#2816,.T.);
#2086=ORIENTED_EDGE('',*,*,#2818,.T.);
#2087=ORIENTED_EDGE('',*,*,#2820,.T.);
#2088=ORIENTED_EDGE('',*,*,#2822,.T.);
#2089=ORIENTED_EDGE('',*,*,#2824,.T.);
#2090=ORIENTED_EDGE('',*,*,#2828,.T.);
#2091=ORIENTED_EDGE('',*,*,#2859,.T.);
#2092=ORIENTED_EDGE('',*,*,#2833,.T.);
#2093=ORIENTED_EDGE('',*,*,#2835,.T.);
#2094=ORIENTED_EDGE('',*,*,#2837,.T.);
#2095=ORIENTED_EDGE('',*,*,#2839,.T.);
#2096=ORIENTED_EDGE('',*,*,#2841,.T.);
#2097=ORIENTED_EDGE('',*,*,#2843,.T.);
#2098=ORIENTED_EDGE('',*,*,#2847,.T.);
#2099=ORIENTED_EDGE('',*,*,#2868,.T.);
#2100=ORIENTED_EDGE('',*,*,#2872,.T.);
#2101=ORIENTED_EDGE('',*,*,#2874,.T.);
#2102=ORIENTED_EDGE('',*,*,#2876,.T.);
#2103=ORIENTED_EDGE('',*,*,#2878,.T.);
#2104=ORIENTED_EDGE('',*,*,#2880,.T.);
#2105=ORIENTED_EDGE('',*,*,#2882,.T.);
#2106=ORIENTED_EDGE('',*,*,#2884,.T.);
#2107=ORIENTED_EDGE('',*,*,#2886,.T.);
#2108=ORIENTED_EDGE('',*,*,#2888,.T.);
#2109=ORIENTED_EDGE('',*,*,#2890,.T.);
#2110=ORIENTED_EDGE('',*,*,#2894,.T.);
#2111=ORIENTED_EDGE('',*,*,#2925,.T.);
#2112=ORIENTED_EDGE('',*,*,#2899,.T.);
#2113=ORIENTED_EDGE('',*,*,#2901,.T.);
#2114=ORIENTED_EDGE('',*,*,#2903,.T.);
#2115=ORIENTED_EDGE('',*,*,#2905,.T.);
#2116=ORIENTED_EDGE('',*,*,#2907,.T.);
#2117=ORIENTED_EDGE('',*,*,#2825,.F.);
#2118=ORIENTED_EDGE('',*,*,#2799,.T.);
#2119=ORIENTED_EDGE('',*,*,#2831,.F.);
#2120=ORIENTED_EDGE('',*,*,#2941,.F.);
#2121=ORIENTED_EDGE('',*,*,#2942,.F.);
#2122=ORIENTED_EDGE('',*,*,#2943,.F.);
#2123=ORIENTED_EDGE('',*,*,#2944,.T.);
#2124=ORIENTED_EDGE('',*,*,#2945,.F.);
#2125=ORIENTED_EDGE('',*,*,#2946,.F.);
#2126=ORIENTED_EDGE('',*,*,#2947,.F.);
#2127=ORIENTED_EDGE('',*,*,#2948,.T.);
#2128=ORIENTED_EDGE('',*,*,#2949,.F.);
#2129=ORIENTED_EDGE('',*,*,#2950,.F.);
#2130=ORIENTED_EDGE('',*,*,#2951,.F.);
#2131=ORIENTED_EDGE('',*,*,#2844,.F.);
#2132=ORIENTED_EDGE('',*,*,#2793,.T.);
#2133=ORIENTED_EDGE('',*,*,#2870,.F.);
#2134=ORIENTED_EDGE('',*,*,#2952,.F.);
#2135=ORIENTED_EDGE('',*,*,#2953,.F.);
#2136=ORIENTED_EDGE('',*,*,#2954,.F.);
#2137=ORIENTED_EDGE('',*,*,#2955,.T.);
#2138=ORIENTED_EDGE('',*,*,#2956,.F.);
#2139=ORIENTED_EDGE('',*,*,#2957,.F.);
#2140=ORIENTED_EDGE('',*,*,#2958,.F.);
#2141=ORIENTED_EDGE('',*,*,#2958,.T.);
#2142=ORIENTED_EDGE('',*,*,#2959,.F.);
#2143=ORIENTED_EDGE('',*,*,#2860,.F.);
#2144=ORIENTED_EDGE('',*,*,#2826,.T.);
#2145=ORIENTED_EDGE('',*,*,#2957,.T.);
#2146=ORIENTED_EDGE('',*,*,#2960,.F.);
#2147=ORIENTED_EDGE('',*,*,#2861,.F.);
#2148=ORIENTED_EDGE('',*,*,#2959,.T.);
#2149=ORIENTED_EDGE('',*,*,#2956,.T.);
#2150=ORIENTED_EDGE('',*,*,#2961,.F.);
#2151=ORIENTED_EDGE('',*,*,#2862,.F.);
#2152=ORIENTED_EDGE('',*,*,#2960,.T.);
#2153=ORIENTED_EDGE('',*,*,#2955,.F.);
#2154=ORIENTED_EDGE('',*,*,#2962,.F.);
#2155=ORIENTED_EDGE('',*,*,#2863,.T.);
#2156=ORIENTED_EDGE('',*,*,#2961,.T.);
#2157=ORIENTED_EDGE('',*,*,#2954,.T.);
#2158=ORIENTED_EDGE('',*,*,#2963,.F.);
#2159=ORIENTED_EDGE('',*,*,#2864,.F.);
#2160=ORIENTED_EDGE('',*,*,#2962,.T.);
#2161=ORIENTED_EDGE('',*,*,#2953,.T.);
#2162=ORIENTED_EDGE('',*,*,#2964,.F.);
#2163=ORIENTED_EDGE('',*,*,#2865,.F.);
#2164=ORIENTED_EDGE('',*,*,#2963,.T.);
#2165=ORIENTED_EDGE('',*,*,#2952,.T.);
#2166=ORIENTED_EDGE('',*,*,#2869,.F.);
#2167=ORIENTED_EDGE('',*,*,#2866,.F.);
#2168=ORIENTED_EDGE('',*,*,#2964,.T.);
#2169=ORIENTED_EDGE('',*,*,#2951,.T.);
#2170=ORIENTED_EDGE('',*,*,#2965,.F.);
#2171=ORIENTED_EDGE('',*,*,#2848,.F.);
#2172=ORIENTED_EDGE('',*,*,#2845,.T.);
#2173=ORIENTED_EDGE('',*,*,#2950,.T.);
#2174=ORIENTED_EDGE('',*,*,#2966,.F.);
#2175=ORIENTED_EDGE('',*,*,#2849,.F.);
#2176=ORIENTED_EDGE('',*,*,#2965,.T.);
#2177=ORIENTED_EDGE('',*,*,#2949,.T.);
#2178=ORIENTED_EDGE('',*,*,#2967,.F.);
#2179=ORIENTED_EDGE('',*,*,#2850,.F.);
#2180=ORIENTED_EDGE('',*,*,#2966,.T.);
#2181=ORIENTED_EDGE('',*,*,#2948,.F.);
#2182=ORIENTED_EDGE('',*,*,#2968,.F.);
#2183=ORIENTED_EDGE('',*,*,#2851,.T.);
#2184=ORIENTED_EDGE('',*,*,#2967,.T.);
#2185=ORIENTED_EDGE('',*,*,#2947,.T.);
#2186=ORIENTED_EDGE('',*,*,#2969,.F.);
#2187=ORIENTED_EDGE('',*,*,#2852,.F.);
#2188=ORIENTED_EDGE('',*,*,#2968,.T.);
#2189=ORIENTED_EDGE('',*,*,#2946,.T.);
#2190=ORIENTED_EDGE('',*,*,#2970,.F.);
#2191=ORIENTED_EDGE('',*,*,#2853,.F.);
#2192=ORIENTED_EDGE('',*,*,#2969,.T.);
#2193=ORIENTED_EDGE('',*,*,#2945,.T.);
#2194=ORIENTED_EDGE('',*,*,#2971,.F.);
#2195=ORIENTED_EDGE('',*,*,#2854,.F.);
#2196=ORIENTED_EDGE('',*,*,#2970,.T.);
#2197=ORIENTED_EDGE('',*,*,#2944,.F.);
#2198=ORIENTED_EDGE('',*,*,#2972,.F.);
#2199=ORIENTED_EDGE('',*,*,#2855,.T.);
#2200=ORIENTED_EDGE('',*,*,#2971,.T.);
#2201=ORIENTED_EDGE('',*,*,#2943,.T.);
#2202=ORIENTED_EDGE('',*,*,#2973,.F.);
#2203=ORIENTED_EDGE('',*,*,#2856,.F.);
#2204=ORIENTED_EDGE('',*,*,#2972,.T.);
#2205=ORIENTED_EDGE('',*,*,#2942,.T.);
#2206=ORIENTED_EDGE('',*,*,#2974,.F.);
#2207=ORIENTED_EDGE('',*,*,#2857,.F.);
#2208=ORIENTED_EDGE('',*,*,#2973,.T.);
#2209=ORIENTED_EDGE('',*,*,#2941,.T.);
#2210=ORIENTED_EDGE('',*,*,#2830,.F.);
#2211=ORIENTED_EDGE('',*,*,#2858,.F.);
#2212=ORIENTED_EDGE('',*,*,#2974,.T.);
#2213=ORIENTED_EDGE('',*,*,#2777,.F.);
#2214=ORIENTED_EDGE('',*,*,#2936,.T.);
#2215=ORIENTED_EDGE('',*,*,#2975,.T.);
#2216=ORIENTED_EDGE('',*,*,#2976,.T.);
#2217=ORIENTED_EDGE('',*,*,#2977,.T.);
#2218=ORIENTED_EDGE('',*,*,#2978,.F.);
#2219=ORIENTED_EDGE('',*,*,#2979,.T.);
#2220=ORIENTED_EDGE('',*,*,#2980,.T.);
#2221=ORIENTED_EDGE('',*,*,#2981,.T.);
#2222=ORIENTED_EDGE('',*,*,#2891,.T.);
#2223=ORIENTED_EDGE('',*,*,#2783,.F.);
#2224=ORIENTED_EDGE('',*,*,#2897,.T.);
#2225=ORIENTED_EDGE('',*,*,#2982,.T.);
#2226=ORIENTED_EDGE('',*,*,#2983,.T.);
#2227=ORIENTED_EDGE('',*,*,#2984,.T.);
#2228=ORIENTED_EDGE('',*,*,#2985,.F.);
#2229=ORIENTED_EDGE('',*,*,#2986,.T.);
#2230=ORIENTED_EDGE('',*,*,#2987,.T.);
#2231=ORIENTED_EDGE('',*,*,#2988,.T.);
#2232=ORIENTED_EDGE('',*,*,#2989,.F.);
#2233=ORIENTED_EDGE('',*,*,#2990,.T.);
#2234=ORIENTED_EDGE('',*,*,#2991,.T.);
#2235=ORIENTED_EDGE('',*,*,#2992,.T.);
#2236=ORIENTED_EDGE('',*,*,#2910,.T.);
#2237=ORIENTED_EDGE('',*,*,#2975,.F.);
#2238=ORIENTED_EDGE('',*,*,#2935,.F.);
#2239=ORIENTED_EDGE('',*,*,#2932,.T.);
#2240=ORIENTED_EDGE('',*,*,#2993,.T.);
#2241=ORIENTED_EDGE('',*,*,#2976,.F.);
#2242=ORIENTED_EDGE('',*,*,#2993,.F.);
#2243=ORIENTED_EDGE('',*,*,#2931,.T.);
#2244=ORIENTED_EDGE('',*,*,#2994,.T.);
#2245=ORIENTED_EDGE('',*,*,#2977,.F.);
#2246=ORIENTED_EDGE('',*,*,#2994,.F.);
#2247=ORIENTED_EDGE('',*,*,#2930,.T.);
#2248=ORIENTED_EDGE('',*,*,#2995,.T.);
#2249=ORIENTED_EDGE('',*,*,#2978,.T.);
#2250=ORIENTED_EDGE('',*,*,#2995,.F.);
#2251=ORIENTED_EDGE('',*,*,#2929,.F.);
#2252=ORIENTED_EDGE('',*,*,#2996,.T.);
#2253=ORIENTED_EDGE('',*,*,#2979,.F.);
#2254=ORIENTED_EDGE('',*,*,#2996,.F.);
#2255=ORIENTED_EDGE('',*,*,#2928,.T.);
#2256=ORIENTED_EDGE('',*,*,#2997,.T.);
#2257=ORIENTED_EDGE('',*,*,#2980,.F.);
#2258=ORIENTED_EDGE('',*,*,#2997,.F.);
#2259=ORIENTED_EDGE('',*,*,#2927,.T.);
#2260=ORIENTED_EDGE('',*,*,#2998,.T.);
#2261=ORIENTED_EDGE('',*,*,#2981,.F.);
#2262=ORIENTED_EDGE('',*,*,#2998,.F.);
#2263=ORIENTED_EDGE('',*,*,#2926,.T.);
#2264=ORIENTED_EDGE('',*,*,#2892,.T.);
#2265=ORIENTED_EDGE('',*,*,#2982,.F.);
#2266=ORIENTED_EDGE('',*,*,#2896,.F.);
#2267=ORIENTED_EDGE('',*,*,#2924,.T.);
#2268=ORIENTED_EDGE('',*,*,#2999,.T.);
#2269=ORIENTED_EDGE('',*,*,#2983,.F.);
#2270=ORIENTED_EDGE('',*,*,#2999,.F.);
#2271=ORIENTED_EDGE('',*,*,#2923,.T.);
#2272=ORIENTED_EDGE('',*,*,#3000,.T.);
#2273=ORIENTED_EDGE('',*,*,#2984,.F.);
#2274=ORIENTED_EDGE('',*,*,#3000,.F.);
#2275=ORIENTED_EDGE('',*,*,#2922,.T.);
#2276=ORIENTED_EDGE('',*,*,#3001,.T.);
#2277=ORIENTED_EDGE('',*,*,#2985,.T.);
#2278=ORIENTED_EDGE('',*,*,#3001,.F.);
#2279=ORIENTED_EDGE('',*,*,#2921,.F.);
#2280=ORIENTED_EDGE('',*,*,#3002,.T.);
#2281=ORIENTED_EDGE('',*,*,#2986,.F.);
#2282=ORIENTED_EDGE('',*,*,#3002,.F.);
#2283=ORIENTED_EDGE('',*,*,#2920,.T.);
#2284=ORIENTED_EDGE('',*,*,#3003,.T.);
#2285=ORIENTED_EDGE('',*,*,#2987,.F.);
#2286=ORIENTED_EDGE('',*,*,#3003,.F.);
#2287=ORIENTED_EDGE('',*,*,#2919,.T.);
#2288=ORIENTED_EDGE('',*,*,#3004,.T.);
#2289=ORIENTED_EDGE('',*,*,#2988,.F.);
#2290=ORIENTED_EDGE('',*,*,#3004,.F.);
#2291=ORIENTED_EDGE('',*,*,#2918,.T.);
#2292=ORIENTED_EDGE('',*,*,#3005,.T.);
#2293=ORIENTED_EDGE('',*,*,#2989,.T.);
#2294=ORIENTED_EDGE('',*,*,#3005,.F.);
#2295=ORIENTED_EDGE('',*,*,#2917,.F.);
#2296=ORIENTED_EDGE('',*,*,#3006,.T.);
#2297=ORIENTED_EDGE('',*,*,#2990,.F.);
#2298=ORIENTED_EDGE('',*,*,#3006,.F.);
#2299=ORIENTED_EDGE('',*,*,#2916,.T.);
#2300=ORIENTED_EDGE('',*,*,#3007,.T.);
#2301=ORIENTED_EDGE('',*,*,#2991,.F.);
#2302=ORIENTED_EDGE('',*,*,#3007,.F.);
#2303=ORIENTED_EDGE('',*,*,#2915,.T.);
#2304=ORIENTED_EDGE('',*,*,#3008,.T.);
#2305=ORIENTED_EDGE('',*,*,#2992,.F.);
#2306=ORIENTED_EDGE('',*,*,#3008,.F.);
#2307=ORIENTED_EDGE('',*,*,#2914,.T.);
#2308=ORIENTED_EDGE('',*,*,#2911,.T.);
#2309=ORIENTED_EDGE('',*,*,#3009,.F.);
#2310=ORIENTED_EDGE('',*,*,#3010,.F.);
#2311=ORIENTED_EDGE('',*,*,#3011,.F.);
#2312=ORIENTED_EDGE('',*,*,#3009,.T.);
#2313=ORIENTED_EDGE('',*,*,#3012,.F.);
#2314=ORIENTED_EDGE('',*,*,#3011,.T.);
#2315=ORIENTED_EDGE('',*,*,#3013,.F.);
#2316=ORIENTED_EDGE('',*,*,#3012,.T.);
#2317=ORIENTED_EDGE('',*,*,#3013,.T.);
#2318=ORIENTED_EDGE('',*,*,#3014,.F.);
#2319=ORIENTED_EDGE('',*,*,#3015,.F.);
#2320=ORIENTED_EDGE('',*,*,#3014,.T.);
#2321=ORIENTED_EDGE('',*,*,#2940,.F.);
#2322=ORIENTED_EDGE('',*,*,#3015,.T.);
#2323=ORIENTED_EDGE('',*,*,#2775,.T.);
#2324=ORIENTED_EDGE('',*,*,#3010,.T.);
#2325=ORIENTED_EDGE('',*,*,#3016,.F.);
#2326=ORIENTED_EDGE('',*,*,#3017,.F.);
#2327=ORIENTED_EDGE('',*,*,#3018,.T.);
#2328=ORIENTED_EDGE('',*,*,#3019,.F.);
#2329=ORIENTED_EDGE('',*,*,#3020,.T.);
#2330=ORIENTED_EDGE('',*,*,#3021,.T.);
#2331=ORIENTED_EDGE('',*,*,#3022,.T.);
#2332=ORIENTED_EDGE('',*,*,#3023,.T.);
#2333=ORIENTED_EDGE('',*,*,#3024,.T.);
#2334=ORIENTED_EDGE('',*,*,#3025,.T.);
#2335=ORIENTED_EDGE('',*,*,#3026,.F.);
#2336=ORIENTED_EDGE('',*,*,#3027,.F.);
#2337=ORIENTED_EDGE('',*,*,#3028,.F.);
#2338=ORIENTED_EDGE('',*,*,#3029,.F.);
#2339=ORIENTED_EDGE('',*,*,#3030,.T.);
#2340=ORIENTED_EDGE('',*,*,#3031,.F.);
#2341=ORIENTED_EDGE('',*,*,#3025,.F.);
#2342=ORIENTED_EDGE('',*,*,#3032,.T.);
#2343=ORIENTED_EDGE('',*,*,#3033,.F.);
#2344=ORIENTED_EDGE('',*,*,#3034,.F.);
#2345=ORIENTED_EDGE('',*,*,#3035,.F.);
#2346=ORIENTED_EDGE('',*,*,#3036,.F.);
#2347=ORIENTED_EDGE('',*,*,#3037,.F.);
#2348=ORIENTED_EDGE('',*,*,#3038,.T.);
#2349=ORIENTED_EDGE('',*,*,#3016,.T.);
#2350=ORIENTED_EDGE('',*,*,#3039,.T.);
#2351=ORIENTED_EDGE('',*,*,#3040,.F.);
#2352=ORIENTED_EDGE('',*,*,#3041,.T.);
#2353=ORIENTED_EDGE('',*,*,#3031,.T.);
#2354=ORIENTED_EDGE('',*,*,#3042,.T.);
#2355=ORIENTED_EDGE('',*,*,#3018,.F.);
#2356=ORIENTED_EDGE('',*,*,#3043,.T.);
#2357=ORIENTED_EDGE('',*,*,#3044,.F.);
#2358=ORIENTED_EDGE('',*,*,#3045,.F.);
#2359=ORIENTED_EDGE('',*,*,#3046,.F.);
#2360=ORIENTED_EDGE('',*,*,#3047,.F.);
#2361=ORIENTED_EDGE('',*,*,#3035,.T.);
#2362=ORIENTED_EDGE('',*,*,#3048,.T.);
#2363=ORIENTED_EDGE('',*,*,#3049,.F.);
#2364=ORIENTED_EDGE('',*,*,#3050,.T.);
#2365=ORIENTED_EDGE('',*,*,#3051,.F.);
#2366=ORIENTED_EDGE('',*,*,#3052,.T.);
#2367=ORIENTED_EDGE('',*,*,#3046,.T.);
#2368=ORIENTED_EDGE('',*,*,#3053,.T.);
#2369=ORIENTED_EDGE('',*,*,#3054,.F.);
#2370=ORIENTED_EDGE('',*,*,#3055,.F.);
#2371=ORIENTED_EDGE('',*,*,#3056,.F.);
#2372=ORIENTED_EDGE('',*,*,#3049,.T.);
#2373=ORIENTED_EDGE('',*,*,#3057,.F.);
#2374=ORIENTED_EDGE('',*,*,#3051,.T.);
#2375=ORIENTED_EDGE('',*,*,#3058,.F.);
#2376=ORIENTED_EDGE('',*,*,#3059,.F.);
#2377=ORIENTED_EDGE('',*,*,#3055,.T.);
#2378=ORIENTED_EDGE('',*,*,#3060,.T.);
#2379=ORIENTED_EDGE('',*,*,#3059,.T.);
#2380=ORIENTED_EDGE('',*,*,#3061,.T.);
#2381=ORIENTED_EDGE('',*,*,#3029,.T.);
#2382=ORIENTED_EDGE('',*,*,#3062,.F.);
#2383=ORIENTED_EDGE('',*,*,#3020,.F.);
#2384=ORIENTED_EDGE('',*,*,#3063,.T.);
#2385=ORIENTED_EDGE('',*,*,#3028,.T.);
#2386=ORIENTED_EDGE('',*,*,#3064,.F.);
#2387=ORIENTED_EDGE('',*,*,#3021,.F.);
#2388=ORIENTED_EDGE('',*,*,#3062,.T.);
#2389=ORIENTED_EDGE('',*,*,#3027,.T.);
#2390=ORIENTED_EDGE('',*,*,#3065,.F.);
#2391=ORIENTED_EDGE('',*,*,#3022,.F.);
#2392=ORIENTED_EDGE('',*,*,#3064,.T.);
#2393=ORIENTED_EDGE('',*,*,#3026,.T.);
#2394=ORIENTED_EDGE('',*,*,#3039,.F.);
#2395=ORIENTED_EDGE('',*,*,#3023,.F.);
#2396=ORIENTED_EDGE('',*,*,#3065,.T.);
#2397=ORIENTED_EDGE('',*,*,#3063,.F.);
#2398=ORIENTED_EDGE('',*,*,#3019,.T.);
#2399=ORIENTED_EDGE('',*,*,#3042,.F.);
#2400=ORIENTED_EDGE('',*,*,#3030,.F.);
#2401=ORIENTED_EDGE('',*,*,#3036,.T.);
#2402=ORIENTED_EDGE('',*,*,#3050,.F.);
#2403=ORIENTED_EDGE('',*,*,#3056,.T.);
#2404=ORIENTED_EDGE('',*,*,#3061,.F.);
#2405=ORIENTED_EDGE('',*,*,#3058,.T.);
#2406=ORIENTED_EDGE('',*,*,#3053,.F.);
#2407=ORIENTED_EDGE('',*,*,#3045,.T.);
#2408=ORIENTED_EDGE('',*,*,#3066,.T.);
#2409=ORIENTED_EDGE('',*,*,#3067,.F.);
#2410=ORIENTED_EDGE('',*,*,#3043,.F.);
#2411=ORIENTED_EDGE('',*,*,#3017,.T.);
#2412=ORIENTED_EDGE('',*,*,#3038,.F.);
#2413=ORIENTED_EDGE('',*,*,#3037,.T.);
#2414=ORIENTED_EDGE('',*,*,#3066,.F.);
#2415=ORIENTED_EDGE('',*,*,#3044,.T.);
#2416=ORIENTED_EDGE('',*,*,#3067,.T.);
#2417=ORIENTED_EDGE('',*,*,#3024,.F.);
#2418=ORIENTED_EDGE('',*,*,#3041,.F.);
#2419=ORIENTED_EDGE('',*,*,#3068,.T.);
#2420=ORIENTED_EDGE('',*,*,#3032,.F.);
#2421=ORIENTED_EDGE('',*,*,#3033,.T.);
#2422=ORIENTED_EDGE('',*,*,#3068,.F.);
#2423=ORIENTED_EDGE('',*,*,#3040,.T.);
#2424=ORIENTED_EDGE('',*,*,#3069,.T.);
#2425=ORIENTED_EDGE('',*,*,#3034,.T.);
#2426=ORIENTED_EDGE('',*,*,#3069,.F.);
#2427=ORIENTED_EDGE('',*,*,#3047,.T.);
#2428=ORIENTED_EDGE('',*,*,#3052,.F.);
#2429=ORIENTED_EDGE('',*,*,#3057,.T.);
#2430=ORIENTED_EDGE('',*,*,#3060,.F.);
#2431=ORIENTED_EDGE('',*,*,#3054,.T.);
#2432=ORIENTED_EDGE('',*,*,#3048,.F.);
#2433=EDGE_CURVE('',#3070,#3070,#3498,.T.);
#2434=EDGE_CURVE('',#3071,#3071,#3499,.T.);
#2435=EDGE_CURVE('',#3072,#3072,#3500,.T.);
#2436=EDGE_CURVE('',#3073,#3074,#105,.T.);
#2437=EDGE_CURVE('',#3073,#3075,#106,.T.);
#2438=EDGE_CURVE('',#3076,#3075,#107,.T.);
#2439=EDGE_CURVE('',#3076,#3077,#108,.T.);
#2440=EDGE_CURVE('',#3077,#3078,#3501,.T.);
#2441=EDGE_CURVE('',#3078,#3079,#109,.T.);
#2442=EDGE_CURVE('',#3080,#3079,#110,.T.);
#2443=EDGE_CURVE('',#3081,#3080,#111,.T.);
#2444=EDGE_CURVE('',#3081,#3082,#112,.T.);
#2445=EDGE_CURVE('',#3082,#3083,#113,.T.);
#2446=EDGE_CURVE('',#3083,#3084,#3502,.T.);
#2447=EDGE_CURVE('',#3084,#3085,#114,.T.);
#2448=EDGE_CURVE('',#3086,#3085,#115,.T.);
#2449=EDGE_CURVE('',#3086,#3087,#116,.T.);
#2450=EDGE_CURVE('',#3087,#3088,#3503,.T.);
#2451=EDGE_CURVE('',#3088,#3089,#117,.T.);
#2452=EDGE_CURVE('',#3090,#3089,#118,.T.);
#2453=EDGE_CURVE('',#3091,#3090,#119,.T.);
#2454=EDGE_CURVE('',#3091,#3092,#120,.T.);
#2455=EDGE_CURVE('',#3092,#3093,#121,.T.);
#2456=EDGE_CURVE('',#3093,#3094,#3504,.T.);
#2457=EDGE_CURVE('',#3094,#3095,#122,.T.);
#2458=EDGE_CURVE('',#3096,#3095,#123,.T.);
#2459=EDGE_CURVE('',#3074,#3096,#124,.T.);
#2460=EDGE_CURVE('',#3075,#3097,#125,.T.);
#2461=EDGE_CURVE('',#3097,#3098,#126,.T.);
#2462=EDGE_CURVE('',#3096,#3098,#127,.T.);
#2463=EDGE_CURVE('',#3095,#3099,#128,.T.);
#2464=EDGE_CURVE('',#3100,#3099,#129,.T.);
#2465=EDGE_CURVE('',#3101,#3100,#130,.T.);
#2466=EDGE_CURVE('',#3102,#3101,#131,.T.);
#2467=EDGE_CURVE('',#3102,#3103,#132,.T.);
#2468=EDGE_CURVE('',#3104,#3103,#133,.T.);
#2469=EDGE_CURVE('',#3104,#3105,#134,.T.);
#2470=EDGE_CURVE('',#3105,#3106,#135,.T.);
#2471=EDGE_CURVE('',#3106,#3107,#136,.T.);
#2472=EDGE_CURVE('',#3107,#3108,#137,.T.);
#2473=EDGE_CURVE('',#3108,#3109,#138,.T.);
#2474=EDGE_CURVE('',#3110,#3109,#139,.T.);
#2475=EDGE_CURVE('',#3110,#3111,#140,.T.);
#2476=EDGE_CURVE('',#3111,#3112,#141,.T.);
#2477=EDGE_CURVE('',#3112,#3113,#142,.T.);
#2478=EDGE_CURVE('',#3113,#3114,#143,.T.);
#2479=EDGE_CURVE('',#3114,#3115,#144,.T.);
#2480=EDGE_CURVE('',#3116,#3115,#145,.T.);
#2481=EDGE_CURVE('',#3117,#3116,#146,.T.);
#2482=EDGE_CURVE('',#3117,#3118,#147,.T.);
#2483=EDGE_CURVE('',#3118,#3119,#148,.T.);
#2484=EDGE_CURVE('',#3120,#3119,#149,.T.);
#2485=EDGE_CURVE('',#3120,#3076,#150,.T.);
#2486=EDGE_CURVE('',#3079,#3121,#151,.T.);
#2487=EDGE_CURVE('',#3122,#3121,#152,.T.);
#2488=EDGE_CURVE('',#3080,#3122,#153,.T.);
#2489=EDGE_CURVE('',#3092,#3123,#154,.T.);
#2490=EDGE_CURVE('',#3091,#3124,#155,.T.);
#2491=EDGE_CURVE('',#3124,#3123,#156,.T.);
#2492=EDGE_CURVE('',#3085,#3125,#157,.T.);
#2493=EDGE_CURVE('',#3126,#3125,#158,.T.);
#2494=EDGE_CURVE('',#3126,#3127,#159,.T.);
#2495=EDGE_CURVE('',#3128,#3127,#160,.T.);
#2496=EDGE_CURVE('',#3128,#3129,#161,.T.);
#2497=EDGE_CURVE('',#3130,#3129,#162,.T.);
#2498=EDGE_CURVE('',#3131,#3130,#163,.T.);
#2499=EDGE_CURVE('',#3132,#3131,#164,.T.);
#2500=EDGE_CURVE('',#3133,#3132,#165,.T.);
#2501=EDGE_CURVE('',#3134,#3133,#166,.T.);
#2502=EDGE_CURVE('',#3135,#3134,#167,.T.);
#2503=EDGE_CURVE('',#3136,#3135,#168,.T.);
#2504=EDGE_CURVE('',#3137,#3136,#169,.T.);
#2505=EDGE_CURVE('',#3138,#3137,#170,.T.);
#2506=EDGE_CURVE('',#3139,#3138,#171,.T.);
#2507=EDGE_CURVE('',#3140,#3139,#172,.T.);
#2508=EDGE_CURVE('',#3141,#3140,#173,.T.);
#2509=EDGE_CURVE('',#3142,#3141,#174,.T.);
#2510=EDGE_CURVE('',#3143,#3142,#175,.T.);
#2511=EDGE_CURVE('',#3143,#3144,#176,.T.);
#2512=EDGE_CURVE('',#3145,#3144,#177,.T.);
#2513=EDGE_CURVE('',#3146,#3145,#178,.T.);
#2514=EDGE_CURVE('',#3146,#3086,#179,.T.);
#2515=EDGE_CURVE('',#3147,#3148,#180,.T.);
#2516=EDGE_CURVE('',#3148,#3082,#181,.T.);
#2517=EDGE_CURVE('',#3147,#3081,#182,.T.);
#2518=EDGE_CURVE('',#3149,#3089,#183,.T.);
#2519=EDGE_CURVE('',#3150,#3149,#184,.T.);
#2520=EDGE_CURVE('',#3150,#3090,#185,.T.);
#2521=EDGE_CURVE('',#3102,#3124,#3505,.T.);
#2522=EDGE_CURVE('',#3150,#3143,#3506,.T.);
#2523=EDGE_CURVE('',#3151,#3142,#186,.T.);
#2524=EDGE_CURVE('',#3152,#3151,#187,.T.);
#2525=EDGE_CURVE('',#3153,#3152,#188,.T.);
#2526=EDGE_CURVE('',#3154,#3153,#189,.T.);
#2527=EDGE_CURVE('',#3155,#3154,#190,.T.);
#2528=EDGE_CURVE('',#3156,#3155,#191,.T.);
#2529=EDGE_CURVE('',#3157,#3156,#192,.T.);
#2530=EDGE_CURVE('',#3157,#3158,#193,.T.);
#2531=EDGE_CURVE('',#3103,#3158,#194,.T.);
#2532=EDGE_CURVE('',#3117,#3122,#3507,.F.);
#2533=EDGE_CURVE('',#3159,#3116,#195,.T.);
#2534=EDGE_CURVE('',#3160,#3159,#196,.T.);
#2535=EDGE_CURVE('',#3160,#3161,#197,.T.);
#2536=EDGE_CURVE('',#3161,#3162,#198,.T.);
#2537=EDGE_CURVE('',#3162,#3163,#199,.T.);
#2538=EDGE_CURVE('',#3163,#3164,#200,.T.);
#2539=EDGE_CURVE('',#3164,#3165,#201,.T.);
#2540=EDGE_CURVE('',#3165,#3166,#202,.T.);
#2541=EDGE_CURVE('',#3129,#3166,#203,.T.);
#2542=EDGE_CURVE('',#3147,#3128,#3508,.F.);
#2543=EDGE_CURVE('',#3165,#3167,#204,.T.);
#2544=EDGE_CURVE('',#3167,#3168,#205,.T.);
#2545=EDGE_CURVE('',#3166,#3168,#206,.T.);
#2546=EDGE_CURVE('',#3169,#3170,#207,.T.);
#2547=EDGE_CURVE('',#3170,#3171,#208,.T.);
#2548=EDGE_CURVE('',#3171,#3172,#209,.T.);
#2549=EDGE_CURVE('',#3168,#3172,#210,.T.);
#2550=EDGE_CURVE('',#3167,#3173,#211,.T.);
#2551=EDGE_CURVE('',#3173,#3174,#212,.T.);
#2552=EDGE_CURVE('',#3174,#3169,#213,.T.);
#2553=EDGE_CURVE('',#3171,#3160,#214,.T.);
#2554=EDGE_CURVE('',#3172,#3159,#215,.T.);
#2555=EDGE_CURVE('',#3130,#3175,#216,.T.);
#2556=EDGE_CURVE('',#3115,#3176,#217,.T.);
#2557=EDGE_CURVE('',#3176,#3177,#218,.T.);
#2558=EDGE_CURVE('',#3177,#3110,#219,.T.);
#2559=EDGE_CURVE('',#3109,#3178,#220,.T.);
#2560=EDGE_CURVE('',#3178,#3179,#221,.T.);
#2561=EDGE_CURVE('',#3179,#3104,#222,.T.);
#2562=EDGE_CURVE('',#3158,#3180,#223,.T.);
#2563=EDGE_CURVE('',#3180,#3181,#224,.T.);
#2564=EDGE_CURVE('',#3181,#3151,#225,.T.);
#2565=EDGE_CURVE('',#3182,#3141,#226,.T.);
#2566=EDGE_CURVE('',#3183,#3182,#227,.T.);
#2567=EDGE_CURVE('',#3136,#3183,#228,.T.);
#2568=EDGE_CURVE('',#3184,#3135,#229,.T.);
#2569=EDGE_CURVE('',#3175,#3184,#230,.T.);
#2570=EDGE_CURVE('',#3185,#3157,#231,.T.);
#2571=EDGE_CURVE('',#3185,#3180,#232,.T.);
#2572=EDGE_CURVE('',#3186,#3185,#233,.T.);
#2573=EDGE_CURVE('',#3187,#3186,#234,.T.);
#2574=EDGE_CURVE('',#3188,#3187,#235,.T.);
#2575=EDGE_CURVE('',#3189,#3188,#236,.T.);
#2576=EDGE_CURVE('',#3190,#3189,#237,.T.);
#2577=EDGE_CURVE('',#3190,#3181,#238,.T.);
#2578=EDGE_CURVE('',#3152,#3190,#239,.T.);
#2579=EDGE_CURVE('',#3178,#3191,#240,.T.);
#2580=EDGE_CURVE('',#3191,#3192,#241,.T.);
#2581=EDGE_CURVE('',#3192,#3193,#242,.T.);
#2582=EDGE_CURVE('',#3193,#3194,#243,.T.);
#2583=EDGE_CURVE('',#3194,#3179,#244,.T.);
#2584=EDGE_CURVE('',#3105,#3194,#245,.T.);
#2585=EDGE_CURVE('',#3108,#3191,#246,.T.);
#2586=EDGE_CURVE('',#3106,#3193,#247,.T.);
#2587=EDGE_CURVE('',#3107,#3192,#248,.T.);
#2588=EDGE_CURVE('',#3176,#3195,#249,.T.);
#2589=EDGE_CURVE('',#3195,#3196,#250,.T.);
#2590=EDGE_CURVE('',#3196,#3197,#251,.T.);
#2591=EDGE_CURVE('',#3197,#3198,#252,.T.);
#2592=EDGE_CURVE('',#3198,#3177,#253,.T.);
#2593=EDGE_CURVE('',#3114,#3195,#254,.T.);
#2594=EDGE_CURVE('',#3113,#3196,#255,.T.);
#2595=EDGE_CURVE('',#3112,#3197,#256,.T.);
#2596=EDGE_CURVE('',#3111,#3198,#257,.T.);
#2597=EDGE_CURVE('',#3140,#3199,#258,.T.);
#2598=EDGE_CURVE('',#3199,#3182,#259,.T.);
#2599=EDGE_CURVE('',#3139,#3200,#260,.T.);
#2600=EDGE_CURVE('',#3200,#3199,#261,.T.);
#2601=EDGE_CURVE('',#3138,#3201,#262,.T.);
#2602=EDGE_CURVE('',#3201,#3200,#263,.T.);
#2603=EDGE_CURVE('',#3137,#3202,#264,.T.);
#2604=EDGE_CURVE('',#3202,#3201,#265,.T.);
#2605=EDGE_CURVE('',#3183,#3202,#266,.T.);
#2606=EDGE_CURVE('',#3203,#3184,#267,.T.);
#2607=EDGE_CURVE('',#3204,#3203,#268,.T.);
#2608=EDGE_CURVE('',#3205,#3204,#269,.T.);
#2609=EDGE_CURVE('',#3206,#3205,#270,.T.);
#2610=EDGE_CURVE('',#3175,#3206,#271,.T.);
#2611=EDGE_CURVE('',#3131,#3206,#272,.T.);
#2612=EDGE_CURVE('',#3132,#3205,#273,.T.);
#2613=EDGE_CURVE('',#3133,#3204,#274,.T.);
#2614=EDGE_CURVE('',#3134,#3203,#275,.T.);
#2615=EDGE_CURVE('',#3170,#3161,#276,.T.);
#2616=EDGE_CURVE('',#3169,#3162,#277,.T.);
#2617=EDGE_CURVE('',#3174,#3163,#278,.T.);
#2618=EDGE_CURVE('',#3173,#3164,#279,.T.);
#2619=EDGE_CURVE('',#3186,#3156,#280,.T.);
#2620=EDGE_CURVE('',#3187,#3155,#281,.T.);
#2621=EDGE_CURVE('',#3188,#3154,#282,.T.);
#2622=EDGE_CURVE('',#3189,#3153,#283,.T.);
#2623=EDGE_CURVE('',#3127,#3207,#3509,.T.);
#2624=EDGE_CURVE('',#3148,#3207,#284,.T.);
#2625=EDGE_CURVE('',#3207,#3126,#285,.T.);
#2626=EDGE_CURVE('',#3119,#3208,#286,.T.);
#2627=EDGE_CURVE('',#3208,#3118,#3510,.T.);
#2628=EDGE_CURVE('',#3208,#3121,#287,.T.);
#2629=EDGE_CURVE('',#3149,#3209,#288,.T.);
#2630=EDGE_CURVE('',#3144,#3209,#3511,.T.);
#2631=EDGE_CURVE('',#3209,#3145,#289,.T.);
#2632=EDGE_CURVE('',#3100,#3210,#290,.T.);
#2633=EDGE_CURVE('',#3210,#3101,#3512,.T.);
#2634=EDGE_CURVE('',#3123,#3210,#291,.T.);
#2635=EDGE_CURVE('',#3211,#3149,#292,.T.);
#2636=EDGE_CURVE('',#3212,#3211,#3513,.T.);
#2637=EDGE_CURVE('',#3146,#3212,#293,.T.);
#2638=EDGE_CURVE('',#3211,#3088,#294,.T.);
#2639=EDGE_CURVE('',#3212,#3087,#295,.T.);
#2640=EDGE_CURVE('',#3213,#3125,#296,.T.);
#2641=EDGE_CURVE('',#3214,#3213,#3514,.T.);
#2642=EDGE_CURVE('',#3148,#3214,#297,.T.);
#2643=EDGE_CURVE('',#3214,#3083,#298,.T.);
#2644=EDGE_CURVE('',#3213,#3084,#299,.T.);
#2645=EDGE_CURVE('',#3215,#3099,#300,.T.);
#2646=EDGE_CURVE('',#3216,#3215,#3515,.T.);
#2647=EDGE_CURVE('',#3123,#3216,#301,.T.);
#2648=EDGE_CURVE('',#3216,#3093,#302,.T.);
#2649=EDGE_CURVE('',#3215,#3094,#303,.T.);
#2650=EDGE_CURVE('',#3217,#3121,#304,.T.);
#2651=EDGE_CURVE('',#3218,#3217,#3516,.T.);
#2652=EDGE_CURVE('',#3120,#3218,#305,.T.);
#2653=EDGE_CURVE('',#3218,#3077,#306,.T.);
#2654=EDGE_CURVE('',#3217,#3078,#307,.T.);
#2655=EDGE_CURVE('',#3219,#3219,#3517,.T.);
#2656=EDGE_CURVE('',#3220,#3220,#3518,.T.);
#2657=EDGE_CURVE('',#3221,#3221,#3519,.T.);
#2658=EDGE_CURVE('',#3222,#3222,#3520,.T.);
#2659=EDGE_CURVE('',#3223,#3223,#3521,.T.);
#2660=EDGE_CURVE('',#3098,#3074,#308,.T.);
#2661=EDGE_CURVE('',#3097,#3073,#309,.T.);
#2662=EDGE_CURVE('',#3224,#3225,#310,.T.);
#2663=EDGE_CURVE('',#3226,#3225,#311,.T.);
#2664=EDGE_CURVE('',#3227,#3226,#312,.T.);
#2665=EDGE_CURVE('',#3227,#3224,#313,.T.);
#2666=EDGE_CURVE('',#3225,#3228,#3522,.T.);
#2667=EDGE_CURVE('',#3229,#3228,#314,.T.);
#2668=EDGE_CURVE('',#3226,#3229,#3523,.T.);
#2669=EDGE_CURVE('',#3228,#3230,#315,.T.);
#2670=EDGE_CURVE('',#3231,#3230,#316,.T.);
#2671=EDGE_CURVE('',#3229,#3231,#317,.T.);
#2672=EDGE_CURVE('',#3232,#3230,#3524,.T.);
#2673=EDGE_CURVE('',#3233,#3232,#318,.T.);
#2674=EDGE_CURVE('',#3233,#3231,#3525,.T.);
#2675=EDGE_CURVE('',#3232,#3234,#319,.T.);
#2676=EDGE_CURVE('',#3235,#3234,#320,.T.);
#2677=EDGE_CURVE('',#3233,#3235,#321,.T.);
#2678=EDGE_CURVE('',#3234,#3236,#3526,.T.);
#2679=EDGE_CURVE('',#3237,#3236,#322,.T.);
#2680=EDGE_CURVE('',#3235,#3237,#3527,.T.);
#2681=EDGE_CURVE('',#3236,#3238,#323,.T.);
#2682=EDGE_CURVE('',#3239,#3238,#324,.T.);
#2683=EDGE_CURVE('',#3237,#3239,#325,.T.);
#2684=EDGE_CURVE('',#3238,#3240,#326,.T.);
#2685=EDGE_CURVE('',#3241,#3240,#327,.T.);
#2686=EDGE_CURVE('',#3239,#3241,#328,.T.);
#2687=EDGE_CURVE('',#3240,#3242,#3528,.T.);
#2688=EDGE_CURVE('',#3243,#3242,#329,.T.);
#2689=EDGE_CURVE('',#3241,#3243,#3529,.T.);
#2690=EDGE_CURVE('',#3242,#3244,#330,.T.);
#2691=EDGE_CURVE('',#3245,#3244,#331,.T.);
#2692=EDGE_CURVE('',#3243,#3245,#332,.T.);
#2693=EDGE_CURVE('',#3244,#3246,#3530,.T.);
#2694=EDGE_CURVE('',#3247,#3246,#333,.T.);
#2695=EDGE_CURVE('',#3245,#3247,#3531,.T.);
#2696=EDGE_CURVE('',#3246,#3248,#334,.T.);
#2697=EDGE_CURVE('',#3249,#3248,#335,.T.);
#2698=EDGE_CURVE('',#3247,#3249,#336,.T.);
#2699=EDGE_CURVE('',#3248,#3250,#337,.T.);
#2700=EDGE_CURVE('',#3251,#3250,#338,.T.);
#2701=EDGE_CURVE('',#3249,#3251,#339,.T.);
#2702=EDGE_CURVE('',#3250,#3252,#3532,.T.);
#2703=EDGE_CURVE('',#3253,#3252,#340,.T.);
#2704=EDGE_CURVE('',#3251,#3253,#3533,.T.);
#2705=EDGE_CURVE('',#3252,#3254,#341,.T.);
#2706=EDGE_CURVE('',#3255,#3254,#342,.T.);
#2707=EDGE_CURVE('',#3253,#3255,#343,.T.);
#2708=EDGE_CURVE('',#3256,#3254,#3534,.T.);
#2709=EDGE_CURVE('',#3257,#3256,#344,.T.);
#2710=EDGE_CURVE('',#3257,#3255,#3535,.T.);
#2711=EDGE_CURVE('',#3256,#3258,#345,.T.);
#2712=EDGE_CURVE('',#3259,#3258,#346,.T.);
#2713=EDGE_CURVE('',#3257,#3259,#347,.T.);
#2714=EDGE_CURVE('',#3258,#3260,#3536,.T.);
#2715=EDGE_CURVE('',#3261,#3260,#348,.T.);
#2716=EDGE_CURVE('',#3259,#3261,#3537,.T.);
#2717=EDGE_CURVE('',#3260,#3262,#349,.T.);
#2718=EDGE_CURVE('',#3263,#3262,#350,.T.);
#2719=EDGE_CURVE('',#3261,#3263,#351,.T.);
#2720=EDGE_CURVE('',#3262,#3264,#3538,.T.);
#2721=EDGE_CURVE('',#3265,#3264,#352,.T.);
#2722=EDGE_CURVE('',#3263,#3265,#3539,.T.);
#2723=EDGE_CURVE('',#3264,#3266,#353,.T.);
#2724=EDGE_CURVE('',#3267,#3266,#354,.T.);
#2725=EDGE_CURVE('',#3265,#3267,#355,.T.);
#2726=EDGE_CURVE('',#3268,#3266,#3540,.T.);
#2727=EDGE_CURVE('',#3269,#3268,#356,.T.);
#2728=EDGE_CURVE('',#3269,#3267,#3541,.T.);
#2729=EDGE_CURVE('',#3268,#3270,#357,.T.);
#2730=EDGE_CURVE('',#3271,#3270,#358,.T.);
#2731=EDGE_CURVE('',#3269,#3271,#359,.T.);
#2732=EDGE_CURVE('',#3270,#3272,#3542,.T.);
#2733=EDGE_CURVE('',#3273,#3272,#360,.T.);
#2734=EDGE_CURVE('',#3271,#3273,#3543,.T.);
#2735=EDGE_CURVE('',#3272,#3274,#361,.T.);
#2736=EDGE_CURVE('',#3275,#3274,#362,.T.);
#2737=EDGE_CURVE('',#3273,#3275,#363,.T.);
#2738=EDGE_CURVE('',#3274,#3276,#364,.T.);
#2739=EDGE_CURVE('',#3277,#3276,#365,.T.);
#2740=EDGE_CURVE('',#3275,#3277,#366,.T.);
#2741=EDGE_CURVE('',#3276,#3278,#3544,.T.);
#2742=EDGE_CURVE('',#3279,#3278,#367,.T.);
#2743=EDGE_CURVE('',#3277,#3279,#3545,.T.);
#2744=EDGE_CURVE('',#3278,#3280,#368,.T.);
#2745=EDGE_CURVE('',#3281,#3280,#369,.T.);
#2746=EDGE_CURVE('',#3279,#3281,#370,.T.);
#2747=EDGE_CURVE('',#3280,#3282,#3546,.T.);
#2748=EDGE_CURVE('',#3283,#3282,#371,.T.);
#2749=EDGE_CURVE('',#3281,#3283,#3547,.T.);
#2750=EDGE_CURVE('',#3282,#3284,#372,.T.);
#2751=EDGE_CURVE('',#3285,#3284,#373,.T.);
#2752=EDGE_CURVE('',#3283,#3285,#374,.T.);
#2753=EDGE_CURVE('',#3284,#3286,#375,.T.);
#2754=EDGE_CURVE('',#3287,#3286,#376,.T.);
#2755=EDGE_CURVE('',#3285,#3287,#377,.T.);
#2756=EDGE_CURVE('',#3286,#3288,#3548,.T.);
#2757=EDGE_CURVE('',#3289,#3288,#378,.T.);
#2758=EDGE_CURVE('',#3287,#3289,#3549,.T.);
#2759=EDGE_CURVE('',#3288,#3290,#379,.T.);
#2760=EDGE_CURVE('',#3291,#3290,#380,.T.);
#2761=EDGE_CURVE('',#3289,#3291,#381,.T.);
#2762=EDGE_CURVE('',#3292,#3290,#3550,.T.);
#2763=EDGE_CURVE('',#3293,#3292,#382,.T.);
#2764=EDGE_CURVE('',#3293,#3291,#3551,.T.);
#2765=EDGE_CURVE('',#3292,#3294,#383,.T.);
#2766=EDGE_CURVE('',#3295,#3294,#384,.T.);
#2767=EDGE_CURVE('',#3293,#3295,#385,.T.);
#2768=EDGE_CURVE('',#3294,#3224,#3552,.T.);
#2769=EDGE_CURVE('',#3295,#3227,#3553,.T.);
#2770=EDGE_CURVE('',#3296,#3296,#3554,.T.);
#2771=EDGE_CURVE('',#3297,#3297,#3555,.T.);
#2772=EDGE_CURVE('',#3298,#3298,#3556,.T.);
#2773=EDGE_CURVE('',#3299,#3299,#3557,.T.);
#2774=EDGE_CURVE('',#3300,#3300,#3558,.T.);
#2775=EDGE_CURVE('',#3301,#3301,#3559,.T.);
#2776=EDGE_CURVE('',#3302,#3303,#386,.T.);
#2777=EDGE_CURVE('',#3302,#3304,#387,.T.);
#2778=EDGE_CURVE('',#3305,#3304,#388,.T.);
#2779=EDGE_CURVE('',#3306,#3305,#389,.T.);
#2780=EDGE_CURVE('',#3307,#3306,#390,.T.);
#2781=EDGE_CURVE('',#3308,#3307,#391,.T.);
#2782=EDGE_CURVE('',#3309,#3308,#392,.T.);
#2783=EDGE_CURVE('',#3309,#3310,#393,.T.);
#2784=EDGE_CURVE('',#3311,#3310,#394,.T.);
#2785=EDGE_CURVE('',#3312,#3311,#395,.T.);
#2786=EDGE_CURVE('',#3313,#3312,#396,.T.);
#2787=EDGE_CURVE('',#3314,#3313,#397,.T.);
#2788=EDGE_CURVE('',#3315,#3314,#398,.T.);
#2789=EDGE_CURVE('',#3316,#3315,#399,.T.);
#2790=EDGE_CURVE('',#3317,#3316,#400,.T.);
#2791=EDGE_CURVE('',#3318,#3317,#401,.T.);
#2792=EDGE_CURVE('',#3319,#3318,#402,.T.);
#2793=EDGE_CURVE('',#3320,#3319,#403,.T.);
#2794=EDGE_CURVE('',#3321,#3320,#404,.T.);
#2795=EDGE_CURVE('',#3322,#3321,#405,.T.);
#2796=EDGE_CURVE('',#3323,#3322,#406,.T.);
#2797=EDGE_CURVE('',#3324,#3323,#407,.T.);
#2798=EDGE_CURVE('',#3325,#3324,#408,.T.);
#2799=EDGE_CURVE('',#3326,#3325,#409,.T.);
#2800=EDGE_CURVE('',#3327,#3326,#410,.T.);
#2801=EDGE_CURVE('',#3328,#3327,#411,.T.);
#2802=EDGE_CURVE('',#3329,#3328,#412,.T.);
#2803=EDGE_CURVE('',#3330,#3329,#413,.T.);
#2804=EDGE_CURVE('',#3331,#3330,#414,.T.);
#2805=EDGE_CURVE('',#3332,#3331,#415,.T.);
#2806=EDGE_CURVE('',#3333,#3332,#416,.T.);
#2807=EDGE_CURVE('',#3303,#3333,#417,.T.);
#2808=EDGE_CURVE('',#3334,#3333,#418,.T.);
#2809=EDGE_CURVE('',#3335,#3334,#419,.T.);
#2810=EDGE_CURVE('',#3335,#3303,#420,.T.);
#2811=EDGE_CURVE('',#3336,#3332,#421,.T.);
#2812=EDGE_CURVE('',#3334,#3336,#422,.T.);
#2813=EDGE_CURVE('',#3337,#3331,#423,.T.);
#2814=EDGE_CURVE('',#3336,#3337,#424,.T.);
#2815=EDGE_CURVE('',#3338,#3330,#425,.T.);
#2816=EDGE_CURVE('',#3337,#3338,#426,.T.);
#2817=EDGE_CURVE('',#3339,#3329,#427,.T.);
#2818=EDGE_CURVE('',#3338,#3339,#428,.T.);
#2819=EDGE_CURVE('',#3340,#3328,#429,.T.);
#2820=EDGE_CURVE('',#3339,#3340,#430,.T.);
#2821=EDGE_CURVE('',#3341,#3327,#431,.T.);
#2822=EDGE_CURVE('',#3340,#3341,#432,.T.);
#2823=EDGE_CURVE('',#3342,#3326,#433,.T.);
#2824=EDGE_CURVE('',#3341,#3342,#434,.T.);
#2825=EDGE_CURVE('',#3326,#3343,#435,.T.);
#2826=EDGE_CURVE('',#3344,#3343,#436,.T.);
#2827=EDGE_CURVE('',#3345,#3344,#437,.T.);
#2828=EDGE_CURVE('',#3342,#3345,#438,.T.);
#2829=EDGE_CURVE('',#3346,#3347,#439,.T.);
#2830=EDGE_CURVE('',#3347,#3348,#440,.T.);
#2831=EDGE_CURVE('',#3348,#3325,#441,.T.);
#2832=EDGE_CURVE('',#3349,#3325,#442,.T.);
#2833=EDGE_CURVE('',#3346,#3349,#443,.T.);
#2834=EDGE_CURVE('',#3350,#3324,#444,.T.);
#2835=EDGE_CURVE('',#3349,#3350,#445,.T.);
#2836=EDGE_CURVE('',#3351,#3323,#446,.T.);
#2837=EDGE_CURVE('',#3350,#3351,#447,.T.);
#2838=EDGE_CURVE('',#3352,#3322,#448,.T.);
#2839=EDGE_CURVE('',#3351,#3352,#449,.T.);
#2840=EDGE_CURVE('',#3353,#3321,#450,.T.);
#2841=EDGE_CURVE('',#3352,#3353,#451,.T.);
#2842=EDGE_CURVE('',#3354,#3320,#452,.T.);
#2843=EDGE_CURVE('',#3353,#3354,#453,.T.);
#2844=EDGE_CURVE('',#3320,#3355,#454,.T.);
#2845=EDGE_CURVE('',#3356,#3355,#455,.T.);
#2846=EDGE_CURVE('',#3357,#3356,#456,.T.);
#2847=EDGE_CURVE('',#3354,#3357,#457,.T.);
#2848=EDGE_CURVE('',#3356,#3358,#458,.T.);
#2849=EDGE_CURVE('',#3358,#3359,#459,.T.);
#2850=EDGE_CURVE('',#3359,#3360,#460,.T.);
#2851=EDGE_CURVE('',#3361,#3360,#3560,.T.);
#2852=EDGE_CURVE('',#3361,#3362,#461,.T.);
#2853=EDGE_CURVE('',#3362,#3363,#3561,.T.);
#2854=EDGE_CURVE('',#3363,#3364,#462,.T.);
#2855=EDGE_CURVE('',#3365,#3364,#3562,.T.);
#2856=EDGE_CURVE('',#3365,#3366,#463,.T.);
#2857=EDGE_CURVE('',#3366,#3367,#464,.T.);
#2858=EDGE_CURVE('',#3367,#3347,#465,.T.);
#2859=EDGE_CURVE('',#3345,#3346,#466,.T.);
#2860=EDGE_CURVE('',#3344,#3368,#467,.T.);
#2861=EDGE_CURVE('',#3368,#3369,#3563,.T.);
#2862=EDGE_CURVE('',#3369,#3370,#468,.T.);
#2863=EDGE_CURVE('',#3371,#3370,#3564,.T.);
#2864=EDGE_CURVE('',#3371,#3372,#469,.T.);
#2865=EDGE_CURVE('',#3372,#3373,#3565,.T.);
#2866=EDGE_CURVE('',#3373,#3374,#470,.T.);
#2867=EDGE_CURVE('',#3375,#3374,#471,.T.);
#2868=EDGE_CURVE('',#3357,#3375,#472,.T.);
#2869=EDGE_CURVE('',#3374,#3376,#473,.T.);
#2870=EDGE_CURVE('',#3376,#3319,#474,.T.);
#2871=EDGE_CURVE('',#3377,#3319,#475,.T.);
#2872=EDGE_CURVE('',#3375,#3377,#476,.T.);
#2873=EDGE_CURVE('',#3378,#3318,#477,.T.);
#2874=EDGE_CURVE('',#3377,#3378,#478,.T.);
#2875=EDGE_CURVE('',#3379,#3317,#479,.T.);
#2876=EDGE_CURVE('',#3378,#3379,#480,.T.);
#2877=EDGE_CURVE('',#3380,#3316,#481,.T.);
#2878=EDGE_CURVE('',#3379,#3380,#482,.T.);
#2879=EDGE_CURVE('',#3381,#3315,#483,.T.);
#2880=EDGE_CURVE('',#3380,#3381,#484,.T.);
#2881=EDGE_CURVE('',#3382,#3314,#485,.T.);
#2882=EDGE_CURVE('',#3381,#3382,#486,.T.);
#2883=EDGE_CURVE('',#3383,#3313,#487,.T.);
#2884=EDGE_CURVE('',#3382,#3383,#488,.T.);
#2885=EDGE_CURVE('',#3384,#3312,#489,.T.);
#2886=EDGE_CURVE('',#3383,#3384,#490,.T.);
#2887=EDGE_CURVE('',#3385,#3311,#491,.T.);
#2888=EDGE_CURVE('',#3384,#3385,#492,.T.);
#2889=EDGE_CURVE('',#3386,#3310,#493,.T.);
#2890=EDGE_CURVE('',#3385,#3386,#494,.T.);
#2891=EDGE_CURVE('',#3387,#3310,#495,.T.);
#2892=EDGE_CURVE('',#3388,#3387,#496,.T.);
#2893=EDGE_CURVE('',#3389,#3388,#497,.T.);
#2894=EDGE_CURVE('',#3386,#3389,#498,.T.);
#2895=EDGE_CURVE('',#3390,#3391,#499,.T.);
#2896=EDGE_CURVE('',#3391,#3392,#500,.T.);
#2897=EDGE_CURVE('',#3309,#3392,#501,.T.);
#2898=EDGE_CURVE('',#3393,#3309,#502,.T.);
#2899=EDGE_CURVE('',#3390,#3393,#503,.T.);
#2900=EDGE_CURVE('',#3394,#3308,#504,.T.);
#2901=EDGE_CURVE('',#3393,#3394,#505,.T.);
#2902=EDGE_CURVE('',#3395,#3307,#506,.T.);
#2903=EDGE_CURVE('',#3394,#3395,#507,.T.);
#2904=EDGE_CURVE('',#3396,#3306,#508,.T.);
#2905=EDGE_CURVE('',#3395,#3396,#509,.T.);
#2906=EDGE_CURVE('',#3397,#3305,#510,.T.);
#2907=EDGE_CURVE('',#3396,#3397,#511,.T.);
#2908=EDGE_CURVE('',#3398,#3304,#512,.T.);
#2909=EDGE_CURVE('',#3397,#3398,#513,.T.);
#2910=EDGE_CURVE('',#3399,#3304,#514,.T.);
#2911=EDGE_CURVE('',#3400,#3399,#515,.T.);
#2912=EDGE_CURVE('',#3401,#3400,#516,.T.);
#2913=EDGE_CURVE('',#3398,#3401,#517,.T.);
#2914=EDGE_CURVE('',#3402,#3400,#518,.T.);
#2915=EDGE_CURVE('',#3403,#3402,#519,.T.);
#2916=EDGE_CURVE('',#3404,#3403,#520,.T.);
#2917=EDGE_CURVE('',#3404,#3405,#3566,.T.);
#2918=EDGE_CURVE('',#3406,#3405,#521,.T.);
#2919=EDGE_CURVE('',#3407,#3406,#3567,.T.);
#2920=EDGE_CURVE('',#3408,#3407,#522,.T.);
#2921=EDGE_CURVE('',#3408,#3409,#3568,.T.);
#2922=EDGE_CURVE('',#3410,#3409,#523,.T.);
#2923=EDGE_CURVE('',#3411,#3410,#524,.T.);
#2924=EDGE_CURVE('',#3391,#3411,#525,.T.);
#2925=EDGE_CURVE('',#3389,#3390,#526,.T.);
#2926=EDGE_CURVE('',#3412,#3388,#527,.T.);
#2927=EDGE_CURVE('',#3413,#3412,#3569,.T.);
#2928=EDGE_CURVE('',#3414,#3413,#528,.T.);
#2929=EDGE_CURVE('',#3414,#3415,#3570,.T.);
#2930=EDGE_CURVE('',#3416,#3415,#529,.T.);
#2931=EDGE_CURVE('',#3417,#3416,#3571,.T.);
#2932=EDGE_CURVE('',#3418,#3417,#530,.T.);
#2933=EDGE_CURVE('',#3419,#3418,#531,.T.);
#2934=EDGE_CURVE('',#3401,#3419,#532,.T.);
#2935=EDGE_CURVE('',#3418,#3420,#533,.T.);
#2936=EDGE_CURVE('',#3302,#3420,#534,.T.);
#2937=EDGE_CURVE('',#3421,#3302,#535,.T.);
#2938=EDGE_CURVE('',#3419,#3421,#536,.T.);
#2939=EDGE_CURVE('',#3421,#3335,#537,.T.);
#2940=EDGE_CURVE('',#3422,#3422,#3572,.T.);
#2941=EDGE_CURVE('',#3423,#3348,#538,.T.);
#2942=EDGE_CURVE('',#3424,#3423,#539,.T.);
#2943=EDGE_CURVE('',#3425,#3424,#540,.T.);
#2944=EDGE_CURVE('',#3425,#3426,#3573,.T.);
#2945=EDGE_CURVE('',#3427,#3426,#541,.T.);
#2946=EDGE_CURVE('',#3428,#3427,#3574,.T.);
#2947=EDGE_CURVE('',#3429,#3428,#542,.T.);
#2948=EDGE_CURVE('',#3429,#3430,#3575,.T.);
#2949=EDGE_CURVE('',#3431,#3430,#543,.T.);
#2950=EDGE_CURVE('',#3432,#3431,#544,.T.);
#2951=EDGE_CURVE('',#3355,#3432,#545,.T.);
#2952=EDGE_CURVE('',#3433,#3376,#546,.T.);
#2953=EDGE_CURVE('',#3434,#3433,#3576,.T.);
#2954=EDGE_CURVE('',#3435,#3434,#547,.T.);
#2955=EDGE_CURVE('',#3435,#3436,#3577,.T.);
#2956=EDGE_CURVE('',#3437,#3436,#548,.T.);
#2957=EDGE_CURVE('',#3438,#3437,#3578,.T.);
#2958=EDGE_CURVE('',#3343,#3438,#549,.T.);
#2959=EDGE_CURVE('',#3368,#3438,#550,.T.);
#2960=EDGE_CURVE('',#3369,#3437,#551,.T.);
#2961=EDGE_CURVE('',#3370,#3436,#552,.T.);
#2962=EDGE_CURVE('',#3371,#3435,#553,.T.);
#2963=EDGE_CURVE('',#3372,#3434,#554,.T.);
#2964=EDGE_CURVE('',#3373,#3433,#555,.T.);
#2965=EDGE_CURVE('',#3358,#3432,#556,.T.);
#2966=EDGE_CURVE('',#3359,#3431,#557,.T.);
#2967=EDGE_CURVE('',#3360,#3430,#558,.T.);
#2968=EDGE_CURVE('',#3361,#3429,#559,.T.);
#2969=EDGE_CURVE('',#3362,#3428,#560,.T.);
#2970=EDGE_CURVE('',#3363,#3427,#561,.T.);
#2971=EDGE_CURVE('',#3364,#3426,#562,.T.);
#2972=EDGE_CURVE('',#3365,#3425,#563,.T.);
#2973=EDGE_CURVE('',#3366,#3424,#564,.T.);
#2974=EDGE_CURVE('',#3367,#3423,#565,.T.);
#2975=EDGE_CURVE('',#3420,#3439,#566,.T.);
#2976=EDGE_CURVE('',#3439,#3440,#3579,.T.);
#2977=EDGE_CURVE('',#3440,#3441,#567,.T.);
#2978=EDGE_CURVE('',#3442,#3441,#3580,.T.);
#2979=EDGE_CURVE('',#3442,#3443,#568,.T.);
#2980=EDGE_CURVE('',#3443,#3444,#3581,.T.);
#2981=EDGE_CURVE('',#3444,#3387,#569,.T.);
#2982=EDGE_CURVE('',#3392,#3445,#570,.T.);
#2983=EDGE_CURVE('',#3445,#3446,#571,.T.);
#2984=EDGE_CURVE('',#3446,#3447,#572,.T.);
#2985=EDGE_CURVE('',#3448,#3447,#3582,.T.);
#2986=EDGE_CURVE('',#3448,#3449,#573,.T.);
#2987=EDGE_CURVE('',#3449,#3450,#3583,.T.);
#2988=EDGE_CURVE('',#3450,#3451,#574,.T.);
#2989=EDGE_CURVE('',#3452,#3451,#3584,.T.);
#2990=EDGE_CURVE('',#3452,#3453,#575,.T.);
#2991=EDGE_CURVE('',#3453,#3454,#576,.T.);
#2992=EDGE_CURVE('',#3454,#3399,#577,.T.);
#2993=EDGE_CURVE('',#3417,#3439,#578,.T.);
#2994=EDGE_CURVE('',#3416,#3440,#579,.T.);
#2995=EDGE_CURVE('',#3415,#3441,#580,.T.);
#2996=EDGE_CURVE('',#3414,#3442,#581,.T.);
#2997=EDGE_CURVE('',#3413,#3443,#582,.T.);
#2998=EDGE_CURVE('',#3412,#3444,#583,.T.);
#2999=EDGE_CURVE('',#3411,#3445,#584,.T.);
#3000=EDGE_CURVE('',#3410,#3446,#585,.T.);
#3001=EDGE_CURVE('',#3409,#3447,#586,.T.);
#3002=EDGE_CURVE('',#3408,#3448,#587,.T.);
#3003=EDGE_CURVE('',#3407,#3449,#588,.T.);
#3004=EDGE_CURVE('',#3406,#3450,#589,.T.);
#3005=EDGE_CURVE('',#3405,#3451,#590,.T.);
#3006=EDGE_CURVE('',#3404,#3452,#591,.T.);
#3007=EDGE_CURVE('',#3403,#3453,#592,.T.);
#3008=EDGE_CURVE('',#3402,#3454,#593,.T.);
#3009=EDGE_CURVE('',#3455,#3455,#3585,.T.);
#3010=EDGE_CURVE('',#3456,#3456,#3586,.F.);
#3011=EDGE_CURVE('',#3457,#3457,#3587,.T.);
#3012=EDGE_CURVE('',#3458,#3458,#3588,.T.);
#3013=EDGE_CURVE('',#3459,#3459,#3589,.T.);
#3014=EDGE_CURVE('',#3460,#3460,#3590,.T.);
#3015=EDGE_CURVE('',#3461,#3461,#3591,.T.);
#3016=EDGE_CURVE('',#3462,#3463,#594,.T.);
#3017=EDGE_CURVE('',#3464,#3462,#595,.T.);
#3018=EDGE_CURVE('',#3464,#3465,#596,.T.);
#3019=EDGE_CURVE('',#3466,#3465,#3592,.T.);
#3020=EDGE_CURVE('',#3466,#3467,#597,.T.);
#3021=EDGE_CURVE('',#3467,#3468,#598,.T.);
#3022=EDGE_CURVE('',#3468,#3469,#599,.T.);
#3023=EDGE_CURVE('',#3469,#3463,#3593,.T.);
#3024=EDGE_CURVE('',#3470,#3471,#600,.T.);
#3025=EDGE_CURVE('',#3471,#3472,#601,.T.);
#3026=EDGE_CURVE('',#3473,#3472,#3594,.T.);
#3027=EDGE_CURVE('',#3474,#3473,#602,.T.);
#3028=EDGE_CURVE('',#3475,#3474,#603,.T.);
#3029=EDGE_CURVE('',#3476,#3475,#604,.T.);
#3030=EDGE_CURVE('',#3476,#3477,#3595,.T.);
#3031=EDGE_CURVE('',#3470,#3477,#605,.T.);
#3032=EDGE_CURVE('',#3471,#3478,#3596,.F.);
#3033=EDGE_CURVE('',#3479,#3478,#3597,.F.);
#3034=EDGE_CURVE('',#3480,#3479,#606,.T.);
#3035=EDGE_CURVE('',#3481,#3480,#607,.T.);
#3036=EDGE_CURVE('',#3482,#3481,#608,.T.);
#3037=EDGE_CURVE('',#3483,#3482,#3598,.F.);
#3038=EDGE_CURVE('',#3483,#3462,#3599,.F.);
#3039=EDGE_CURVE('',#3463,#3472,#609,.T.);
#3040=EDGE_CURVE('',#3484,#3485,#3600,.F.);
#3041=EDGE_CURVE('',#3484,#3470,#3601,.F.);
#3042=EDGE_CURVE('',#3477,#3465,#610,.T.);
#3043=EDGE_CURVE('',#3464,#3486,#3602,.F.);
#3044=EDGE_CURVE('',#3487,#3486,#3603,.F.);
#3045=EDGE_CURVE('',#3488,#3487,#611,.T.);
#3046=EDGE_CURVE('',#3489,#3488,#612,.T.);
#3047=EDGE_CURVE('',#3485,#3489,#613,.T.);
#3048=EDGE_CURVE('',#3480,#3490,#3604,.F.);
#3049=EDGE_CURVE('',#3491,#3490,#614,.T.);
#3050=EDGE_CURVE('',#3491,#3481,#3605,.F.);
#3051=EDGE_CURVE('',#3492,#3493,#615,.T.);
#3052=EDGE_CURVE('',#3492,#3489,#3606,.T.);
#3053=EDGE_CURVE('',#3488,#3493,#3607,.T.);
#3054=EDGE_CURVE('',#3494,#3490,#616,.T.);
#3055=EDGE_CURVE('',#3495,#3494,#617,.T.);
#3056=EDGE_CURVE('',#3491,#3495,#618,.T.);
#3057=EDGE_CURVE('',#3492,#3496,#619,.T.);
#3058=EDGE_CURVE('',#3497,#3493,#620,.T.);
#3059=EDGE_CURVE('',#3496,#3497,#621,.T.);
#3060=EDGE_CURVE('',#3494,#3496,#622,.T.);
#3061=EDGE_CURVE('',#3497,#3495,#623,.T.);
#3062=EDGE_CURVE('',#3467,#3475,#624,.T.);
#3063=EDGE_CURVE('',#3466,#3476,#625,.T.);
#3064=EDGE_CURVE('',#3468,#3474,#626,.T.);
#3065=EDGE_CURVE('',#3469,#3473,#627,.T.);
#3066=EDGE_CURVE('',#3487,#3482,#628,.T.);
#3067=EDGE_CURVE('',#3486,#3483,#629,.T.);
#3068=EDGE_CURVE('',#3484,#3478,#630,.T.);
#3069=EDGE_CURVE('',#3485,#3479,#631,.T.);
#3070=VERTEX_POINT('',#6761);
#3071=VERTEX_POINT('',#6763);
#3072=VERTEX_POINT('',#6765);
#3073=VERTEX_POINT('',#6767);
#3074=VERTEX_POINT('',#6768);
#3075=VERTEX_POINT('',#6770);
#3076=VERTEX_POINT('',#6772);
#3077=VERTEX_POINT('',#6774);
#3078=VERTEX_POINT('',#6776);
#3079=VERTEX_POINT('',#6778);
#3080=VERTEX_POINT('',#6780);
#3081=VERTEX_POINT('',#6782);
#3082=VERTEX_POINT('',#6784);
#3083=VERTEX_POINT('',#6786);
#3084=VERTEX_POINT('',#6788);
#3085=VERTEX_POINT('',#6790);
#3086=VERTEX_POINT('',#6792);
#3087=VERTEX_POINT('',#6794);
#3088=VERTEX_POINT('',#6796);
#3089=VERTEX_POINT('',#6798);
#3090=VERTEX_POINT('',#6800);
#3091=VERTEX_POINT('',#6802);
#3092=VERTEX_POINT('',#6804);
#3093=VERTEX_POINT('',#6806);
#3094=VERTEX_POINT('',#6808);
#3095=VERTEX_POINT('',#6810);
#3096=VERTEX_POINT('',#6812);
#3097=VERTEX_POINT('',#6816);
#3098=VERTEX_POINT('',#6818);
#3099=VERTEX_POINT('',#6821);
#3100=VERTEX_POINT('',#6823);
#3101=VERTEX_POINT('',#6825);
#3102=VERTEX_POINT('',#6827);
#3103=VERTEX_POINT('',#6829);
#3104=VERTEX_POINT('',#6831);
#3105=VERTEX_POINT('',#6833);
#3106=VERTEX_POINT('',#6835);
#3107=VERTEX_POINT('',#6837);
#3108=VERTEX_POINT('',#6839);
#3109=VERTEX_POINT('',#6841);
#3110=VERTEX_POINT('',#6843);
#3111=VERTEX_POINT('',#6845);
#3112=VERTEX_POINT('',#6847);
#3113=VERTEX_POINT('',#6849);
#3114=VERTEX_POINT('',#6851);
#3115=VERTEX_POINT('',#6853);
#3116=VERTEX_POINT('',#6855);
#3117=VERTEX_POINT('',#6857);
#3118=VERTEX_POINT('',#6859);
#3119=VERTEX_POINT('',#6861);
#3120=VERTEX_POINT('',#6863);
#3121=VERTEX_POINT('',#6867);
#3122=VERTEX_POINT('',#6869);
#3123=VERTEX_POINT('',#6873);
#3124=VERTEX_POINT('',#6875);
#3125=VERTEX_POINT('',#6879);
#3126=VERTEX_POINT('',#6881);
#3127=VERTEX_POINT('',#6883);
#3128=VERTEX_POINT('',#6885);
#3129=VERTEX_POINT('',#6887);
#3130=VERTEX_POINT('',#6889);
#3131=VERTEX_POINT('',#6891);
#3132=VERTEX_POINT('',#6893);
#3133=VERTEX_POINT('',#6895);
#3134=VERTEX_POINT('',#6897);
#3135=VERTEX_POINT('',#6899);
#3136=VERTEX_POINT('',#6901);
#3137=VERTEX_POINT('',#6903);
#3138=VERTEX_POINT('',#6905);
#3139=VERTEX_POINT('',#6907);
#3140=VERTEX_POINT('',#6909);
#3141=VERTEX_POINT('',#6911);
#3142=VERTEX_POINT('',#6913);
#3143=VERTEX_POINT('',#6915);
#3144=VERTEX_POINT('',#6917);
#3145=VERTEX_POINT('',#6919);
#3146=VERTEX_POINT('',#6921);
#3147=VERTEX_POINT('',#6925);
#3148=VERTEX_POINT('',#6926);
#3149=VERTEX_POINT('',#6931);
#3150=VERTEX_POINT('',#6933);
#3151=VERTEX_POINT('',#6939);
#3152=VERTEX_POINT('',#6941);
#3153=VERTEX_POINT('',#6943);
#3154=VERTEX_POINT('',#6945);
#3155=VERTEX_POINT('',#6947);
#3156=VERTEX_POINT('',#6949);
#3157=VERTEX_POINT('',#6951);
#3158=VERTEX_POINT('',#6953);
#3159=VERTEX_POINT('',#6958);
#3160=VERTEX_POINT('',#6960);
#3161=VERTEX_POINT('',#6962);
#3162=VERTEX_POINT('',#6964);
#3163=VERTEX_POINT('',#6966);
#3164=VERTEX_POINT('',#6968);
#3165=VERTEX_POINT('',#6970);
#3166=VERTEX_POINT('',#6972);
#3167=VERTEX_POINT('',#6977);
#3168=VERTEX_POINT('',#6979);
#3169=VERTEX_POINT('',#6983);
#3170=VERTEX_POINT('',#6984);
#3171=VERTEX_POINT('',#6986);
#3172=VERTEX_POINT('',#6988);
#3173=VERTEX_POINT('',#6991);
#3174=VERTEX_POINT('',#6993);
#3175=VERTEX_POINT('',#7000);
#3176=VERTEX_POINT('',#7002);
#3177=VERTEX_POINT('',#7004);
#3178=VERTEX_POINT('',#7007);
#3179=VERTEX_POINT('',#7009);
#3180=VERTEX_POINT('',#7012);
#3181=VERTEX_POINT('',#7014);
#3182=VERTEX_POINT('',#7017);
#3183=VERTEX_POINT('',#7019);
#3184=VERTEX_POINT('',#7022);
#3185=VERTEX_POINT('',#7026);
#3186=VERTEX_POINT('',#7030);
#3187=VERTEX_POINT('',#7032);
#3188=VERTEX_POINT('',#7034);
#3189=VERTEX_POINT('',#7036);
#3190=VERTEX_POINT('',#7038);
#3191=VERTEX_POINT('',#7044);
#3192=VERTEX_POINT('',#7046);
#3193=VERTEX_POINT('',#7048);
#3194=VERTEX_POINT('',#7050);
#3195=VERTEX_POINT('',#7063);
#3196=VERTEX_POINT('',#7065);
#3197=VERTEX_POINT('',#7067);
#3198=VERTEX_POINT('',#7069);
#3199=VERTEX_POINT('',#7082);
#3200=VERTEX_POINT('',#7086);
#3201=VERTEX_POINT('',#7090);
#3202=VERTEX_POINT('',#7094);
#3203=VERTEX_POINT('',#7101);
#3204=VERTEX_POINT('',#7103);
#3205=VERTEX_POINT('',#7105);
#3206=VERTEX_POINT('',#7107);
#3207=VERTEX_POINT('',#7138);
#3208=VERTEX_POINT('',#7144);
#3209=VERTEX_POINT('',#7150);
#3210=VERTEX_POINT('',#7156);
#3211=VERTEX_POINT('',#7162);
#3212=VERTEX_POINT('',#7164);
#3213=VERTEX_POINT('',#7173);
#3214=VERTEX_POINT('',#7175);
#3215=VERTEX_POINT('',#7184);
#3216=VERTEX_POINT('',#7186);
#3217=VERTEX_POINT('',#7195);
#3218=VERTEX_POINT('',#7197);
#3219=VERTEX_POINT('',#7206);
#3220=VERTEX_POINT('',#7209);
#3221=VERTEX_POINT('',#7212);
#3222=VERTEX_POINT('',#7216);
#3223=VERTEX_POINT('',#7220);
#3224=VERTEX_POINT('',#7230);
#3225=VERTEX_POINT('',#7231);
#3226=VERTEX_POINT('',#7233);
#3227=VERTEX_POINT('',#7235);
#3228=VERTEX_POINT('',#7239);
#3229=VERTEX_POINT('',#7241);
#3230=VERTEX_POINT('',#7245);
#3231=VERTEX_POINT('',#7247);
#3232=VERTEX_POINT('',#7251);
#3233=VERTEX_POINT('',#7253);
#3234=VERTEX_POINT('',#7257);
#3235=VERTEX_POINT('',#7259);
#3236=VERTEX_POINT('',#7263);
#3237=VERTEX_POINT('',#7265);
#3238=VERTEX_POINT('',#7269);
#3239=VERTEX_POINT('',#7271);
#3240=VERTEX_POINT('',#7275);
#3241=VERTEX_POINT('',#7277);
#3242=VERTEX_POINT('',#7281);
#3243=VERTEX_POINT('',#7283);
#3244=VERTEX_POINT('',#7287);
#3245=VERTEX_POINT('',#7289);
#3246=VERTEX_POINT('',#7293);
#3247=VERTEX_POINT('',#7295);
#3248=VERTEX_POINT('',#7299);
#3249=VERTEX_POINT('',#7301);
#3250=VERTEX_POINT('',#7305);
#3251=VERTEX_POINT('',#7307);
#3252=VERTEX_POINT('',#7311);
#3253=VERTEX_POINT('',#7313);
#3254=VERTEX_POINT('',#7317);
#3255=VERTEX_POINT('',#7319);
#3256=VERTEX_POINT('',#7323);
#3257=VERTEX_POINT('',#7325);
#3258=VERTEX_POINT('',#7329);
#3259=VERTEX_POINT('',#7331);
#3260=VERTEX_POINT('',#7335);
#3261=VERTEX_POINT('',#7337);
#3262=VERTEX_POINT('',#7341);
#3263=VERTEX_POINT('',#7343);
#3264=VERTEX_POINT('',#7347);
#3265=VERTEX_POINT('',#7349);
#3266=VERTEX_POINT('',#7353);
#3267=VERTEX_POINT('',#7355);
#3268=VERTEX_POINT('',#7359);
#3269=VERTEX_POINT('',#7361);
#3270=VERTEX_POINT('',#7365);
#3271=VERTEX_POINT('',#7367);
#3272=VERTEX_POINT('',#7371);
#3273=VERTEX_POINT('',#7373);
#3274=VERTEX_POINT('',#7377);
#3275=VERTEX_POINT('',#7379);
#3276=VERTEX_POINT('',#7383);
#3277=VERTEX_POINT('',#7385);
#3278=VERTEX_POINT('',#7389);
#3279=VERTEX_POINT('',#7391);
#3280=VERTEX_POINT('',#7395);
#3281=VERTEX_POINT('',#7397);
#3282=VERTEX_POINT('',#7401);
#3283=VERTEX_POINT('',#7403);
#3284=VERTEX_POINT('',#7407);
#3285=VERTEX_POINT('',#7409);
#3286=VERTEX_POINT('',#7413);
#3287=VERTEX_POINT('',#7415);
#3288=VERTEX_POINT('',#7419);
#3289=VERTEX_POINT('',#7421);
#3290=VERTEX_POINT('',#7425);
#3291=VERTEX_POINT('',#7427);
#3292=VERTEX_POINT('',#7431);
#3293=VERTEX_POINT('',#7433);
#3294=VERTEX_POINT('',#7437);
#3295=VERTEX_POINT('',#7439);
#3296=VERTEX_POINT('',#7446);
#3297=VERTEX_POINT('',#7450);
#3298=VERTEX_POINT('',#7453);
#3299=VERTEX_POINT('',#7456);
#3300=VERTEX_POINT('',#7459);
#3301=VERTEX_POINT('',#7464);
#3302=VERTEX_POINT('',#7466);
#3303=VERTEX_POINT('',#7467);
#3304=VERTEX_POINT('',#7469);
#3305=VERTEX_POINT('',#7471);
#3306=VERTEX_POINT('',#7473);
#3307=VERTEX_POINT('',#7475);
#3308=VERTEX_POINT('',#7477);
#3309=VERTEX_POINT('',#7479);
#3310=VERTEX_POINT('',#7481);
#3311=VERTEX_POINT('',#7483);
#3312=VERTEX_POINT('',#7485);
#3313=VERTEX_POINT('',#7487);
#3314=VERTEX_POINT('',#7489);
#3315=VERTEX_POINT('',#7491);
#3316=VERTEX_POINT('',#7493);
#3317=VERTEX_POINT('',#7495);
#3318=VERTEX_POINT('',#7497);
#3319=VERTEX_POINT('',#7499);
#3320=VERTEX_POINT('',#7501);
#3321=VERTEX_POINT('',#7503);
#3322=VERTEX_POINT('',#7505);
#3323=VERTEX_POINT('',#7507);
#3324=VERTEX_POINT('',#7509);
#3325=VERTEX_POINT('',#7511);
#3326=VERTEX_POINT('',#7513);
#3327=VERTEX_POINT('',#7515);
#3328=VERTEX_POINT('',#7517);
#3329=VERTEX_POINT('',#7519);
#3330=VERTEX_POINT('',#7521);
#3331=VERTEX_POINT('',#7523);
#3332=VERTEX_POINT('',#7525);
#3333=VERTEX_POINT('',#7527);
#3334=VERTEX_POINT('',#7531);
#3335=VERTEX_POINT('',#7533);
#3336=VERTEX_POINT('',#7537);
#3337=VERTEX_POINT('',#7541);
#3338=VERTEX_POINT('',#7545);
#3339=VERTEX_POINT('',#7549);
#3340=VERTEX_POINT('',#7553);
#3341=VERTEX_POINT('',#7557);
#3342=VERTEX_POINT('',#7561);
#3343=VERTEX_POINT('',#7565);
#3344=VERTEX_POINT('',#7567);
#3345=VERTEX_POINT('',#7569);
#3346=VERTEX_POINT('',#7573);
#3347=VERTEX_POINT('',#7574);
#3348=VERTEX_POINT('',#7576);
#3349=VERTEX_POINT('',#7579);
#3350=VERTEX_POINT('',#7583);
#3351=VERTEX_POINT('',#7587);
#3352=VERTEX_POINT('',#7591);
#3353=VERTEX_POINT('',#7595);
#3354=VERTEX_POINT('',#7599);
#3355=VERTEX_POINT('',#7603);
#3356=VERTEX_POINT('',#7605);
#3357=VERTEX_POINT('',#7607);
#3358=VERTEX_POINT('',#7611);
#3359=VERTEX_POINT('',#7613);
#3360=VERTEX_POINT('',#7615);
#3361=VERTEX_POINT('',#7617);
#3362=VERTEX_POINT('',#7619);
#3363=VERTEX_POINT('',#7621);
#3364=VERTEX_POINT('',#7623);
#3365=VERTEX_POINT('',#7625);
#3366=VERTEX_POINT('',#7627);
#3367=VERTEX_POINT('',#7629);
#3368=VERTEX_POINT('',#7633);
#3369=VERTEX_POINT('',#7635);
#3370=VERTEX_POINT('',#7637);
#3371=VERTEX_POINT('',#7639);
#3372=VERTEX_POINT('',#7641);
#3373=VERTEX_POINT('',#7643);
#3374=VERTEX_POINT('',#7645);
#3375=VERTEX_POINT('',#7647);
#3376=VERTEX_POINT('',#7651);
#3377=VERTEX_POINT('',#7654);
#3378=VERTEX_POINT('',#7658);
#3379=VERTEX_POINT('',#7662);
#3380=VERTEX_POINT('',#7666);
#3381=VERTEX_POINT('',#7670);
#3382=VERTEX_POINT('',#7674);
#3383=VERTEX_POINT('',#7678);
#3384=VERTEX_POINT('',#7682);
#3385=VERTEX_POINT('',#7686);
#3386=VERTEX_POINT('',#7690);
#3387=VERTEX_POINT('',#7694);
#3388=VERTEX_POINT('',#7696);
#3389=VERTEX_POINT('',#7698);
#3390=VERTEX_POINT('',#7702);
#3391=VERTEX_POINT('',#7703);
#3392=VERTEX_POINT('',#7705);
#3393=VERTEX_POINT('',#7708);
#3394=VERTEX_POINT('',#7712);
#3395=VERTEX_POINT('',#7716);
#3396=VERTEX_POINT('',#7720);
#3397=VERTEX_POINT('',#7724);
#3398=VERTEX_POINT('',#7728);
#3399=VERTEX_POINT('',#7732);
#3400=VERTEX_POINT('',#7734);
#3401=VERTEX_POINT('',#7736);
#3402=VERTEX_POINT('',#7740);
#3403=VERTEX_POINT('',#7742);
#3404=VERTEX_POINT('',#7744);
#3405=VERTEX_POINT('',#7746);
#3406=VERTEX_POINT('',#7748);
#3407=VERTEX_POINT('',#7750);
#3408=VERTEX_POINT('',#7752);
#3409=VERTEX_POINT('',#7754);
#3410=VERTEX_POINT('',#7756);
#3411=VERTEX_POINT('',#7758);
#3412=VERTEX_POINT('',#7762);
#3413=VERTEX_POINT('',#7764);
#3414=VERTEX_POINT('',#7766);
#3415=VERTEX_POINT('',#7768);
#3416=VERTEX_POINT('',#7770);
#3417=VERTEX_POINT('',#7772);
#3418=VERTEX_POINT('',#7774);
#3419=VERTEX_POINT('',#7776);
#3420=VERTEX_POINT('',#7780);
#3421=VERTEX_POINT('',#7783);
#3422=VERTEX_POINT('',#7789);
#3423=VERTEX_POINT('',#7792);
#3424=VERTEX_POINT('',#7794);
#3425=VERTEX_POINT('',#7796);
#3426=VERTEX_POINT('',#7798);
#3427=VERTEX_POINT('',#7800);
#3428=VERTEX_POINT('',#7802);
#3429=VERTEX_POINT('',#7804);
#3430=VERTEX_POINT('',#7806);
#3431=VERTEX_POINT('',#7808);
#3432=VERTEX_POINT('',#7810);
#3433=VERTEX_POINT('',#7813);
#3434=VERTEX_POINT('',#7815);
#3435=VERTEX_POINT('',#7817);
#3436=VERTEX_POINT('',#7819);
#3437=VERTEX_POINT('',#7821);
#3438=VERTEX_POINT('',#7823);
#3439=VERTEX_POINT('',#7861);
#3440=VERTEX_POINT('',#7863);
#3441=VERTEX_POINT('',#7865);
#3442=VERTEX_POINT('',#7867);
#3443=VERTEX_POINT('',#7869);
#3444=VERTEX_POINT('',#7871);
#3445=VERTEX_POINT('',#7874);
#3446=VERTEX_POINT('',#7876);
#3447=VERTEX_POINT('',#7878);
#3448=VERTEX_POINT('',#7880);
#3449=VERTEX_POINT('',#7882);
#3450=VERTEX_POINT('',#7884);
#3451=VERTEX_POINT('',#7886);
#3452=VERTEX_POINT('',#7888);
#3453=VERTEX_POINT('',#7890);
#3454=VERTEX_POINT('',#7892);
#3455=VERTEX_POINT('',#7930);
#3456=VERTEX_POINT('',#7932);
#3457=VERTEX_POINT('',#7935);
#3458=VERTEX_POINT('',#7938);
#3459=VERTEX_POINT('',#7941);
#3460=VERTEX_POINT('',#7944);
#3461=VERTEX_POINT('',#7947);
#3462=VERTEX_POINT('',#7953);
#3463=VERTEX_POINT('',#7954);
#3464=VERTEX_POINT('',#7956);
#3465=VERTEX_POINT('',#7958);
#3466=VERTEX_POINT('',#7960);
#3467=VERTEX_POINT('',#7962);
#3468=VERTEX_POINT('',#7964);
#3469=VERTEX_POINT('',#7966);
#3470=VERTEX_POINT('',#7970);
#3471=VERTEX_POINT('',#7971);
#3472=VERTEX_POINT('',#7973);
#3473=VERTEX_POINT('',#7975);
#3474=VERTEX_POINT('',#7977);
#3475=VERTEX_POINT('',#7979);
#3476=VERTEX_POINT('',#7981);
#3477=VERTEX_POINT('',#7983);
#3478=VERTEX_POINT('',#7987);
#3479=VERTEX_POINT('',#7989);
#3480=VERTEX_POINT('',#7991);
#3481=VERTEX_POINT('',#7993);
#3482=VERTEX_POINT('',#7995);
#3483=VERTEX_POINT('',#7997);
#3484=VERTEX_POINT('',#8002);
#3485=VERTEX_POINT('',#8003);
#3486=VERTEX_POINT('',#8007);
#3487=VERTEX_POINT('',#8009);
#3488=VERTEX_POINT('',#8011);
#3489=VERTEX_POINT('',#8013);
#3490=VERTEX_POINT('',#8017);
#3491=VERTEX_POINT('',#8019);
#3492=VERTEX_POINT('',#8023);
#3493=VERTEX_POINT('',#8024);
#3494=VERTEX_POINT('',#8029);
#3495=VERTEX_POINT('',#8031);
#3496=VERTEX_POINT('',#8035);
#3497=VERTEX_POINT('',#8037);
#3498=CIRCLE('',#5177,0.75);
#3499=CIRCLE('',#5178,0.915);
#3500=CIRCLE('',#5179,0.765);
#3501=CIRCLE('',#5180,0.575);
#3502=CIRCLE('',#5181,0.575);
#3503=CIRCLE('',#5182,0.575);
#3504=CIRCLE('',#5183,0.575);
#3505=CIRCLE('',#5191,0.600000000000001);
#3506=CIRCLE('',#5192,0.6);
#3507=CIRCLE('',#5194,0.600000000000001);
#3508=CIRCLE('',#5195,0.6);
#3509=CIRCLE('',#5238,0.6);
#3510=CIRCLE('',#5241,0.600000000000001);
#3511=CIRCLE('',#5244,0.6);
#3512=CIRCLE('',#5247,0.600000000000001);
#3513=CIRCLE('',#5250,0.575);
#3514=CIRCLE('',#5255,0.575);
#3515=CIRCLE('',#5260,0.575);
#3516=CIRCLE('',#5265,0.575);
#3517=CIRCLE('',#5270,0.355);
#3518=CIRCLE('',#5272,0.5);
#3519=CIRCLE('',#5274,0.65);
#3520=CIRCLE('',#5277,0.8);
#3521=CIRCLE('',#5280,0.75);
#3522=CIRCLE('',#5288,0.15);
#3523=CIRCLE('',#5289,0.15);
#3524=CIRCLE('',#5292,0.150000000000002);
#3525=CIRCLE('',#5293,0.150000000000002);
#3526=CIRCLE('',#5296,0.150000000000002);
#3527=CIRCLE('',#5297,0.150000000000002);
#3528=CIRCLE('',#5301,0.15);
#3529=CIRCLE('',#5302,0.15);
#3530=CIRCLE('',#5305,0.15);
#3531=CIRCLE('',#5306,0.15);
#3532=CIRCLE('',#5310,0.150000000000002);
#3533=CIRCLE('',#5311,0.150000000000002);
#3534=CIRCLE('',#5314,0.150000000000003);
#3535=CIRCLE('',#5315,0.150000000000003);
#3536=CIRCLE('',#5318,0.150000000000001);
#3537=CIRCLE('',#5319,0.150000000000001);
#3538=CIRCLE('',#5322,0.15);
#3539=CIRCLE('',#5323,0.15);
#3540=CIRCLE('',#5326,0.150000000000002);
#3541=CIRCLE('',#5327,0.150000000000002);
#3542=CIRCLE('',#5330,0.150000000000001);
#3543=CIRCLE('',#5331,0.150000000000001);
#3544=CIRCLE('',#5335,0.15);
#3545=CIRCLE('',#5336,0.15);
#3546=CIRCLE('',#5339,0.15);
#3547=CIRCLE('',#5340,0.15);
#3548=CIRCLE('',#5344,0.150000000000002);
#3549=CIRCLE('',#5345,0.150000000000002);
#3550=CIRCLE('',#5348,0.150000000000001);
#3551=CIRCLE('',#5349,0.150000000000001);
#3552=CIRCLE('',#5352,0.15);
#3553=CIRCLE('',#5353,0.15);
#3554=CIRCLE('',#5355,1.5205969766153);
#3555=CIRCLE('',#5358,0.6);
#3556=CIRCLE('',#5360,0.7);
#3557=CIRCLE('',#5362,1.33068815943059);
#3558=CIRCLE('',#5364,1.43067292894622);
#3559=CIRCLE('',#5368,1.525);
#3560=CIRCLE('',#5386,0.198);
#3561=CIRCLE('',#5387,0.850000000000001);
#3562=CIRCLE('',#5388,0.198);
#3563=CIRCLE('',#5389,0.545999999999999);
#3564=CIRCLE('',#5390,0.499999999999999);
#3565=CIRCLE('',#5391,0.546);
#3566=CIRCLE('',#5411,0.198);
#3567=CIRCLE('',#5412,0.850000000000001);
#3568=CIRCLE('',#5413,0.198);
#3569=CIRCLE('',#5414,0.546);
#3570=CIRCLE('',#5415,0.499999999999999);
#3571=CIRCLE('',#5416,0.545999999999999);
#3572=CIRCLE('',#5420,2.55);
#3573=CIRCLE('',#5422,0.198);
#3574=CIRCLE('',#5423,0.850000000000001);
#3575=CIRCLE('',#5424,0.198);
#3576=CIRCLE('',#5425,0.546);
#3577=CIRCLE('',#5426,0.499999999999999);
#3578=CIRCLE('',#5427,0.545999999999999);
#3579=CIRCLE('',#5447,0.545999999999999);
#3580=CIRCLE('',#5448,0.499999999999999);
#3581=CIRCLE('',#5449,0.546);
#3582=CIRCLE('',#5450,0.198);
#3583=CIRCLE('',#5451,0.850000000000001);
#3584=CIRCLE('',#5452,0.198);
#3585=CIRCLE('',#5472,1.72);
#3586=CIRCLE('',#5473,1.525);
#3587=CIRCLE('',#5475,1.72);
#3588=CIRCLE('',#5477,1.82);
#3589=CIRCLE('',#5479,1.95);
#3590=CIRCLE('',#5481,2.35);
#3591=CIRCLE('',#5483,2.35);
#3592=CIRCLE('',#5488,0.35);
#3593=CIRCLE('',#5489,0.1);
#3594=CIRCLE('',#5491,0.1);
#3595=CIRCLE('',#5492,0.35);
#3596=CIRCLE('',#5494,0.1);
#3597=CIRCLE('',#5495,0.1);
#3598=CIRCLE('',#5496,0.099999999999999);
#3599=CIRCLE('',#5497,0.100000000000002);
#3600=CIRCLE('',#5499,0.1);
#3601=CIRCLE('',#5500,0.1);
#3602=CIRCLE('',#5501,0.100000000000002);
#3603=CIRCLE('',#5502,0.099999999999999);
#3604=CIRCLE('',#5504,0.35);
#3605=CIRCLE('',#5505,0.35);
#3606=CIRCLE('',#5507,0.1);
#3607=CIRCLE('',#5508,0.1);
#3608=EDGE_LOOP('',(#1159));
#3609=EDGE_LOOP('',(#1160));
#3610=EDGE_LOOP('',(#1161));
#3611=EDGE_LOOP('',(#1162,#1163,#1164,#1165,#1166,#1167,#1168,#1169,#1170,
#1171,#1172,#1173,#1174,#1175,#1176,#1177,#1178,#1179,#1180,#1181,#1182,
#1183,#1184,#1185));
#3612=EDGE_LOOP('',(#1186,#1187,#1188,#1189,#1190,#1191,#1192,#1193,#1194,
#1195,#1196,#1197,#1198,#1199,#1200,#1201,#1202,#1203,#1204,#1205,#1206,
#1207,#1208,#1209,#1210,#1211,#1212,#1213));
#3613=EDGE_LOOP('',(#1214,#1215,#1216,#1217));
#3614=EDGE_LOOP('',(#1218,#1219,#1220,#1221));
#3615=EDGE_LOOP('',(#1222,#1223,#1224,#1225,#1226,#1227,#1228,#1229,#1230,
#1231,#1232,#1233,#1234,#1235,#1236,#1237,#1238,#1239,#1240,#1241,#1242,
#1243,#1244,#1245));
#3616=EDGE_LOOP('',(#1246,#1247,#1248,#1249));
#3617=EDGE_LOOP('',(#1250,#1251,#1252,#1253));
#3618=EDGE_LOOP('',(#1254,#1255,#1256,#1257,#1258,#1259,#1260,#1261,#1262,
#1263,#1264,#1265,#1266,#1267,#1268,#1269));
#3619=EDGE_LOOP('',(#1270,#1271,#1272,#1273,#1274,#1275,#1276,#1277,#1278,
#1279,#1280,#1281,#1282,#1283,#1284,#1285));
#3620=EDGE_LOOP('',(#1286,#1287,#1288,#1289));
#3621=EDGE_LOOP('',(#1290,#1291,#1292,#1293,#1294,#1295,#1296,#1297));
#3622=EDGE_LOOP('',(#1298,#1299,#1300,#1301));
#3623=EDGE_LOOP('',(#1302,#1303,#1304,#1305,#1306,#1307,#1308,#1309,#1310,
#1311,#1312,#1313,#1314,#1315,#1316,#1317,#1318,#1319,#1320,#1321,#1322,
#1323,#1324,#1325,#1326,#1327,#1328,#1329));
#3624=EDGE_LOOP('',(#1330,#1331,#1332,#1333));
#3625=EDGE_LOOP('',(#1334,#1335,#1336,#1337,#1338,#1339,#1340,#1341));
#3626=EDGE_LOOP('',(#1342,#1343,#1344,#1345));
#3627=EDGE_LOOP('',(#1346,#1347,#1348,#1349,#1350,#1351));
#3628=EDGE_LOOP('',(#1352,#1353,#1354,#1355));
#3629=EDGE_LOOP('',(#1356,#1357,#1358,#1359));
#3630=EDGE_LOOP('',(#1360,#1361,#1362,#1363));
#3631=EDGE_LOOP('',(#1364,#1365,#1366,#1367));
#3632=EDGE_LOOP('',(#1368,#1369,#1370,#1371));
#3633=EDGE_LOOP('',(#1372,#1373,#1374,#1375,#1376,#1377));
#3634=EDGE_LOOP('',(#1378,#1379,#1380,#1381));
#3635=EDGE_LOOP('',(#1382,#1383,#1384,#1385));
#3636=EDGE_LOOP('',(#1386,#1387,#1388,#1389));
#3637=EDGE_LOOP('',(#1390,#1391,#1392,#1393));
#3638=EDGE_LOOP('',(#1394,#1395,#1396,#1397));
#3639=EDGE_LOOP('',(#1398,#1399,#1400,#1401));
#3640=EDGE_LOOP('',(#1402,#1403,#1404,#1405));
#3641=EDGE_LOOP('',(#1406,#1407,#1408,#1409));
#3642=EDGE_LOOP('',(#1410,#1411,#1412,#1413));
#3643=EDGE_LOOP('',(#1414,#1415,#1416,#1417));
#3644=EDGE_LOOP('',(#1418,#1419,#1420,#1421,#1422,#1423));
#3645=EDGE_LOOP('',(#1424,#1425,#1426,#1427,#1428,#1429));
#3646=EDGE_LOOP('',(#1430,#1431,#1432,#1433));
#3647=EDGE_LOOP('',(#1434,#1435,#1436,#1437));
#3648=EDGE_LOOP('',(#1438,#1439,#1440,#1441));
#3649=EDGE_LOOP('',(#1442,#1443,#1444,#1445));
#3650=EDGE_LOOP('',(#1446,#1447,#1448,#1449));
#3651=EDGE_LOOP('',(#1450,#1451,#1452,#1453));
#3652=EDGE_LOOP('',(#1454,#1455,#1456,#1457));
#3653=EDGE_LOOP('',(#1458,#1459,#1460,#1461));
#3654=EDGE_LOOP('',(#1462,#1463,#1464,#1465));
#3655=EDGE_LOOP('',(#1466,#1467,#1468,#1469));
#3656=EDGE_LOOP('',(#1470,#1471,#1472,#1473));
#3657=EDGE_LOOP('',(#1474,#1475,#1476,#1477));
#3658=EDGE_LOOP('',(#1478,#1479,#1480,#1481));
#3659=EDGE_LOOP('',(#1482,#1483,#1484,#1485));
#3660=EDGE_LOOP('',(#1486,#1487,#1488,#1489));
#3661=EDGE_LOOP('',(#1490,#1491,#1492,#1493,#1494));
#3662=EDGE_LOOP('',(#1495,#1496,#1497));
#3663=EDGE_LOOP('',(#1498,#1499,#1500));
#3664=EDGE_LOOP('',(#1501,#1502,#1503,#1504,#1505));
#3665=EDGE_LOOP('',(#1506,#1507,#1508,#1509,#1510));
#3666=EDGE_LOOP('',(#1511,#1512,#1513));
#3667=EDGE_LOOP('',(#1514,#1515,#1516));
#3668=EDGE_LOOP('',(#1517,#1518,#1519,#1520,#1521));
#3669=EDGE_LOOP('',(#1522,#1523,#1524,#1525,#1526,#1527));
#3670=EDGE_LOOP('',(#1528,#1529,#1530,#1531));
#3671=EDGE_LOOP('',(#1532,#1533,#1534,#1535));
#3672=EDGE_LOOP('',(#1536,#1537,#1538,#1539));
#3673=EDGE_LOOP('',(#1540,#1541,#1542,#1543,#1544,#1545));
#3674=EDGE_LOOP('',(#1546,#1547,#1548,#1549));
#3675=EDGE_LOOP('',(#1550,#1551,#1552,#1553));
#3676=EDGE_LOOP('',(#1554,#1555,#1556,#1557));
#3677=EDGE_LOOP('',(#1558,#1559,#1560,#1561,#1562,#1563));
#3678=EDGE_LOOP('',(#1564,#1565,#1566,#1567));
#3679=EDGE_LOOP('',(#1568,#1569,#1570,#1571));
#3680=EDGE_LOOP('',(#1572,#1573,#1574,#1575));
#3681=EDGE_LOOP('',(#1576,#1577,#1578,#1579,#1580,#1581));
#3682=EDGE_LOOP('',(#1582,#1583,#1584,#1585));
#3683=EDGE_LOOP('',(#1586,#1587,#1588,#1589));
#3684=EDGE_LOOP('',(#1590,#1591,#1592,#1593));
#3685=EDGE_LOOP('',(#1594));
#3686=EDGE_LOOP('',(#1595));
#3687=EDGE_LOOP('',(#1596));
#3688=EDGE_LOOP('',(#1597));
#3689=EDGE_LOOP('',(#1598));
#3690=EDGE_LOOP('',(#1599));
#3691=EDGE_LOOP('',(#1600));
#3692=EDGE_LOOP('',(#1601));
#3693=EDGE_LOOP('',(#1602));
#3694=EDGE_LOOP('',(#1603));
#3695=EDGE_LOOP('',(#1604));
#3696=EDGE_LOOP('',(#1605));
#3697=EDGE_LOOP('',(#1606));
#3698=EDGE_LOOP('',(#1607,#1608,#1609,#1610));
#3699=EDGE_LOOP('',(#1611,#1612,#1613));
#3700=EDGE_LOOP('',(#1614,#1615,#1616));
#3701=EDGE_LOOP('',(#1617,#1618,#1619,#1620));
#3702=EDGE_LOOP('',(#1621,#1622,#1623,#1624));
#3703=EDGE_LOOP('',(#1625,#1626,#1627,#1628));
#3704=EDGE_LOOP('',(#1629,#1630,#1631,#1632));
#3705=EDGE_LOOP('',(#1633,#1634,#1635,#1636));
#3706=EDGE_LOOP('',(#1637,#1638,#1639,#1640));
#3707=EDGE_LOOP('',(#1641,#1642,#1643,#1644));
#3708=EDGE_LOOP('',(#1645,#1646,#1647,#1648));
#3709=EDGE_LOOP('',(#1649,#1650,#1651,#1652));
#3710=EDGE_LOOP('',(#1653,#1654,#1655,#1656));
#3711=EDGE_LOOP('',(#1657,#1658,#1659,#1660));
#3712=EDGE_LOOP('',(#1661,#1662,#1663,#1664));
#3713=EDGE_LOOP('',(#1665,#1666,#1667,#1668));
#3714=EDGE_LOOP('',(#1669,#1670,#1671,#1672));
#3715=EDGE_LOOP('',(#1673,#1674,#1675,#1676));
#3716=EDGE_LOOP('',(#1677,#1678,#1679,#1680));
#3717=EDGE_LOOP('',(#1681,#1682,#1683,#1684));
#3718=EDGE_LOOP('',(#1685,#1686,#1687,#1688));
#3719=EDGE_LOOP('',(#1689,#1690,#1691,#1692));
#3720=EDGE_LOOP('',(#1693,#1694,#1695,#1696));
#3721=EDGE_LOOP('',(#1697,#1698,#1699,#1700));
#3722=EDGE_LOOP('',(#1701,#1702,#1703,#1704));
#3723=EDGE_LOOP('',(#1705,#1706,#1707,#1708));
#3724=EDGE_LOOP('',(#1709,#1710,#1711,#1712));
#3725=EDGE_LOOP('',(#1713,#1714,#1715,#1716));
#3726=EDGE_LOOP('',(#1717,#1718,#1719,#1720));
#3727=EDGE_LOOP('',(#1721,#1722,#1723,#1724));
#3728=EDGE_LOOP('',(#1725,#1726,#1727,#1728));
#3729=EDGE_LOOP('',(#1729,#1730,#1731,#1732));
#3730=EDGE_LOOP('',(#1733,#1734,#1735,#1736));
#3731=EDGE_LOOP('',(#1737,#1738,#1739,#1740));
#3732=EDGE_LOOP('',(#1741,#1742,#1743,#1744));
#3733=EDGE_LOOP('',(#1745,#1746,#1747,#1748));
#3734=EDGE_LOOP('',(#1749,#1750,#1751,#1752));
#3735=EDGE_LOOP('',(#1753,#1754,#1755,#1756));
#3736=EDGE_LOOP('',(#1757,#1758,#1759,#1760));
#3737=EDGE_LOOP('',(#1761));
#3738=EDGE_LOOP('',(#1762,#1763,#1764,#1765,#1766,#1767,#1768,#1769,#1770,
#1771,#1772,#1773,#1774,#1775,#1776,#1777,#1778,#1779,#1780,#1781,#1782,
#1783,#1784,#1785,#1786,#1787,#1788,#1789,#1790,#1791,#1792,#1793,#1794,
#1795,#1796,#1797));
#3739=EDGE_LOOP('',(#1798,#1799,#1800,#1801,#1802,#1803,#1804,#1805,#1806,
#1807,#1808,#1809,#1810,#1811,#1812,#1813,#1814,#1815,#1816,#1817,#1818,
#1819,#1820,#1821,#1822,#1823,#1824,#1825,#1826,#1827,#1828,#1829,#1830,
#1831,#1832,#1833));
#3740=EDGE_LOOP('',(#1834));
#3741=EDGE_LOOP('',(#1835));
#3742=EDGE_LOOP('',(#1836));
#3743=EDGE_LOOP('',(#1837));
#3744=EDGE_LOOP('',(#1838));
#3745=EDGE_LOOP('',(#1839));
#3746=EDGE_LOOP('',(#1840));
#3747=EDGE_LOOP('',(#1841));
#3748=EDGE_LOOP('',(#1842));
#3749=EDGE_LOOP('',(#1843));
#3750=EDGE_LOOP('',(#1844,#1845,#1846,#1847,#1848,#1849,#1850,#1851,#1852,
#1853,#1854,#1855,#1856,#1857,#1858,#1859,#1860,#1861,#1862,#1863,#1864,
#1865,#1866,#1867,#1868,#1869,#1870,#1871,#1872,#1873,#1874,#1875));
#3751=EDGE_LOOP('',(#1876,#1877,#1878,#1879));
#3752=EDGE_LOOP('',(#1880,#1881,#1882,#1883));
#3753=EDGE_LOOP('',(#1884,#1885,#1886,#1887));
#3754=EDGE_LOOP('',(#1888,#1889,#1890,#1891));
#3755=EDGE_LOOP('',(#1892,#1893,#1894,#1895));
#3756=EDGE_LOOP('',(#1896,#1897,#1898,#1899));
#3757=EDGE_LOOP('',(#1900,#1901,#1902,#1903));
#3758=EDGE_LOOP('',(#1904,#1905,#1906,#1907));
#3759=EDGE_LOOP('',(#1908,#1909,#1910,#1911,#1912));
#3760=EDGE_LOOP('',(#1913,#1914,#1915,#1916,#1917));
#3761=EDGE_LOOP('',(#1918,#1919,#1920,#1921));
#3762=EDGE_LOOP('',(#1922,#1923,#1924,#1925));
#3763=EDGE_LOOP('',(#1926,#1927,#1928,#1929));
#3764=EDGE_LOOP('',(#1930,#1931,#1932,#1933));
#3765=EDGE_LOOP('',(#1934,#1935,#1936,#1937));
#3766=EDGE_LOOP('',(#1938,#1939,#1940,#1941,#1942));
#3767=EDGE_LOOP('',(#1943,#1944,#1945,#1946,#1947,#1948,#1949,#1950,#1951,
#1952,#1953,#1954,#1955,#1956,#1957,#1958,#1959,#1960,#1961,#1962,#1963,
#1964,#1965,#1966));
#3768=EDGE_LOOP('',(#1967,#1968,#1969,#1970,#1971));
#3769=EDGE_LOOP('',(#1972,#1973,#1974,#1975));
#3770=EDGE_LOOP('',(#1976,#1977,#1978,#1979));
#3771=EDGE_LOOP('',(#1980,#1981,#1982,#1983));
#3772=EDGE_LOOP('',(#1984,#1985,#1986,#1987));
#3773=EDGE_LOOP('',(#1988,#1989,#1990,#1991));
#3774=EDGE_LOOP('',(#1992,#1993,#1994,#1995));
#3775=EDGE_LOOP('',(#1996,#1997,#1998,#1999));
#3776=EDGE_LOOP('',(#2000,#2001,#2002,#2003));
#3777=EDGE_LOOP('',(#2004,#2005,#2006,#2007));
#3778=EDGE_LOOP('',(#2008,#2009,#2010,#2011,#2012));
#3779=EDGE_LOOP('',(#2013,#2014,#2015,#2016,#2017));
#3780=EDGE_LOOP('',(#2018,#2019,#2020,#2021));
#3781=EDGE_LOOP('',(#2022,#2023,#2024,#2025));
#3782=EDGE_LOOP('',(#2026,#2027,#2028,#2029));
#3783=EDGE_LOOP('',(#2030,#2031,#2032,#2033));
#3784=EDGE_LOOP('',(#2034,#2035,#2036,#2037));
#3785=EDGE_LOOP('',(#2038,#2039,#2040,#2041,#2042));
#3786=EDGE_LOOP('',(#2043,#2044,#2045,#2046,#2047,#2048,#2049,#2050,#2051,
#2052,#2053,#2054,#2055,#2056,#2057,#2058,#2059,#2060,#2061,#2062,#2063,
#2064,#2065,#2066));
#3787=EDGE_LOOP('',(#2067,#2068,#2069,#2070,#2071));
#3788=EDGE_LOOP('',(#2072,#2073,#2074,#2075));
#3789=EDGE_LOOP('',(#2076));
#3790=EDGE_LOOP('',(#2077,#2078,#2079,#2080,#2081,#2082,#2083,#2084,#2085,
#2086,#2087,#2088,#2089,#2090,#2091,#2092,#2093,#2094,#2095,#2096,#2097,
#2098,#2099,#2100,#2101,#2102,#2103,#2104,#2105,#2106,#2107,#2108,#2109,
#2110,#2111,#2112,#2113,#2114,#2115,#2116));
#3791=EDGE_LOOP('',(#2117,#2118,#2119,#2120,#2121,#2122,#2123,#2124,#2125,
#2126,#2127,#2128,#2129,#2130,#2131,#2132,#2133,#2134,#2135,#2136,#2137,
#2138,#2139,#2140));
#3792=EDGE_LOOP('',(#2141,#2142,#2143,#2144));
#3793=EDGE_LOOP('',(#2145,#2146,#2147,#2148));
#3794=EDGE_LOOP('',(#2149,#2150,#2151,#2152));
#3795=EDGE_LOOP('',(#2153,#2154,#2155,#2156));
#3796=EDGE_LOOP('',(#2157,#2158,#2159,#2160));
#3797=EDGE_LOOP('',(#2161,#2162,#2163,#2164));
#3798=EDGE_LOOP('',(#2165,#2166,#2167,#2168));
#3799=EDGE_LOOP('',(#2169,#2170,#2171,#2172));
#3800=EDGE_LOOP('',(#2173,#2174,#2175,#2176));
#3801=EDGE_LOOP('',(#2177,#2178,#2179,#2180));
#3802=EDGE_LOOP('',(#2181,#2182,#2183,#2184));
#3803=EDGE_LOOP('',(#2185,#2186,#2187,#2188));
#3804=EDGE_LOOP('',(#2189,#2190,#2191,#2192));
#3805=EDGE_LOOP('',(#2193,#2194,#2195,#2196));
#3806=EDGE_LOOP('',(#2197,#2198,#2199,#2200));
#3807=EDGE_LOOP('',(#2201,#2202,#2203,#2204));
#3808=EDGE_LOOP('',(#2205,#2206,#2207,#2208));
#3809=EDGE_LOOP('',(#2209,#2210,#2211,#2212));
#3810=EDGE_LOOP('',(#2213,#2214,#2215,#2216,#2217,#2218,#2219,#2220,#2221,
#2222,#2223,#2224,#2225,#2226,#2227,#2228,#2229,#2230,#2231,#2232,#2233,
#2234,#2235,#2236));
#3811=EDGE_LOOP('',(#2237,#2238,#2239,#2240));
#3812=EDGE_LOOP('',(#2241,#2242,#2243,#2244));
#3813=EDGE_LOOP('',(#2245,#2246,#2247,#2248));
#3814=EDGE_LOOP('',(#2249,#2250,#2251,#2252));
#3815=EDGE_LOOP('',(#2253,#2254,#2255,#2256));
#3816=EDGE_LOOP('',(#2257,#2258,#2259,#2260));
#3817=EDGE_LOOP('',(#2261,#2262,#2263,#2264));
#3818=EDGE_LOOP('',(#2265,#2266,#2267,#2268));
#3819=EDGE_LOOP('',(#2269,#2270,#2271,#2272));
#3820=EDGE_LOOP('',(#2273,#2274,#2275,#2276));
#3821=EDGE_LOOP('',(#2277,#2278,#2279,#2280));
#3822=EDGE_LOOP('',(#2281,#2282,#2283,#2284));
#3823=EDGE_LOOP('',(#2285,#2286,#2287,#2288));
#3824=EDGE_LOOP('',(#2289,#2290,#2291,#2292));
#3825=EDGE_LOOP('',(#2293,#2294,#2295,#2296));
#3826=EDGE_LOOP('',(#2297,#2298,#2299,#2300));
#3827=EDGE_LOOP('',(#2301,#2302,#2303,#2304));
#3828=EDGE_LOOP('',(#2305,#2306,#2307,#2308));
#3829=EDGE_LOOP('',(#2309));
#3830=EDGE_LOOP('',(#2310));
#3831=EDGE_LOOP('',(#2311));
#3832=EDGE_LOOP('',(#2312));
#3833=EDGE_LOOP('',(#2313));
#3834=EDGE_LOOP('',(#2314));
#3835=EDGE_LOOP('',(#2315));
#3836=EDGE_LOOP('',(#2316));
#3837=EDGE_LOOP('',(#2317));
#3838=EDGE_LOOP('',(#2318));
#3839=EDGE_LOOP('',(#2319));
#3840=EDGE_LOOP('',(#2320));
#3841=EDGE_LOOP('',(#2321));
#3842=EDGE_LOOP('',(#2322));
#3843=EDGE_LOOP('',(#2323));
#3844=EDGE_LOOP('',(#2324));
#3845=EDGE_LOOP('',(#2325,#2326,#2327,#2328,#2329,#2330,#2331,#2332));
#3846=EDGE_LOOP('',(#2333,#2334,#2335,#2336,#2337,#2338,#2339,#2340));
#3847=EDGE_LOOP('',(#2341,#2342,#2343,#2344,#2345,#2346,#2347,#2348,#2349,
#2350));
#3848=EDGE_LOOP('',(#2351,#2352,#2353,#2354,#2355,#2356,#2357,#2358,#2359,
#2360));
#3849=EDGE_LOOP('',(#2361,#2362,#2363,#2364));
#3850=EDGE_LOOP('',(#2365,#2366,#2367,#2368));
#3851=EDGE_LOOP('',(#2369,#2370,#2371,#2372));
#3852=EDGE_LOOP('',(#2373,#2374,#2375,#2376));
#3853=EDGE_LOOP('',(#2377,#2378,#2379,#2380));
#3854=EDGE_LOOP('',(#2381,#2382,#2383,#2384));
#3855=EDGE_LOOP('',(#2385,#2386,#2387,#2388));
#3856=EDGE_LOOP('',(#2389,#2390,#2391,#2392));
#3857=EDGE_LOOP('',(#2393,#2394,#2395,#2396));
#3858=EDGE_LOOP('',(#2397,#2398,#2399,#2400));
#3859=EDGE_LOOP('',(#2401,#2402,#2403,#2404,#2405,#2406,#2407,#2408));
#3860=EDGE_LOOP('',(#2409,#2410,#2411,#2412));
#3861=EDGE_LOOP('',(#2413,#2414,#2415,#2416));
#3862=EDGE_LOOP('',(#2417,#2418,#2419,#2420));
#3863=EDGE_LOOP('',(#2421,#2422,#2423,#2424));
#3864=EDGE_LOOP('',(#2425,#2426,#2427,#2428,#2429,#2430,#2431,#2432));
#3865=FACE_BOUND('',#3608,.T.);
#3866=FACE_BOUND('',#3609,.T.);
#3867=FACE_BOUND('',#3610,.T.);
#3868=FACE_BOUND('',#3611,.T.);
#3869=FACE_BOUND('',#3612,.T.);
#3870=FACE_BOUND('',#3613,.T.);
#3871=FACE_BOUND('',#3614,.T.);
#3872=FACE_BOUND('',#3615,.T.);
#3873=FACE_BOUND('',#3616,.T.);
#3874=FACE_BOUND('',#3617,.T.);
#3875=FACE_BOUND('',#3618,.T.);
#3876=FACE_BOUND('',#3619,.T.);
#3877=FACE_BOUND('',#3620,.T.);
#3878=FACE_BOUND('',#3621,.T.);
#3879=FACE_BOUND('',#3622,.T.);
#3880=FACE_BOUND('',#3623,.T.);
#3881=FACE_BOUND('',#3624,.T.);
#3882=FACE_BOUND('',#3625,.T.);
#3883=FACE_BOUND('',#3626,.T.);
#3884=FACE_BOUND('',#3627,.T.);
#3885=FACE_BOUND('',#3628,.T.);
#3886=FACE_BOUND('',#3629,.T.);
#3887=FACE_BOUND('',#3630,.T.);
#3888=FACE_BOUND('',#3631,.T.);
#3889=FACE_BOUND('',#3632,.T.);
#3890=FACE_BOUND('',#3633,.T.);
#3891=FACE_BOUND('',#3634,.T.);
#3892=FACE_BOUND('',#3635,.T.);
#3893=FACE_BOUND('',#3636,.T.);
#3894=FACE_BOUND('',#3637,.T.);
#3895=FACE_BOUND('',#3638,.T.);
#3896=FACE_BOUND('',#3639,.T.);
#3897=FACE_BOUND('',#3640,.T.);
#3898=FACE_BOUND('',#3641,.T.);
#3899=FACE_BOUND('',#3642,.T.);
#3900=FACE_BOUND('',#3643,.T.);
#3901=FACE_BOUND('',#3644,.T.);
#3902=FACE_BOUND('',#3645,.T.);
#3903=FACE_BOUND('',#3646,.T.);
#3904=FACE_BOUND('',#3647,.T.);
#3905=FACE_BOUND('',#3648,.T.);
#3906=FACE_BOUND('',#3649,.T.);
#3907=FACE_BOUND('',#3650,.T.);
#3908=FACE_BOUND('',#3651,.T.);
#3909=FACE_BOUND('',#3652,.T.);
#3910=FACE_BOUND('',#3653,.T.);
#3911=FACE_BOUND('',#3654,.T.);
#3912=FACE_BOUND('',#3655,.T.);
#3913=FACE_BOUND('',#3656,.T.);
#3914=FACE_BOUND('',#3657,.T.);
#3915=FACE_BOUND('',#3658,.T.);
#3916=FACE_BOUND('',#3659,.T.);
#3917=FACE_BOUND('',#3660,.T.);
#3918=FACE_BOUND('',#3661,.T.);
#3919=FACE_BOUND('',#3662,.T.);
#3920=FACE_BOUND('',#3663,.T.);
#3921=FACE_BOUND('',#3664,.T.);
#3922=FACE_BOUND('',#3665,.T.);
#3923=FACE_BOUND('',#3666,.T.);
#3924=FACE_BOUND('',#3667,.T.);
#3925=FACE_BOUND('',#3668,.T.);
#3926=FACE_BOUND('',#3669,.T.);
#3927=FACE_BOUND('',#3670,.T.);
#3928=FACE_BOUND('',#3671,.T.);
#3929=FACE_BOUND('',#3672,.T.);
#3930=FACE_BOUND('',#3673,.T.);
#3931=FACE_BOUND('',#3674,.T.);
#3932=FACE_BOUND('',#3675,.T.);
#3933=FACE_BOUND('',#3676,.T.);
#3934=FACE_BOUND('',#3677,.T.);
#3935=FACE_BOUND('',#3678,.T.);
#3936=FACE_BOUND('',#3679,.T.);
#3937=FACE_BOUND('',#3680,.T.);
#3938=FACE_BOUND('',#3681,.T.);
#3939=FACE_BOUND('',#3682,.T.);
#3940=FACE_BOUND('',#3683,.T.);
#3941=FACE_BOUND('',#3684,.T.);
#3942=FACE_BOUND('',#3685,.T.);
#3943=FACE_BOUND('',#3686,.T.);
#3944=FACE_BOUND('',#3687,.T.);
#3945=FACE_BOUND('',#3688,.T.);
#3946=FACE_BOUND('',#3689,.T.);
#3947=FACE_BOUND('',#3690,.T.);
#3948=FACE_BOUND('',#3691,.T.);
#3949=FACE_BOUND('',#3692,.T.);
#3950=FACE_BOUND('',#3693,.T.);
#3951=FACE_BOUND('',#3694,.T.);
#3952=FACE_BOUND('',#3695,.T.);
#3953=FACE_BOUND('',#3696,.T.);
#3954=FACE_BOUND('',#3697,.T.);
#3955=FACE_BOUND('',#3698,.T.);
#3956=FACE_BOUND('',#3699,.T.);
#3957=FACE_BOUND('',#3700,.T.);
#3958=FACE_BOUND('',#3701,.T.);
#3959=FACE_BOUND('',#3702,.T.);
#3960=FACE_BOUND('',#3703,.T.);
#3961=FACE_BOUND('',#3704,.T.);
#3962=FACE_BOUND('',#3705,.T.);
#3963=FACE_BOUND('',#3706,.T.);
#3964=FACE_BOUND('',#3707,.T.);
#3965=FACE_BOUND('',#3708,.T.);
#3966=FACE_BOUND('',#3709,.T.);
#3967=FACE_BOUND('',#3710,.T.);
#3968=FACE_BOUND('',#3711,.T.);
#3969=FACE_BOUND('',#3712,.T.);
#3970=FACE_BOUND('',#3713,.T.);
#3971=FACE_BOUND('',#3714,.T.);
#3972=FACE_BOUND('',#3715,.T.);
#3973=FACE_BOUND('',#3716,.T.);
#3974=FACE_BOUND('',#3717,.T.);
#3975=FACE_BOUND('',#3718,.T.);
#3976=FACE_BOUND('',#3719,.T.);
#3977=FACE_BOUND('',#3720,.T.);
#3978=FACE_BOUND('',#3721,.T.);
#3979=FACE_BOUND('',#3722,.T.);
#3980=FACE_BOUND('',#3723,.T.);
#3981=FACE_BOUND('',#3724,.T.);
#3982=FACE_BOUND('',#3725,.T.);
#3983=FACE_BOUND('',#3726,.T.);
#3984=FACE_BOUND('',#3727,.T.);
#3985=FACE_BOUND('',#3728,.T.);
#3986=FACE_BOUND('',#3729,.T.);
#3987=FACE_BOUND('',#3730,.T.);
#3988=FACE_BOUND('',#3731,.T.);
#3989=FACE_BOUND('',#3732,.T.);
#3990=FACE_BOUND('',#3733,.T.);
#3991=FACE_BOUND('',#3734,.T.);
#3992=FACE_BOUND('',#3735,.T.);
#3993=FACE_BOUND('',#3736,.T.);
#3994=FACE_BOUND('',#3737,.T.);
#3995=FACE_BOUND('',#3738,.T.);
#3996=FACE_BOUND('',#3739,.T.);
#3997=FACE_BOUND('',#3740,.T.);
#3998=FACE_BOUND('',#3741,.T.);
#3999=FACE_BOUND('',#3742,.T.);
#4000=FACE_BOUND('',#3743,.T.);
#4001=FACE_BOUND('',#3744,.T.);
#4002=FACE_BOUND('',#3745,.T.);
#4003=FACE_BOUND('',#3746,.T.);
#4004=FACE_BOUND('',#3747,.T.);
#4005=FACE_BOUND('',#3748,.T.);
#4006=FACE_BOUND('',#3749,.T.);
#4007=FACE_BOUND('',#3750,.T.);
#4008=FACE_BOUND('',#3751,.T.);
#4009=FACE_BOUND('',#3752,.T.);
#4010=FACE_BOUND('',#3753,.T.);
#4011=FACE_BOUND('',#3754,.T.);
#4012=FACE_BOUND('',#3755,.T.);
#4013=FACE_BOUND('',#3756,.T.);
#4014=FACE_BOUND('',#3757,.T.);
#4015=FACE_BOUND('',#3758,.T.);
#4016=FACE_BOUND('',#3759,.T.);
#4017=FACE_BOUND('',#3760,.T.);
#4018=FACE_BOUND('',#3761,.T.);
#4019=FACE_BOUND('',#3762,.T.);
#4020=FACE_BOUND('',#3763,.T.);
#4021=FACE_BOUND('',#3764,.T.);
#4022=FACE_BOUND('',#3765,.T.);
#4023=FACE_BOUND('',#3766,.T.);
#4024=FACE_BOUND('',#3767,.T.);
#4025=FACE_BOUND('',#3768,.T.);
#4026=FACE_BOUND('',#3769,.T.);
#4027=FACE_BOUND('',#3770,.T.);
#4028=FACE_BOUND('',#3771,.T.);
#4029=FACE_BOUND('',#3772,.T.);
#4030=FACE_BOUND('',#3773,.T.);
#4031=FACE_BOUND('',#3774,.T.);
#4032=FACE_BOUND('',#3775,.T.);
#4033=FACE_BOUND('',#3776,.T.);
#4034=FACE_BOUND('',#3777,.T.);
#4035=FACE_BOUND('',#3778,.T.);
#4036=FACE_BOUND('',#3779,.T.);
#4037=FACE_BOUND('',#3780,.T.);
#4038=FACE_BOUND('',#3781,.T.);
#4039=FACE_BOUND('',#3782,.T.);
#4040=FACE_BOUND('',#3783,.T.);
#4041=FACE_BOUND('',#3784,.T.);
#4042=FACE_BOUND('',#3785,.T.);
#4043=FACE_BOUND('',#3786,.T.);
#4044=FACE_BOUND('',#3787,.T.);
#4045=FACE_BOUND('',#3788,.T.);
#4046=FACE_BOUND('',#3789,.T.);
#4047=FACE_BOUND('',#3790,.T.);
#4048=FACE_BOUND('',#3791,.T.);
#4049=FACE_BOUND('',#3792,.T.);
#4050=FACE_BOUND('',#3793,.T.);
#4051=FACE_BOUND('',#3794,.T.);
#4052=FACE_BOUND('',#3795,.T.);
#4053=FACE_BOUND('',#3796,.T.);
#4054=FACE_BOUND('',#3797,.T.);
#4055=FACE_BOUND('',#3798,.T.);
#4056=FACE_BOUND('',#3799,.T.);
#4057=FACE_BOUND('',#3800,.T.);
#4058=FACE_BOUND('',#3801,.T.);
#4059=FACE_BOUND('',#3802,.T.);
#4060=FACE_BOUND('',#3803,.T.);
#4061=FACE_BOUND('',#3804,.T.);
#4062=FACE_BOUND('',#3805,.T.);
#4063=FACE_BOUND('',#3806,.T.);
#4064=FACE_BOUND('',#3807,.T.);
#4065=FACE_BOUND('',#3808,.T.);
#4066=FACE_BOUND('',#3809,.T.);
#4067=FACE_BOUND('',#3810,.T.);
#4068=FACE_BOUND('',#3811,.T.);
#4069=FACE_BOUND('',#3812,.T.);
#4070=FACE_BOUND('',#3813,.T.);
#4071=FACE_BOUND('',#3814,.T.);
#4072=FACE_BOUND('',#3815,.T.);
#4073=FACE_BOUND('',#3816,.T.);
#4074=FACE_BOUND('',#3817,.T.);
#4075=FACE_BOUND('',#3818,.T.);
#4076=FACE_BOUND('',#3819,.T.);
#4077=FACE_BOUND('',#3820,.T.);
#4078=FACE_BOUND('',#3821,.T.);
#4079=FACE_BOUND('',#3822,.T.);
#4080=FACE_BOUND('',#3823,.T.);
#4081=FACE_BOUND('',#3824,.T.);
#4082=FACE_BOUND('',#3825,.T.);
#4083=FACE_BOUND('',#3826,.T.);
#4084=FACE_BOUND('',#3827,.T.);
#4085=FACE_BOUND('',#3828,.T.);
#4086=FACE_BOUND('',#3829,.T.);
#4087=FACE_BOUND('',#3830,.T.);
#4088=FACE_BOUND('',#3831,.T.);
#4089=FACE_BOUND('',#3832,.T.);
#4090=FACE_BOUND('',#3833,.T.);
#4091=FACE_BOUND('',#3834,.T.);
#4092=FACE_BOUND('',#3835,.T.);
#4093=FACE_BOUND('',#3836,.T.);
#4094=FACE_BOUND('',#3837,.T.);
#4095=FACE_BOUND('',#3838,.T.);
#4096=FACE_BOUND('',#3839,.T.);
#4097=FACE_BOUND('',#3840,.T.);
#4098=FACE_BOUND('',#3841,.T.);
#4099=FACE_BOUND('',#3842,.T.);
#4100=FACE_BOUND('',#3843,.T.);
#4101=FACE_BOUND('',#3844,.T.);
#4102=FACE_BOUND('',#3845,.T.);
#4103=FACE_BOUND('',#3846,.T.);
#4104=FACE_BOUND('',#3847,.T.);
#4105=FACE_BOUND('',#3848,.T.);
#4106=FACE_BOUND('',#3849,.T.);
#4107=FACE_BOUND('',#3850,.T.);
#4108=FACE_BOUND('',#3851,.T.);
#4109=FACE_BOUND('',#3852,.T.);
#4110=FACE_BOUND('',#3853,.T.);
#4111=FACE_BOUND('',#3854,.T.);
#4112=FACE_BOUND('',#3855,.T.);
#4113=FACE_BOUND('',#3856,.T.);
#4114=FACE_BOUND('',#3857,.T.);
#4115=FACE_BOUND('',#3858,.T.);
#4116=FACE_BOUND('',#3859,.T.);
#4117=FACE_BOUND('',#3860,.T.);
#4118=FACE_BOUND('',#3861,.T.);
#4119=FACE_BOUND('',#3862,.T.);
#4120=FACE_BOUND('',#3863,.T.);
#4121=FACE_BOUND('',#3864,.T.);
#4122=PLANE('',#5176);
#4123=PLANE('',#5184);
#4124=PLANE('',#5185);
#4125=PLANE('',#5186);
#4126=PLANE('',#5187);
#4127=PLANE('',#5188);
#4128=PLANE('',#5189);
#4129=PLANE('',#5190);
#4130=PLANE('',#5193);
#4131=PLANE('',#5196);
#4132=PLANE('',#5197);
#4133=PLANE('',#5198);
#4134=PLANE('',#5199);
#4135=PLANE('',#5200);
#4136=PLANE('',#5201);
#4137=PLANE('',#5202);
#4138=PLANE('',#5203);
#4139=PLANE('',#5204);
#4140=PLANE('',#5205);
#4141=PLANE('',#5206);
#4142=PLANE('',#5207);
#4143=PLANE('',#5208);
#4144=PLANE('',#5209);
#4145=PLANE('',#5210);
#4146=PLANE('',#5211);
#4147=PLANE('',#5212);
#4148=PLANE('',#5213);
#4149=PLANE('',#5214);
#4150=PLANE('',#5215);
#4151=PLANE('',#5216);
#4152=PLANE('',#5217);
#4153=PLANE('',#5218);
#4154=PLANE('',#5219);
#4155=PLANE('',#5220);
#4156=PLANE('',#5221);
#4157=PLANE('',#5222);
#4158=PLANE('',#5223);
#4159=PLANE('',#5224);
#4160=PLANE('',#5225);
#4161=PLANE('',#5226);
#4162=PLANE('',#5227);
#4163=PLANE('',#5228);
#4164=PLANE('',#5229);
#4165=PLANE('',#5230);
#4166=PLANE('',#5231);
#4167=PLANE('',#5232);
#4168=PLANE('',#5233);
#4169=PLANE('',#5234);
#4170=PLANE('',#5235);
#4171=PLANE('',#5236);
#4172=PLANE('',#5239);
#4173=PLANE('',#5240);
#4174=PLANE('',#5245);
#4175=PLANE('',#5246);
#4176=PLANE('',#5249);
#4177=PLANE('',#5251);
#4178=PLANE('',#5252);
#4179=PLANE('',#5254);
#4180=PLANE('',#5256);
#4181=PLANE('',#5258);
#4182=PLANE('',#5259);
#4183=PLANE('',#5261);
#4184=PLANE('',#5262);
#4185=PLANE('',#5264);
#4186=PLANE('',#5266);
#4187=PLANE('',#5268);
#4188=PLANE('',#5269);
#4189=PLANE('',#5273);
#4190=PLANE('',#5276);
#4191=PLANE('',#5279);
#4192=PLANE('',#5282);
#4193=PLANE('',#5283);
#4194=PLANE('',#5284);
#4195=PLANE('',#5286);
#4196=PLANE('',#5290);
#4197=PLANE('',#5294);
#4198=PLANE('',#5298);
#4199=PLANE('',#5299);
#4200=PLANE('',#5303);
#4201=PLANE('',#5307);
#4202=PLANE('',#5308);
#4203=PLANE('',#5312);
#4204=PLANE('',#5316);
#4205=PLANE('',#5320);
#4206=PLANE('',#5324);
#4207=PLANE('',#5328);
#4208=PLANE('',#5332);
#4209=PLANE('',#5333);
#4210=PLANE('',#5337);
#4211=PLANE('',#5341);
#4212=PLANE('',#5342);
#4213=PLANE('',#5346);
#4214=PLANE('',#5350);
#4215=PLANE('',#5354);
#4216=PLANE('',#5356);
#4217=PLANE('',#5357);
#4218=PLANE('',#5361);
#4219=PLANE('',#5367);
#4220=PLANE('',#5369);
#4221=PLANE('',#5370);
#4222=PLANE('',#5371);
#4223=PLANE('',#5372);
#4224=PLANE('',#5373);
#4225=PLANE('',#5374);
#4226=PLANE('',#5375);
#4227=PLANE('',#5376);
#4228=PLANE('',#5377);
#4229=PLANE('',#5378);
#4230=PLANE('',#5379);
#4231=PLANE('',#5380);
#4232=PLANE('',#5381);
#4233=PLANE('',#5382);
#4234=PLANE('',#5383);
#4235=PLANE('',#5384);
#4236=PLANE('',#5385);
#4237=PLANE('',#5392);
#4238=PLANE('',#5393);
#4239=PLANE('',#5394);
#4240=PLANE('',#5395);
#4241=PLANE('',#5396);
#4242=PLANE('',#5397);
#4243=PLANE('',#5398);
#4244=PLANE('',#5399);
#4245=PLANE('',#5400);
#4246=PLANE('',#5401);
#4247=PLANE('',#5402);
#4248=PLANE('',#5403);
#4249=PLANE('',#5404);
#4250=PLANE('',#5405);
#4251=PLANE('',#5406);
#4252=PLANE('',#5407);
#4253=PLANE('',#5408);
#4254=PLANE('',#5409);
#4255=PLANE('',#5410);
#4256=PLANE('',#5417);
#4257=PLANE('',#5418);
#4258=PLANE('',#5419);
#4259=PLANE('',#5421);
#4260=PLANE('',#5428);
#4261=PLANE('',#5430);
#4262=PLANE('',#5432);
#4263=PLANE('',#5434);
#4264=PLANE('',#5435);
#4265=PLANE('',#5436);
#4266=PLANE('',#5437);
#4267=PLANE('',#5439);
#4268=PLANE('',#5441);
#4269=PLANE('',#5443);
#4270=PLANE('',#5444);
#4271=PLANE('',#5445);
#4272=PLANE('',#5446);
#4273=PLANE('',#5453);
#4274=PLANE('',#5455);
#4275=PLANE('',#5457);
#4276=PLANE('',#5459);
#4277=PLANE('',#5460);
#4278=PLANE('',#5461);
#4279=PLANE('',#5462);
#4280=PLANE('',#5464);
#4281=PLANE('',#5466);
#4282=PLANE('',#5468);
#4283=PLANE('',#5469);
#4284=PLANE('',#5470);
#4285=PLANE('',#5471);
#4286=PLANE('',#5478);
#4287=PLANE('',#5487);
#4288=PLANE('',#5490);
#4289=PLANE('',#5493);
#4290=PLANE('',#5498);
#4291=PLANE('',#5509);
#4292=PLANE('',#5510);
#4293=PLANE('',#5511);
#4294=PLANE('',#5512);
#4295=PLANE('',#5513);
#4296=PLANE('',#5514);
#4297=PLANE('',#5517);
#4298=PLANE('',#5522);
#4299=ADVANCED_FACE('',(#3865,#3866,#3867,#3868),#4122,.F.);
#4300=ADVANCED_FACE('',(#3869),#4123,.T.);
#4301=ADVANCED_FACE('',(#3870),#4124,.T.);
#4302=ADVANCED_FACE('',(#3871),#4125,.F.);
#4303=ADVANCED_FACE('',(#3872),#4126,.T.);
#4304=ADVANCED_FACE('',(#3873),#4127,.T.);
#4305=ADVANCED_FACE('',(#3874),#4128,.F.);
#4306=ADVANCED_FACE('',(#3875),#4129,.T.);
#4307=ADVANCED_FACE('',(#3876),#4130,.T.);
#4308=ADVANCED_FACE('',(#3877),#4131,.T.);
#4309=ADVANCED_FACE('',(#3878),#4132,.T.);
#4310=ADVANCED_FACE('',(#3879),#4133,.T.);
#4311=ADVANCED_FACE('',(#3880),#4134,.T.);
#4312=ADVANCED_FACE('',(#3881),#4135,.T.);
#4313=ADVANCED_FACE('',(#3882),#4136,.T.);
#4314=ADVANCED_FACE('',(#3883),#4137,.T.);
#4315=ADVANCED_FACE('',(#3884),#4138,.T.);
#4316=ADVANCED_FACE('',(#3885),#4139,.T.);
#4317=ADVANCED_FACE('',(#3886),#4140,.T.);
#4318=ADVANCED_FACE('',(#3887),#4141,.T.);
#4319=ADVANCED_FACE('',(#3888),#4142,.T.);
#4320=ADVANCED_FACE('',(#3889),#4143,.T.);
#4321=ADVANCED_FACE('',(#3890),#4144,.T.);
#4322=ADVANCED_FACE('',(#3891),#4145,.T.);
#4323=ADVANCED_FACE('',(#3892),#4146,.T.);
#4324=ADVANCED_FACE('',(#3893),#4147,.T.);
#4325=ADVANCED_FACE('',(#3894),#4148,.T.);
#4326=ADVANCED_FACE('',(#3895),#4149,.T.);
#4327=ADVANCED_FACE('',(#3896),#4150,.F.);
#4328=ADVANCED_FACE('',(#3897),#4151,.F.);
#4329=ADVANCED_FACE('',(#3898),#4152,.F.);
#4330=ADVANCED_FACE('',(#3899),#4153,.F.);
#4331=ADVANCED_FACE('',(#3900),#4154,.F.);
#4332=ADVANCED_FACE('',(#3901),#4155,.F.);
#4333=ADVANCED_FACE('',(#3902),#4156,.F.);
#4334=ADVANCED_FACE('',(#3903),#4157,.F.);
#4335=ADVANCED_FACE('',(#3904),#4158,.F.);
#4336=ADVANCED_FACE('',(#3905),#4159,.F.);
#4337=ADVANCED_FACE('',(#3906),#4160,.F.);
#4338=ADVANCED_FACE('',(#3907),#4161,.F.);
#4339=ADVANCED_FACE('',(#3908),#4162,.T.);
#4340=ADVANCED_FACE('',(#3909),#4163,.T.);
#4341=ADVANCED_FACE('',(#3910),#4164,.T.);
#4342=ADVANCED_FACE('',(#3911),#4165,.T.);
#4343=ADVANCED_FACE('',(#3912),#4166,.T.);
#4344=ADVANCED_FACE('',(#3913),#4167,.F.);
#4345=ADVANCED_FACE('',(#3914),#4168,.F.);
#4346=ADVANCED_FACE('',(#3915),#4169,.F.);
#4347=ADVANCED_FACE('',(#3916),#4170,.F.);
#4348=ADVANCED_FACE('',(#3917),#4171,.F.);
#4349=ADVANCED_FACE('',(#3918),#57,.T.);
#4350=ADVANCED_FACE('',(#3919),#4172,.T.);
#4351=ADVANCED_FACE('',(#3920),#4173,.T.);
#4352=ADVANCED_FACE('',(#3921),#58,.T.);
#4353=ADVANCED_FACE('',(#3922),#59,.T.);
#4354=ADVANCED_FACE('',(#3923),#4174,.F.);
#4355=ADVANCED_FACE('',(#3924),#4175,.F.);
#4356=ADVANCED_FACE('',(#3925),#60,.T.);
#4357=ADVANCED_FACE('',(#3926),#4176,.F.);
#4358=ADVANCED_FACE('',(#3927),#4177,.T.);
#4359=ADVANCED_FACE('',(#3928),#4178,.T.);
#4360=ADVANCED_FACE('',(#3929),#61,.F.);
#4361=ADVANCED_FACE('',(#3930),#4179,.F.);
#4362=ADVANCED_FACE('',(#3931),#4180,.T.);
#4363=ADVANCED_FACE('',(#3932),#62,.F.);
#4364=ADVANCED_FACE('',(#3933),#4181,.T.);
#4365=ADVANCED_FACE('',(#3934),#4182,.F.);
#4366=ADVANCED_FACE('',(#3935),#4183,.T.);
#4367=ADVANCED_FACE('',(#3936),#4184,.T.);
#4368=ADVANCED_FACE('',(#3937),#63,.F.);
#4369=ADVANCED_FACE('',(#3938),#4185,.F.);
#4370=ADVANCED_FACE('',(#3939),#4186,.T.);
#4371=ADVANCED_FACE('',(#3940),#64,.F.);
#4372=ADVANCED_FACE('',(#3941),#4187,.T.);
#4373=ADVANCED_FACE('',(#3942),#4188,.T.);
#4374=ADVANCED_FACE('',(#3943,#3944),#53,.F.);
#4375=ADVANCED_FACE('',(#3945,#3946),#4189,.T.);
#4376=ADVANCED_FACE('',(#3947,#3948),#54,.F.);
#4377=ADVANCED_FACE('',(#3949),#4190,.T.);
#4378=ADVANCED_FACE('',(#3950,#3951),#55,.F.);
#4379=ADVANCED_FACE('',(#3952),#4191,.T.);
#4380=ADVANCED_FACE('',(#3953,#3954),#65,.F.);
#4381=ADVANCED_FACE('',(#3955),#4192,.T.);
#4382=ADVANCED_FACE('',(#3956),#4193,.F.);
#4383=ADVANCED_FACE('',(#3957),#4194,.T.);
#4384=ADVANCED_FACE('',(#3958),#4195,.F.);
#4385=ADVANCED_FACE('',(#3959),#66,.T.);
#4386=ADVANCED_FACE('',(#3960),#4196,.F.);
#4387=ADVANCED_FACE('',(#3961),#67,.F.);
#4388=ADVANCED_FACE('',(#3962),#4197,.F.);
#4389=ADVANCED_FACE('',(#3963),#68,.T.);
#4390=ADVANCED_FACE('',(#3964),#4198,.F.);
#4391=ADVANCED_FACE('',(#3965),#4199,.F.);
#4392=ADVANCED_FACE('',(#3966),#69,.T.);
#4393=ADVANCED_FACE('',(#3967),#4200,.F.);
#4394=ADVANCED_FACE('',(#3968),#70,.T.);
#4395=ADVANCED_FACE('',(#3969),#4201,.F.);
#4396=ADVANCED_FACE('',(#3970),#4202,.F.);
#4397=ADVANCED_FACE('',(#3971),#71,.T.);
#4398=ADVANCED_FACE('',(#3972),#4203,.F.);
#4399=ADVANCED_FACE('',(#3973),#72,.F.);
#4400=ADVANCED_FACE('',(#3974),#4204,.F.);
#4401=ADVANCED_FACE('',(#3975),#73,.T.);
#4402=ADVANCED_FACE('',(#3976),#4205,.F.);
#4403=ADVANCED_FACE('',(#3977),#74,.T.);
#4404=ADVANCED_FACE('',(#3978),#4206,.F.);
#4405=ADVANCED_FACE('',(#3979),#75,.F.);
#4406=ADVANCED_FACE('',(#3980),#4207,.F.);
#4407=ADVANCED_FACE('',(#3981),#76,.T.);
#4408=ADVANCED_FACE('',(#3982),#4208,.F.);
#4409=ADVANCED_FACE('',(#3983),#4209,.F.);
#4410=ADVANCED_FACE('',(#3984),#77,.T.);
#4411=ADVANCED_FACE('',(#3985),#4210,.F.);
#4412=ADVANCED_FACE('',(#3986),#78,.T.);
#4413=ADVANCED_FACE('',(#3987),#4211,.F.);
#4414=ADVANCED_FACE('',(#3988),#4212,.F.);
#4415=ADVANCED_FACE('',(#3989),#79,.T.);
#4416=ADVANCED_FACE('',(#3990),#4213,.F.);
#4417=ADVANCED_FACE('',(#3991),#80,.F.);
#4418=ADVANCED_FACE('',(#3992),#4214,.F.);
#4419=ADVANCED_FACE('',(#3993),#81,.T.);
#4420=ADVANCED_FACE('',(#3994,#3995),#4215,.T.);
#4421=ADVANCED_FACE('',(#3996),#4216,.F.);
#4422=ADVANCED_FACE('',(#3997),#4217,.F.);
#4423=ADVANCED_FACE('',(#3998,#3999),#10,.T.);
#4424=ADVANCED_FACE('',(#4000,#4001),#4218,.F.);
#4425=ADVANCED_FACE('',(#4002,#4003),#11,.T.);
#4426=ADVANCED_FACE('',(#4004,#4005),#56,.T.);
#4427=ADVANCED_FACE('',(#4006,#4007),#4219,.F.);
#4428=ADVANCED_FACE('',(#4008),#4220,.F.);
#4429=ADVANCED_FACE('',(#4009),#4221,.F.);
#4430=ADVANCED_FACE('',(#4010),#4222,.F.);
#4431=ADVANCED_FACE('',(#4011),#4223,.F.);
#4432=ADVANCED_FACE('',(#4012),#4224,.F.);
#4433=ADVANCED_FACE('',(#4013),#4225,.F.);
#4434=ADVANCED_FACE('',(#4014),#4226,.F.);
#4435=ADVANCED_FACE('',(#4015),#4227,.F.);
#4436=ADVANCED_FACE('',(#4016),#4228,.F.);
#4437=ADVANCED_FACE('',(#4017),#4229,.F.);
#4438=ADVANCED_FACE('',(#4018),#4230,.F.);
#4439=ADVANCED_FACE('',(#4019),#4231,.F.);
#4440=ADVANCED_FACE('',(#4020),#4232,.F.);
#4441=ADVANCED_FACE('',(#4021),#4233,.F.);
#4442=ADVANCED_FACE('',(#4022),#4234,.F.);
#4443=ADVANCED_FACE('',(#4023),#4235,.F.);
#4444=ADVANCED_FACE('',(#4024),#4236,.F.);
#4445=ADVANCED_FACE('',(#4025),#4237,.F.);
#4446=ADVANCED_FACE('',(#4026),#4238,.F.);
#4447=ADVANCED_FACE('',(#4027),#4239,.F.);
#4448=ADVANCED_FACE('',(#4028),#4240,.F.);
#4449=ADVANCED_FACE('',(#4029),#4241,.F.);
#4450=ADVANCED_FACE('',(#4030),#4242,.F.);
#4451=ADVANCED_FACE('',(#4031),#4243,.F.);
#4452=ADVANCED_FACE('',(#4032),#4244,.F.);
#4453=ADVANCED_FACE('',(#4033),#4245,.F.);
#4454=ADVANCED_FACE('',(#4034),#4246,.F.);
#4455=ADVANCED_FACE('',(#4035),#4247,.F.);
#4456=ADVANCED_FACE('',(#4036),#4248,.F.);
#4457=ADVANCED_FACE('',(#4037),#4249,.F.);
#4458=ADVANCED_FACE('',(#4038),#4250,.F.);
#4459=ADVANCED_FACE('',(#4039),#4251,.F.);
#4460=ADVANCED_FACE('',(#4040),#4252,.F.);
#4461=ADVANCED_FACE('',(#4041),#4253,.F.);
#4462=ADVANCED_FACE('',(#4042),#4254,.F.);
#4463=ADVANCED_FACE('',(#4043),#4255,.F.);
#4464=ADVANCED_FACE('',(#4044),#4256,.F.);
#4465=ADVANCED_FACE('',(#4045),#4257,.F.);
#4466=ADVANCED_FACE('',(#4046,#4047),#4258,.T.);
#4467=ADVANCED_FACE('',(#4048),#4259,.F.);
#4468=ADVANCED_FACE('',(#4049),#4260,.F.);
#4469=ADVANCED_FACE('',(#4050),#82,.T.);
#4470=ADVANCED_FACE('',(#4051),#4261,.F.);
#4471=ADVANCED_FACE('',(#4052),#83,.F.);
#4472=ADVANCED_FACE('',(#4053),#4262,.F.);
#4473=ADVANCED_FACE('',(#4054),#84,.T.);
#4474=ADVANCED_FACE('',(#4055),#4263,.F.);
#4475=ADVANCED_FACE('',(#4056),#4264,.F.);
#4476=ADVANCED_FACE('',(#4057),#4265,.F.);
#4477=ADVANCED_FACE('',(#4058),#4266,.F.);
#4478=ADVANCED_FACE('',(#4059),#85,.F.);
#4479=ADVANCED_FACE('',(#4060),#4267,.F.);
#4480=ADVANCED_FACE('',(#4061),#86,.T.);
#4481=ADVANCED_FACE('',(#4062),#4268,.F.);
#4482=ADVANCED_FACE('',(#4063),#87,.F.);
#4483=ADVANCED_FACE('',(#4064),#4269,.F.);
#4484=ADVANCED_FACE('',(#4065),#4270,.F.);
#4485=ADVANCED_FACE('',(#4066),#4271,.F.);
#4486=ADVANCED_FACE('',(#4067),#4272,.T.);
#4487=ADVANCED_FACE('',(#4068),#4273,.T.);
#4488=ADVANCED_FACE('',(#4069),#88,.T.);
#4489=ADVANCED_FACE('',(#4070),#4274,.T.);
#4490=ADVANCED_FACE('',(#4071),#89,.F.);
#4491=ADVANCED_FACE('',(#4072),#4275,.T.);
#4492=ADVANCED_FACE('',(#4073),#90,.T.);
#4493=ADVANCED_FACE('',(#4074),#4276,.T.);
#4494=ADVANCED_FACE('',(#4075),#4277,.T.);
#4495=ADVANCED_FACE('',(#4076),#4278,.T.);
#4496=ADVANCED_FACE('',(#4077),#4279,.T.);
#4497=ADVANCED_FACE('',(#4078),#91,.F.);
#4498=ADVANCED_FACE('',(#4079),#4280,.T.);
#4499=ADVANCED_FACE('',(#4080),#92,.T.);
#4500=ADVANCED_FACE('',(#4081),#4281,.T.);
#4501=ADVANCED_FACE('',(#4082),#93,.F.);
#4502=ADVANCED_FACE('',(#4083),#4282,.T.);
#4503=ADVANCED_FACE('',(#4084),#4283,.T.);
#4504=ADVANCED_FACE('',(#4085),#4284,.T.);
#4505=ADVANCED_FACE('',(#4086,#4087),#4285,.F.);
#4506=ADVANCED_FACE('',(#4088,#4089),#94,.T.);
#4507=ADVANCED_FACE('',(#4090,#4091),#12,.F.);
#4508=ADVANCED_FACE('',(#4092,#4093),#4286,.F.);
#4509=ADVANCED_FACE('',(#4094,#4095),#13,.T.);
#4510=ADVANCED_FACE('',(#4096,#4097),#95,.T.);
#4511=ADVANCED_FACE('',(#4098,#4099),#14,.F.);
#4512=ADVANCED_FACE('',(#4100,#4101),#96,.F.);
#4513=ADVANCED_FACE('',(#4102),#4287,.T.);
#4514=ADVANCED_FACE('',(#4103),#4288,.F.);
#4515=ADVANCED_FACE('',(#4104),#4289,.F.);
#4516=ADVANCED_FACE('',(#4105),#4290,.F.);
#4517=ADVANCED_FACE('',(#4106),#97,.T.);
#4518=ADVANCED_FACE('',(#4107),#98,.F.);
#4519=ADVANCED_FACE('',(#4108),#4291,.F.);
#4520=ADVANCED_FACE('',(#4109),#4292,.F.);
#4521=ADVANCED_FACE('',(#4110),#4293,.T.);
#4522=ADVANCED_FACE('',(#4111),#4294,.F.);
#4523=ADVANCED_FACE('',(#4112),#4295,.F.);
#4524=ADVANCED_FACE('',(#4113),#4296,.F.);
#4525=ADVANCED_FACE('',(#4114),#99,.F.);
#4526=ADVANCED_FACE('',(#4115),#100,.T.);
#4527=ADVANCED_FACE('',(#4116),#4297,.T.);
#4528=ADVANCED_FACE('',(#4117),#101,.T.);
#4529=ADVANCED_FACE('',(#4118),#102,.F.);
#4530=ADVANCED_FACE('',(#4119),#103,.T.);
#4531=ADVANCED_FACE('',(#4120),#104,.F.);
#4532=ADVANCED_FACE('',(#4121),#4298,.T.);
#4533=CLOSED_SHELL('',(#4299,#4300,#4301,#4302,#4303,#4304,#4305,#4306,
#4307,#4308,#4309,#4310,#4311,#4312,#4313,#4314,#4315,#4316,#4317,#4318,
#4319,#4320,#4321,#4322,#4323,#4324,#4325,#4326,#4327,#4328,#4329,#4330,
#4331,#4332,#4333,#4334,#4335,#4336,#4337,#4338,#4339,#4340,#4341,#4342,
#4343,#4344,#4345,#4346,#4347,#4348,#4349,#4350,#4351,#4352,#4353,#4354,
#4355,#4356,#4357,#4358,#4359,#4360,#4361,#4362,#4363,#4364,#4365,#4366,
#4367,#4368,#4369,#4370,#4371,#4372,#4373,#4374,#4375,#4376,#4377,#4378,
#4379,#4380,#4381,#4382,#4383));
#4534=CLOSED_SHELL('',(#4384,#4385,#4386,#4387,#4388,#4389,#4390,#4391,
#4392,#4393,#4394,#4395,#4396,#4397,#4398,#4399,#4400,#4401,#4402,#4403,
#4404,#4405,#4406,#4407,#4408,#4409,#4410,#4411,#4412,#4413,#4414,#4415,
#4416,#4417,#4418,#4419,#4420,#4421,#4422,#4423,#4424,#4425,#4426));
#4535=CLOSED_SHELL('',(#4427,#4428,#4429,#4430,#4431,#4432,#4433,#4434,
#4435,#4436,#4437,#4438,#4439,#4440,#4441,#4442,#4443,#4444,#4445,#4446,
#4447,#4448,#4449,#4450,#4451,#4452,#4453,#4454,#4455,#4456,#4457,#4458,
#4459,#4460,#4461,#4462,#4463,#4464,#4465,#4466,#4467,#4468,#4469,#4470,
#4471,#4472,#4473,#4474,#4475,#4476,#4477,#4478,#4479,#4480,#4481,#4482,
#4483,#4484,#4485,#4486,#4487,#4488,#4489,#4490,#4491,#4492,#4493,#4494,
#4495,#4496,#4497,#4498,#4499,#4500,#4501,#4502,#4503,#4504,#4505,#4506,
#4507,#4508,#4509,#4510,#4511,#4512));
#4536=CLOSED_SHELL('',(#4513,#4514,#4515,#4516,#4517,#4518,#4519,#4520,
#4521,#4522,#4523,#4524,#4525,#4526,#4527,#4528,#4529,#4530,#4531,#4532));
#4537=STYLED_ITEM('',(#4626),#5161);
#4538=STYLED_ITEM('',(#4627),#5162);
#4539=STYLED_ITEM('',(#4628),#4427);
#4540=STYLED_ITEM('',(#4629),#4428);
#4541=STYLED_ITEM('',(#4630),#4429);
#4542=STYLED_ITEM('',(#4631),#4430);
#4543=STYLED_ITEM('',(#4632),#4431);
#4544=STYLED_ITEM('',(#4633),#4432);
#4545=STYLED_ITEM('',(#4634),#4433);
#4546=STYLED_ITEM('',(#4635),#4434);
#4547=STYLED_ITEM('',(#4636),#4435);
#4548=STYLED_ITEM('',(#4637),#4436);
#4549=STYLED_ITEM('',(#4638),#4437);
#4550=STYLED_ITEM('',(#4639),#4438);
#4551=STYLED_ITEM('',(#4640),#4439);
#4552=STYLED_ITEM('',(#4641),#4440);
#4553=STYLED_ITEM('',(#4642),#4441);
#4554=STYLED_ITEM('',(#4643),#4442);
#4555=STYLED_ITEM('',(#4644),#4443);
#4556=STYLED_ITEM('',(#4645),#4444);
#4557=STYLED_ITEM('',(#4646),#4445);
#4558=STYLED_ITEM('',(#4647),#4446);
#4559=STYLED_ITEM('',(#4648),#4447);
#4560=STYLED_ITEM('',(#4649),#4448);
#4561=STYLED_ITEM('',(#4650),#4449);
#4562=STYLED_ITEM('',(#4651),#4450);
#4563=STYLED_ITEM('',(#4652),#4451);
#4564=STYLED_ITEM('',(#4653),#4452);
#4565=STYLED_ITEM('',(#4654),#4453);
#4566=STYLED_ITEM('',(#4655),#4454);
#4567=STYLED_ITEM('',(#4656),#4455);
#4568=STYLED_ITEM('',(#4657),#4456);
#4569=STYLED_ITEM('',(#4658),#4457);
#4570=STYLED_ITEM('',(#4659),#4458);
#4571=STYLED_ITEM('',(#4660),#4459);
#4572=STYLED_ITEM('',(#4661),#4460);
#4573=STYLED_ITEM('',(#4662),#4461);
#4574=STYLED_ITEM('',(#4663),#4462);
#4575=STYLED_ITEM('',(#4664),#4463);
#4576=STYLED_ITEM('',(#4665),#4464);
#4577=STYLED_ITEM('',(#4666),#4465);
#4578=STYLED_ITEM('',(#4667),#4466);
#4579=STYLED_ITEM('',(#4668),#4467);
#4580=STYLED_ITEM('',(#4669),#4468);
#4581=STYLED_ITEM('',(#4670),#4469);
#4582=STYLED_ITEM('',(#4671),#4470);
#4583=STYLED_ITEM('',(#4672),#4471);
#4584=STYLED_ITEM('',(#4673),#4472);
#4585=STYLED_ITEM('',(#4674),#4473);
#4586=STYLED_ITEM('',(#4675),#4474);
#4587=STYLED_ITEM('',(#4676),#4475);
#4588=STYLED_ITEM('',(#4677),#4476);
#4589=STYLED_ITEM('',(#4678),#4477);
#4590=STYLED_ITEM('',(#4679),#4478);
#4591=STYLED_ITEM('',(#4680),#4479);
#4592=STYLED_ITEM('',(#4681),#4480);
#4593=STYLED_ITEM('',(#4682),#4481);
#4594=STYLED_ITEM('',(#4683),#4482);
#4595=STYLED_ITEM('',(#4684),#4483);
#4596=STYLED_ITEM('',(#4685),#4484);
#4597=STYLED_ITEM('',(#4686),#4485);
#4598=STYLED_ITEM('',(#4687),#4486);
#4599=STYLED_ITEM('',(#4688),#4487);
#4600=STYLED_ITEM('',(#4689),#4488);
#4601=STYLED_ITEM('',(#4690),#4489);
#4602=STYLED_ITEM('',(#4691),#4490);
#4603=STYLED_ITEM('',(#4692),#4491);
#4604=STYLED_ITEM('',(#4693),#4492);
#4605=STYLED_ITEM('',(#4694),#4493);
#4606=STYLED_ITEM('',(#4695),#4494);
#4607=STYLED_ITEM('',(#4696),#4495);
#4608=STYLED_ITEM('',(#4697),#4496);
#4609=STYLED_ITEM('',(#4698),#4497);
#4610=STYLED_ITEM('',(#4699),#4498);
#4611=STYLED_ITEM('',(#4700),#4499);
#4612=STYLED_ITEM('',(#4701),#4500);
#4613=STYLED_ITEM('',(#4702),#4501);
#4614=STYLED_ITEM('',(#4703),#4502);
#4615=STYLED_ITEM('',(#4704),#4503);
#4616=STYLED_ITEM('',(#4705),#4504);
#4617=STYLED_ITEM('',(#4706),#4505);
#4618=STYLED_ITEM('',(#4707),#4506);
#4619=STYLED_ITEM('',(#4708),#4507);
#4620=STYLED_ITEM('',(#4709),#4508);
#4621=STYLED_ITEM('',(#4710),#4509);
#4622=STYLED_ITEM('',(#4711),#4510);
#4623=STYLED_ITEM('',(#4712),#4511);
#4624=STYLED_ITEM('',(#4713),#4512);
#4625=STYLED_ITEM('',(#4714),#5164);
#4626=PRESENTATION_STYLE_ASSIGNMENT((#4715));
#4627=PRESENTATION_STYLE_ASSIGNMENT((#4716));
#4628=PRESENTATION_STYLE_ASSIGNMENT((#4717));
#4629=PRESENTATION_STYLE_ASSIGNMENT((#4718));
#4630=PRESENTATION_STYLE_ASSIGNMENT((#4719));
#4631=PRESENTATION_STYLE_ASSIGNMENT((#4720));
#4632=PRESENTATION_STYLE_ASSIGNMENT((#4721));
#4633=PRESENTATION_STYLE_ASSIGNMENT((#4722));
#4634=PRESENTATION_STYLE_ASSIGNMENT((#4723));
#4635=PRESENTATION_STYLE_ASSIGNMENT((#4724));
#4636=PRESENTATION_STYLE_ASSIGNMENT((#4725));
#4637=PRESENTATION_STYLE_ASSIGNMENT((#4726));
#4638=PRESENTATION_STYLE_ASSIGNMENT((#4727));
#4639=PRESENTATION_STYLE_ASSIGNMENT((#4728));
#4640=PRESENTATION_STYLE_ASSIGNMENT((#4729));
#4641=PRESENTATION_STYLE_ASSIGNMENT((#4730));
#4642=PRESENTATION_STYLE_ASSIGNMENT((#4731));
#4643=PRESENTATION_STYLE_ASSIGNMENT((#4732));
#4644=PRESENTATION_STYLE_ASSIGNMENT((#4733));
#4645=PRESENTATION_STYLE_ASSIGNMENT((#4734));
#4646=PRESENTATION_STYLE_ASSIGNMENT((#4735));
#4647=PRESENTATION_STYLE_ASSIGNMENT((#4736));
#4648=PRESENTATION_STYLE_ASSIGNMENT((#4737));
#4649=PRESENTATION_STYLE_ASSIGNMENT((#4738));
#4650=PRESENTATION_STYLE_ASSIGNMENT((#4739));
#4651=PRESENTATION_STYLE_ASSIGNMENT((#4740));
#4652=PRESENTATION_STYLE_ASSIGNMENT((#4741));
#4653=PRESENTATION_STYLE_ASSIGNMENT((#4742));
#4654=PRESENTATION_STYLE_ASSIGNMENT((#4743));
#4655=PRESENTATION_STYLE_ASSIGNMENT((#4744));
#4656=PRESENTATION_STYLE_ASSIGNMENT((#4745));
#4657=PRESENTATION_STYLE_ASSIGNMENT((#4746));
#4658=PRESENTATION_STYLE_ASSIGNMENT((#4747));
#4659=PRESENTATION_STYLE_ASSIGNMENT((#4748));
#4660=PRESENTATION_STYLE_ASSIGNMENT((#4749));
#4661=PRESENTATION_STYLE_ASSIGNMENT((#4750));
#4662=PRESENTATION_STYLE_ASSIGNMENT((#4751));
#4663=PRESENTATION_STYLE_ASSIGNMENT((#4752));
#4664=PRESENTATION_STYLE_ASSIGNMENT((#4753));
#4665=PRESENTATION_STYLE_ASSIGNMENT((#4754));
#4666=PRESENTATION_STYLE_ASSIGNMENT((#4755));
#4667=PRESENTATION_STYLE_ASSIGNMENT((#4756));
#4668=PRESENTATION_STYLE_ASSIGNMENT((#4757));
#4669=PRESENTATION_STYLE_ASSIGNMENT((#4758));
#4670=PRESENTATION_STYLE_ASSIGNMENT((#4759));
#4671=PRESENTATION_STYLE_ASSIGNMENT((#4760));
#4672=PRESENTATION_STYLE_ASSIGNMENT((#4761));
#4673=PRESENTATION_STYLE_ASSIGNMENT((#4762));
#4674=PRESENTATION_STYLE_ASSIGNMENT((#4763));
#4675=PRESENTATION_STYLE_ASSIGNMENT((#4764));
#4676=PRESENTATION_STYLE_ASSIGNMENT((#4765));
#4677=PRESENTATION_STYLE_ASSIGNMENT((#4766));
#4678=PRESENTATION_STYLE_ASSIGNMENT((#4767));
#4679=PRESENTATION_STYLE_ASSIGNMENT((#4768));
#4680=PRESENTATION_STYLE_ASSIGNMENT((#4769));
#4681=PRESENTATION_STYLE_ASSIGNMENT((#4770));
#4682=PRESENTATION_STYLE_ASSIGNMENT((#4771));
#4683=PRESENTATION_STYLE_ASSIGNMENT((#4772));
#4684=PRESENTATION_STYLE_ASSIGNMENT((#4773));
#4685=PRESENTATION_STYLE_ASSIGNMENT((#4774));
#4686=PRESENTATION_STYLE_ASSIGNMENT((#4775));
#4687=PRESENTATION_STYLE_ASSIGNMENT((#4776));
#4688=PRESENTATION_STYLE_ASSIGNMENT((#4777));
#4689=PRESENTATION_STYLE_ASSIGNMENT((#4778));
#4690=PRESENTATION_STYLE_ASSIGNMENT((#4779));
#4691=PRESENTATION_STYLE_ASSIGNMENT((#4780));
#4692=PRESENTATION_STYLE_ASSIGNMENT((#4781));
#4693=PRESENTATION_STYLE_ASSIGNMENT((#4782));
#4694=PRESENTATION_STYLE_ASSIGNMENT((#4783));
#4695=PRESENTATION_STYLE_ASSIGNMENT((#4784));
#4696=PRESENTATION_STYLE_ASSIGNMENT((#4785));
#4697=PRESENTATION_STYLE_ASSIGNMENT((#4786));
#4698=PRESENTATION_STYLE_ASSIGNMENT((#4787));
#4699=PRESENTATION_STYLE_ASSIGNMENT((#4788));
#4700=PRESENTATION_STYLE_ASSIGNMENT((#4789));
#4701=PRESENTATION_STYLE_ASSIGNMENT((#4790));
#4702=PRESENTATION_STYLE_ASSIGNMENT((#4791));
#4703=PRESENTATION_STYLE_ASSIGNMENT((#4792));
#4704=PRESENTATION_STYLE_ASSIGNMENT((#4793));
#4705=PRESENTATION_STYLE_ASSIGNMENT((#4794));
#4706=PRESENTATION_STYLE_ASSIGNMENT((#4795));
#4707=PRESENTATION_STYLE_ASSIGNMENT((#4796));
#4708=PRESENTATION_STYLE_ASSIGNMENT((#4797));
#4709=PRESENTATION_STYLE_ASSIGNMENT((#4798));
#4710=PRESENTATION_STYLE_ASSIGNMENT((#4799));
#4711=PRESENTATION_STYLE_ASSIGNMENT((#4800));
#4712=PRESENTATION_STYLE_ASSIGNMENT((#4801));
#4713=PRESENTATION_STYLE_ASSIGNMENT((#4802));
#4714=PRESENTATION_STYLE_ASSIGNMENT((#4803));
#4715=SURFACE_STYLE_USAGE(.BOTH.,#4804);
#4716=SURFACE_STYLE_USAGE(.BOTH.,#4805);
#4717=SURFACE_STYLE_USAGE(.BOTH.,#4806);
#4718=SURFACE_STYLE_USAGE(.BOTH.,#4807);
#4719=SURFACE_STYLE_USAGE(.BOTH.,#4808);
#4720=SURFACE_STYLE_USAGE(.BOTH.,#4809);
#4721=SURFACE_STYLE_USAGE(.BOTH.,#4810);
#4722=SURFACE_STYLE_USAGE(.BOTH.,#4811);
#4723=SURFACE_STYLE_USAGE(.BOTH.,#4812);
#4724=SURFACE_STYLE_USAGE(.BOTH.,#4813);
#4725=SURFACE_STYLE_USAGE(.BOTH.,#4814);
#4726=SURFACE_STYLE_USAGE(.BOTH.,#4815);
#4727=SURFACE_STYLE_USAGE(.BOTH.,#4816);
#4728=SURFACE_STYLE_USAGE(.BOTH.,#4817);
#4729=SURFACE_STYLE_USAGE(.BOTH.,#4818);
#4730=SURFACE_STYLE_USAGE(.BOTH.,#4819);
#4731=SURFACE_STYLE_USAGE(.BOTH.,#4820);
#4732=SURFACE_STYLE_USAGE(.BOTH.,#4821);
#4733=SURFACE_STYLE_USAGE(.BOTH.,#4822);
#4734=SURFACE_STYLE_USAGE(.BOTH.,#4823);
#4735=SURFACE_STYLE_USAGE(.BOTH.,#4824);
#4736=SURFACE_STYLE_USAGE(.BOTH.,#4825);
#4737=SURFACE_STYLE_USAGE(.BOTH.,#4826);
#4738=SURFACE_STYLE_USAGE(.BOTH.,#4827);
#4739=SURFACE_STYLE_USAGE(.BOTH.,#4828);
#4740=SURFACE_STYLE_USAGE(.BOTH.,#4829);
#4741=SURFACE_STYLE_USAGE(.BOTH.,#4830);
#4742=SURFACE_STYLE_USAGE(.BOTH.,#4831);
#4743=SURFACE_STYLE_USAGE(.BOTH.,#4832);
#4744=SURFACE_STYLE_USAGE(.BOTH.,#4833);
#4745=SURFACE_STYLE_USAGE(.BOTH.,#4834);
#4746=SURFACE_STYLE_USAGE(.BOTH.,#4835);
#4747=SURFACE_STYLE_USAGE(.BOTH.,#4836);
#4748=SURFACE_STYLE_USAGE(.BOTH.,#4837);
#4749=SURFACE_STYLE_USAGE(.BOTH.,#4838);
#4750=SURFACE_STYLE_USAGE(.BOTH.,#4839);
#4751=SURFACE_STYLE_USAGE(.BOTH.,#4840);
#4752=SURFACE_STYLE_USAGE(.BOTH.,#4841);
#4753=SURFACE_STYLE_USAGE(.BOTH.,#4842);
#4754=SURFACE_STYLE_USAGE(.BOTH.,#4843);
#4755=SURFACE_STYLE_USAGE(.BOTH.,#4844);
#4756=SURFACE_STYLE_USAGE(.BOTH.,#4845);
#4757=SURFACE_STYLE_USAGE(.BOTH.,#4846);
#4758=SURFACE_STYLE_USAGE(.BOTH.,#4847);
#4759=SURFACE_STYLE_USAGE(.BOTH.,#4848);
#4760=SURFACE_STYLE_USAGE(.BOTH.,#4849);
#4761=SURFACE_STYLE_USAGE(.BOTH.,#4850);
#4762=SURFACE_STYLE_USAGE(.BOTH.,#4851);
#4763=SURFACE_STYLE_USAGE(.BOTH.,#4852);
#4764=SURFACE_STYLE_USAGE(.BOTH.,#4853);
#4765=SURFACE_STYLE_USAGE(.BOTH.,#4854);
#4766=SURFACE_STYLE_USAGE(.BOTH.,#4855);
#4767=SURFACE_STYLE_USAGE(.BOTH.,#4856);
#4768=SURFACE_STYLE_USAGE(.BOTH.,#4857);
#4769=SURFACE_STYLE_USAGE(.BOTH.,#4858);
#4770=SURFACE_STYLE_USAGE(.BOTH.,#4859);
#4771=SURFACE_STYLE_USAGE(.BOTH.,#4860);
#4772=SURFACE_STYLE_USAGE(.BOTH.,#4861);
#4773=SURFACE_STYLE_USAGE(.BOTH.,#4862);
#4774=SURFACE_STYLE_USAGE(.BOTH.,#4863);
#4775=SURFACE_STYLE_USAGE(.BOTH.,#4864);
#4776=SURFACE_STYLE_USAGE(.BOTH.,#4865);
#4777=SURFACE_STYLE_USAGE(.BOTH.,#4866);
#4778=SURFACE_STYLE_USAGE(.BOTH.,#4867);
#4779=SURFACE_STYLE_USAGE(.BOTH.,#4868);
#4780=SURFACE_STYLE_USAGE(.BOTH.,#4869);
#4781=SURFACE_STYLE_USAGE(.BOTH.,#4870);
#4782=SURFACE_STYLE_USAGE(.BOTH.,#4871);
#4783=SURFACE_STYLE_USAGE(.BOTH.,#4872);
#4784=SURFACE_STYLE_USAGE(.BOTH.,#4873);
#4785=SURFACE_STYLE_USAGE(.BOTH.,#4874);
#4786=SURFACE_STYLE_USAGE(.BOTH.,#4875);
#4787=SURFACE_STYLE_USAGE(.BOTH.,#4876);
#4788=SURFACE_STYLE_USAGE(.BOTH.,#4877);
#4789=SURFACE_STYLE_USAGE(.BOTH.,#4878);
#4790=SURFACE_STYLE_USAGE(.BOTH.,#4879);
#4791=SURFACE_STYLE_USAGE(.BOTH.,#4880);
#4792=SURFACE_STYLE_USAGE(.BOTH.,#4881);
#4793=SURFACE_STYLE_USAGE(.BOTH.,#4882);
#4794=SURFACE_STYLE_USAGE(.BOTH.,#4883);
#4795=SURFACE_STYLE_USAGE(.BOTH.,#4884);
#4796=SURFACE_STYLE_USAGE(.BOTH.,#4885);
#4797=SURFACE_STYLE_USAGE(.BOTH.,#4886);
#4798=SURFACE_STYLE_USAGE(.BOTH.,#4887);
#4799=SURFACE_STYLE_USAGE(.BOTH.,#4888);
#4800=SURFACE_STYLE_USAGE(.BOTH.,#4889);
#4801=SURFACE_STYLE_USAGE(.BOTH.,#4890);
#4802=SURFACE_STYLE_USAGE(.BOTH.,#4891);
#4803=SURFACE_STYLE_USAGE(.BOTH.,#4892);
#4804=SURFACE_SIDE_STYLE('',(#4893));
#4805=SURFACE_SIDE_STYLE('',(#4894));
#4806=SURFACE_SIDE_STYLE('',(#4895));
#4807=SURFACE_SIDE_STYLE('',(#4896));
#4808=SURFACE_SIDE_STYLE('',(#4897));
#4809=SURFACE_SIDE_STYLE('',(#4898));
#4810=SURFACE_SIDE_STYLE('',(#4899));
#4811=SURFACE_SIDE_STYLE('',(#4900));
#4812=SURFACE_SIDE_STYLE('',(#4901));
#4813=SURFACE_SIDE_STYLE('',(#4902));
#4814=SURFACE_SIDE_STYLE('',(#4903));
#4815=SURFACE_SIDE_STYLE('',(#4904));
#4816=SURFACE_SIDE_STYLE('',(#4905));
#4817=SURFACE_SIDE_STYLE('',(#4906));
#4818=SURFACE_SIDE_STYLE('',(#4907));
#4819=SURFACE_SIDE_STYLE('',(#4908));
#4820=SURFACE_SIDE_STYLE('',(#4909));
#4821=SURFACE_SIDE_STYLE('',(#4910));
#4822=SURFACE_SIDE_STYLE('',(#4911));
#4823=SURFACE_SIDE_STYLE('',(#4912));
#4824=SURFACE_SIDE_STYLE('',(#4913));
#4825=SURFACE_SIDE_STYLE('',(#4914));
#4826=SURFACE_SIDE_STYLE('',(#4915));
#4827=SURFACE_SIDE_STYLE('',(#4916));
#4828=SURFACE_SIDE_STYLE('',(#4917));
#4829=SURFACE_SIDE_STYLE('',(#4918));
#4830=SURFACE_SIDE_STYLE('',(#4919));
#4831=SURFACE_SIDE_STYLE('',(#4920));
#4832=SURFACE_SIDE_STYLE('',(#4921));
#4833=SURFACE_SIDE_STYLE('',(#4922));
#4834=SURFACE_SIDE_STYLE('',(#4923));
#4835=SURFACE_SIDE_STYLE('',(#4924));
#4836=SURFACE_SIDE_STYLE('',(#4925));
#4837=SURFACE_SIDE_STYLE('',(#4926));
#4838=SURFACE_SIDE_STYLE('',(#4927));
#4839=SURFACE_SIDE_STYLE('',(#4928));
#4840=SURFACE_SIDE_STYLE('',(#4929));
#4841=SURFACE_SIDE_STYLE('',(#4930));
#4842=SURFACE_SIDE_STYLE('',(#4931));
#4843=SURFACE_SIDE_STYLE('',(#4932));
#4844=SURFACE_SIDE_STYLE('',(#4933));
#4845=SURFACE_SIDE_STYLE('',(#4934));
#4846=SURFACE_SIDE_STYLE('',(#4935));
#4847=SURFACE_SIDE_STYLE('',(#4936));
#4848=SURFACE_SIDE_STYLE('',(#4937));
#4849=SURFACE_SIDE_STYLE('',(#4938));
#4850=SURFACE_SIDE_STYLE('',(#4939));
#4851=SURFACE_SIDE_STYLE('',(#4940));
#4852=SURFACE_SIDE_STYLE('',(#4941));
#4853=SURFACE_SIDE_STYLE('',(#4942));
#4854=SURFACE_SIDE_STYLE('',(#4943));
#4855=SURFACE_SIDE_STYLE('',(#4944));
#4856=SURFACE_SIDE_STYLE('',(#4945));
#4857=SURFACE_SIDE_STYLE('',(#4946));
#4858=SURFACE_SIDE_STYLE('',(#4947));
#4859=SURFACE_SIDE_STYLE('',(#4948));
#4860=SURFACE_SIDE_STYLE('',(#4949));
#4861=SURFACE_SIDE_STYLE('',(#4950));
#4862=SURFACE_SIDE_STYLE('',(#4951));
#4863=SURFACE_SIDE_STYLE('',(#4952));
#4864=SURFACE_SIDE_STYLE('',(#4953));
#4865=SURFACE_SIDE_STYLE('',(#4954));
#4866=SURFACE_SIDE_STYLE('',(#4955));
#4867=SURFACE_SIDE_STYLE('',(#4956));
#4868=SURFACE_SIDE_STYLE('',(#4957));
#4869=SURFACE_SIDE_STYLE('',(#4958));
#4870=SURFACE_SIDE_STYLE('',(#4959));
#4871=SURFACE_SIDE_STYLE('',(#4960));
#4872=SURFACE_SIDE_STYLE('',(#4961));
#4873=SURFACE_SIDE_STYLE('',(#4962));
#4874=SURFACE_SIDE_STYLE('',(#4963));
#4875=SURFACE_SIDE_STYLE('',(#4964));
#4876=SURFACE_SIDE_STYLE('',(#4965));
#4877=SURFACE_SIDE_STYLE('',(#4966));
#4878=SURFACE_SIDE_STYLE('',(#4967));
#4879=SURFACE_SIDE_STYLE('',(#4968));
#4880=SURFACE_SIDE_STYLE('',(#4969));
#4881=SURFACE_SIDE_STYLE('',(#4970));
#4882=SURFACE_SIDE_STYLE('',(#4971));
#4883=SURFACE_SIDE_STYLE('',(#4972));
#4884=SURFACE_SIDE_STYLE('',(#4973));
#4885=SURFACE_SIDE_STYLE('',(#4974));
#4886=SURFACE_SIDE_STYLE('',(#4975));
#4887=SURFACE_SIDE_STYLE('',(#4976));
#4888=SURFACE_SIDE_STYLE('',(#4977));
#4889=SURFACE_SIDE_STYLE('',(#4978));
#4890=SURFACE_SIDE_STYLE('',(#4979));
#4891=SURFACE_SIDE_STYLE('',(#4980));
#4892=SURFACE_SIDE_STYLE('',(#4981));
#4893=SURFACE_STYLE_FILL_AREA(#4982);
#4894=SURFACE_STYLE_FILL_AREA(#4983);
#4895=SURFACE_STYLE_FILL_AREA(#4984);
#4896=SURFACE_STYLE_FILL_AREA(#4985);
#4897=SURFACE_STYLE_FILL_AREA(#4986);
#4898=SURFACE_STYLE_FILL_AREA(#4987);
#4899=SURFACE_STYLE_FILL_AREA(#4988);
#4900=SURFACE_STYLE_FILL_AREA(#4989);
#4901=SURFACE_STYLE_FILL_AREA(#4990);
#4902=SURFACE_STYLE_FILL_AREA(#4991);
#4903=SURFACE_STYLE_FILL_AREA(#4992);
#4904=SURFACE_STYLE_FILL_AREA(#4993);
#4905=SURFACE_STYLE_FILL_AREA(#4994);
#4906=SURFACE_STYLE_FILL_AREA(#4995);
#4907=SURFACE_STYLE_FILL_AREA(#4996);
#4908=SURFACE_STYLE_FILL_AREA(#4997);
#4909=SURFACE_STYLE_FILL_AREA(#4998);
#4910=SURFACE_STYLE_FILL_AREA(#4999);
#4911=SURFACE_STYLE_FILL_AREA(#5000);
#4912=SURFACE_STYLE_FILL_AREA(#5001);
#4913=SURFACE_STYLE_FILL_AREA(#5002);
#4914=SURFACE_STYLE_FILL_AREA(#5003);
#4915=SURFACE_STYLE_FILL_AREA(#5004);
#4916=SURFACE_STYLE_FILL_AREA(#5005);
#4917=SURFACE_STYLE_FILL_AREA(#5006);
#4918=SURFACE_STYLE_FILL_AREA(#5007);
#4919=SURFACE_STYLE_FILL_AREA(#5008);
#4920=SURFACE_STYLE_FILL_AREA(#5009);
#4921=SURFACE_STYLE_FILL_AREA(#5010);
#4922=SURFACE_STYLE_FILL_AREA(#5011);
#4923=SURFACE_STYLE_FILL_AREA(#5012);
#4924=SURFACE_STYLE_FILL_AREA(#5013);
#4925=SURFACE_STYLE_FILL_AREA(#5014);
#4926=SURFACE_STYLE_FILL_AREA(#5015);
#4927=SURFACE_STYLE_FILL_AREA(#5016);
#4928=SURFACE_STYLE_FILL_AREA(#5017);
#4929=SURFACE_STYLE_FILL_AREA(#5018);
#4930=SURFACE_STYLE_FILL_AREA(#5019);
#4931=SURFACE_STYLE_FILL_AREA(#5020);
#4932=SURFACE_STYLE_FILL_AREA(#5021);
#4933=SURFACE_STYLE_FILL_AREA(#5022);
#4934=SURFACE_STYLE_FILL_AREA(#5023);
#4935=SURFACE_STYLE_FILL_AREA(#5024);
#4936=SURFACE_STYLE_FILL_AREA(#5025);
#4937=SURFACE_STYLE_FILL_AREA(#5026);
#4938=SURFACE_STYLE_FILL_AREA(#5027);
#4939=SURFACE_STYLE_FILL_AREA(#5028);
#4940=SURFACE_STYLE_FILL_AREA(#5029);
#4941=SURFACE_STYLE_FILL_AREA(#5030);
#4942=SURFACE_STYLE_FILL_AREA(#5031);
#4943=SURFACE_STYLE_FILL_AREA(#5032);
#4944=SURFACE_STYLE_FILL_AREA(#5033);
#4945=SURFACE_STYLE_FILL_AREA(#5034);
#4946=SURFACE_STYLE_FILL_AREA(#5035);
#4947=SURFACE_STYLE_FILL_AREA(#5036);
#4948=SURFACE_STYLE_FILL_AREA(#5037);
#4949=SURFACE_STYLE_FILL_AREA(#5038);
#4950=SURFACE_STYLE_FILL_AREA(#5039);
#4951=SURFACE_STYLE_FILL_AREA(#5040);
#4952=SURFACE_STYLE_FILL_AREA(#5041);
#4953=SURFACE_STYLE_FILL_AREA(#5042);
#4954=SURFACE_STYLE_FILL_AREA(#5043);
#4955=SURFACE_STYLE_FILL_AREA(#5044);
#4956=SURFACE_STYLE_FILL_AREA(#5045);
#4957=SURFACE_STYLE_FILL_AREA(#5046);
#4958=SURFACE_STYLE_FILL_AREA(#5047);
#4959=SURFACE_STYLE_FILL_AREA(#5048);
#4960=SURFACE_STYLE_FILL_AREA(#5049);
#4961=SURFACE_STYLE_FILL_AREA(#5050);
#4962=SURFACE_STYLE_FILL_AREA(#5051);
#4963=SURFACE_STYLE_FILL_AREA(#5052);
#4964=SURFACE_STYLE_FILL_AREA(#5053);
#4965=SURFACE_STYLE_FILL_AREA(#5054);
#4966=SURFACE_STYLE_FILL_AREA(#5055);
#4967=SURFACE_STYLE_FILL_AREA(#5056);
#4968=SURFACE_STYLE_FILL_AREA(#5057);
#4969=SURFACE_STYLE_FILL_AREA(#5058);
#4970=SURFACE_STYLE_FILL_AREA(#5059);
#4971=SURFACE_STYLE_FILL_AREA(#5060);
#4972=SURFACE_STYLE_FILL_AREA(#5061);
#4973=SURFACE_STYLE_FILL_AREA(#5062);
#4974=SURFACE_STYLE_FILL_AREA(#5063);
#4975=SURFACE_STYLE_FILL_AREA(#5064);
#4976=SURFACE_STYLE_FILL_AREA(#5065);
#4977=SURFACE_STYLE_FILL_AREA(#5066);
#4978=SURFACE_STYLE_FILL_AREA(#5067);
#4979=SURFACE_STYLE_FILL_AREA(#5068);
#4980=SURFACE_STYLE_FILL_AREA(#5069);
#4981=SURFACE_STYLE_FILL_AREA(#5070);
#4982=FILL_AREA_STYLE('',(#5071));
#4983=FILL_AREA_STYLE('',(#5072));
#4984=FILL_AREA_STYLE('',(#5073));
#4985=FILL_AREA_STYLE('',(#5074));
#4986=FILL_AREA_STYLE('',(#5075));
#4987=FILL_AREA_STYLE('',(#5076));
#4988=FILL_AREA_STYLE('',(#5077));
#4989=FILL_AREA_STYLE('',(#5078));
#4990=FILL_AREA_STYLE('',(#5079));
#4991=FILL_AREA_STYLE('',(#5080));
#4992=FILL_AREA_STYLE('',(#5081));
#4993=FILL_AREA_STYLE('',(#5082));
#4994=FILL_AREA_STYLE('',(#5083));
#4995=FILL_AREA_STYLE('',(#5084));
#4996=FILL_AREA_STYLE('',(#5085));
#4997=FILL_AREA_STYLE('',(#5086));
#4998=FILL_AREA_STYLE('',(#5087));
#4999=FILL_AREA_STYLE('',(#5088));
#5000=FILL_AREA_STYLE('',(#5089));
#5001=FILL_AREA_STYLE('',(#5090));
#5002=FILL_AREA_STYLE('',(#5091));
#5003=FILL_AREA_STYLE('',(#5092));
#5004=FILL_AREA_STYLE('',(#5093));
#5005=FILL_AREA_STYLE('',(#5094));
#5006=FILL_AREA_STYLE('',(#5095));
#5007=FILL_AREA_STYLE('',(#5096));
#5008=FILL_AREA_STYLE('',(#5097));
#5009=FILL_AREA_STYLE('',(#5098));
#5010=FILL_AREA_STYLE('',(#5099));
#5011=FILL_AREA_STYLE('',(#5100));
#5012=FILL_AREA_STYLE('',(#5101));
#5013=FILL_AREA_STYLE('',(#5102));
#5014=FILL_AREA_STYLE('',(#5103));
#5015=FILL_AREA_STYLE('',(#5104));
#5016=FILL_AREA_STYLE('',(#5105));
#5017=FILL_AREA_STYLE('',(#5106));
#5018=FILL_AREA_STYLE('',(#5107));
#5019=FILL_AREA_STYLE('',(#5108));
#5020=FILL_AREA_STYLE('',(#5109));
#5021=FILL_AREA_STYLE('',(#5110));
#5022=FILL_AREA_STYLE('',(#5111));
#5023=FILL_AREA_STYLE('',(#5112));
#5024=FILL_AREA_STYLE('',(#5113));
#5025=FILL_AREA_STYLE('',(#5114));
#5026=FILL_AREA_STYLE('',(#5115));
#5027=FILL_AREA_STYLE('',(#5116));
#5028=FILL_AREA_STYLE('',(#5117));
#5029=FILL_AREA_STYLE('',(#5118));
#5030=FILL_AREA_STYLE('',(#5119));
#5031=FILL_AREA_STYLE('',(#5120));
#5032=FILL_AREA_STYLE('',(#5121));
#5033=FILL_AREA_STYLE('',(#5122));
#5034=FILL_AREA_STYLE('',(#5123));
#5035=FILL_AREA_STYLE('',(#5124));
#5036=FILL_AREA_STYLE('',(#5125));
#5037=FILL_AREA_STYLE('',(#5126));
#5038=FILL_AREA_STYLE('',(#5127));
#5039=FILL_AREA_STYLE('',(#5128));
#5040=FILL_AREA_STYLE('',(#5129));
#5041=FILL_AREA_STYLE('',(#5130));
#5042=FILL_AREA_STYLE('',(#5131));
#5043=FILL_AREA_STYLE('',(#5132));
#5044=FILL_AREA_STYLE('',(#5133));
#5045=FILL_AREA_STYLE('',(#5134));
#5046=FILL_AREA_STYLE('',(#5135));
#5047=FILL_AREA_STYLE('',(#5136));
#5048=FILL_AREA_STYLE('',(#5137));
#5049=FILL_AREA_STYLE('',(#5138));
#5050=FILL_AREA_STYLE('',(#5139));
#5051=FILL_AREA_STYLE('',(#5140));
#5052=FILL_AREA_STYLE('',(#5141));
#5053=FILL_AREA_STYLE('',(#5142));
#5054=FILL_AREA_STYLE('',(#5143));
#5055=FILL_AREA_STYLE('',(#5144));
#5056=FILL_AREA_STYLE('',(#5145));
#5057=FILL_AREA_STYLE('',(#5146));
#5058=FILL_AREA_STYLE('',(#5147));
#5059=FILL_AREA_STYLE('',(#5148));
#5060=FILL_AREA_STYLE('',(#5149));
#5061=FILL_AREA_STYLE('',(#5150));
#5062=FILL_AREA_STYLE('',(#5151));
#5063=FILL_AREA_STYLE('',(#5152));
#5064=FILL_AREA_STYLE('',(#5153));
#5065=FILL_AREA_STYLE('',(#5154));
#5066=FILL_AREA_STYLE('',(#5155));
#5067=FILL_AREA_STYLE('',(#5156));
#5068=FILL_AREA_STYLE('',(#5157));
#5069=FILL_AREA_STYLE('',(#5158));
#5070=FILL_AREA_STYLE('',(#5159));
#5071=FILL_AREA_STYLE_COLOUR('',#5160);
#5072=FILL_AREA_STYLE_COLOUR('',#15);
#5073=FILL_AREA_STYLE_COLOUR('',#16);
#5074=FILL_AREA_STYLE_COLOUR('',#16);
#5075=FILL_AREA_STYLE_COLOUR('',#16);
#5076=FILL_AREA_STYLE_COLOUR('',#16);
#5077=FILL_AREA_STYLE_COLOUR('',#16);
#5078=FILL_AREA_STYLE_COLOUR('',#16);
#5079=FILL_AREA_STYLE_COLOUR('',#16);
#5080=FILL_AREA_STYLE_COLOUR('',#16);
#5081=FILL_AREA_STYLE_COLOUR('',#16);
#5082=FILL_AREA_STYLE_COLOUR('',#16);
#5083=FILL_AREA_STYLE_COLOUR('',#16);
#5084=FILL_AREA_STYLE_COLOUR('',#16);
#5085=FILL_AREA_STYLE_COLOUR('',#16);
#5086=FILL_AREA_STYLE_COLOUR('',#16);
#5087=FILL_AREA_STYLE_COLOUR('',#16);
#5088=FILL_AREA_STYLE_COLOUR('',#16);
#5089=FILL_AREA_STYLE_COLOUR('',#16);
#5090=FILL_AREA_STYLE_COLOUR('',#15);
#5091=FILL_AREA_STYLE_COLOUR('',#16);
#5092=FILL_AREA_STYLE_COLOUR('',#16);
#5093=FILL_AREA_STYLE_COLOUR('',#16);
#5094=FILL_AREA_STYLE_COLOUR('',#16);
#5095=FILL_AREA_STYLE_COLOUR('',#16);
#5096=FILL_AREA_STYLE_COLOUR('',#16);
#5097=FILL_AREA_STYLE_COLOUR('',#16);
#5098=FILL_AREA_STYLE_COLOUR('',#16);
#5099=FILL_AREA_STYLE_COLOUR('',#16);
#5100=FILL_AREA_STYLE_COLOUR('',#16);
#5101=FILL_AREA_STYLE_COLOUR('',#16);
#5102=FILL_AREA_STYLE_COLOUR('',#16);
#5103=FILL_AREA_STYLE_COLOUR('',#16);
#5104=FILL_AREA_STYLE_COLOUR('',#16);
#5105=FILL_AREA_STYLE_COLOUR('',#16);
#5106=FILL_AREA_STYLE_COLOUR('',#16);
#5107=FILL_AREA_STYLE_COLOUR('',#16);
#5108=FILL_AREA_STYLE_COLOUR('',#16);
#5109=FILL_AREA_STYLE_COLOUR('',#15);
#5110=FILL_AREA_STYLE_COLOUR('',#16);
#5111=FILL_AREA_STYLE_COLOUR('',#16);
#5112=FILL_AREA_STYLE_COLOUR('',#15);
#5113=FILL_AREA_STYLE_COLOUR('',#16);
#5114=FILL_AREA_STYLE_COLOUR('',#16);
#5115=FILL_AREA_STYLE_COLOUR('',#16);
#5116=FILL_AREA_STYLE_COLOUR('',#16);
#5117=FILL_AREA_STYLE_COLOUR('',#16);
#5118=FILL_AREA_STYLE_COLOUR('',#16);
#5119=FILL_AREA_STYLE_COLOUR('',#16);
#5120=FILL_AREA_STYLE_COLOUR('',#16);
#5121=FILL_AREA_STYLE_COLOUR('',#16);
#5122=FILL_AREA_STYLE_COLOUR('',#16);
#5123=FILL_AREA_STYLE_COLOUR('',#16);
#5124=FILL_AREA_STYLE_COLOUR('',#16);
#5125=FILL_AREA_STYLE_COLOUR('',#16);
#5126=FILL_AREA_STYLE_COLOUR('',#16);
#5127=FILL_AREA_STYLE_COLOUR('',#16);
#5128=FILL_AREA_STYLE_COLOUR('',#16);
#5129=FILL_AREA_STYLE_COLOUR('',#16);
#5130=FILL_AREA_STYLE_COLOUR('',#16);
#5131=FILL_AREA_STYLE_COLOUR('',#16);
#5132=FILL_AREA_STYLE_COLOUR('',#16);
#5133=FILL_AREA_STYLE_COLOUR('',#16);
#5134=FILL_AREA_STYLE_COLOUR('',#16);
#5135=FILL_AREA_STYLE_COLOUR('',#16);
#5136=FILL_AREA_STYLE_COLOUR('',#16);
#5137=FILL_AREA_STYLE_COLOUR('',#16);
#5138=FILL_AREA_STYLE_COLOUR('',#16);
#5139=FILL_AREA_STYLE_COLOUR('',#16);
#5140=FILL_AREA_STYLE_COLOUR('',#16);
#5141=FILL_AREA_STYLE_COLOUR('',#16);
#5142=FILL_AREA_STYLE_COLOUR('',#16);
#5143=FILL_AREA_STYLE_COLOUR('',#16);
#5144=FILL_AREA_STYLE_COLOUR('',#16);
#5145=FILL_AREA_STYLE_COLOUR('',#16);
#5146=FILL_AREA_STYLE_COLOUR('',#16);
#5147=FILL_AREA_STYLE_COLOUR('',#16);
#5148=FILL_AREA_STYLE_COLOUR('',#16);
#5149=FILL_AREA_STYLE_COLOUR('',#16);
#5150=FILL_AREA_STYLE_COLOUR('',#16);
#5151=FILL_AREA_STYLE_COLOUR('',#16);
#5152=FILL_AREA_STYLE_COLOUR('',#16);
#5153=FILL_AREA_STYLE_COLOUR('',#16);
#5154=FILL_AREA_STYLE_COLOUR('',#15);
#5155=FILL_AREA_STYLE_COLOUR('',#15);
#5156=FILL_AREA_STYLE_COLOUR('',#15);
#5157=FILL_AREA_STYLE_COLOUR('',#15);
#5158=FILL_AREA_STYLE_COLOUR('',#16);
#5159=FILL_AREA_STYLE_COLOUR('',#15);
#5160=DRAUGHTING_PRE_DEFINED_COLOUR('black');
#5161=MANIFOLD_SOLID_BREP('KSC6 - body',#4533);
#5162=MANIFOLD_SOLID_BREP('KSC6  - button',#4534);
#5163=MANIFOLD_SOLID_BREP('KSC6 - cover',#4535);
#5164=MANIFOLD_SOLID_BREP('KSC61G_pin',#4536);
#5165=SHAPE_DEFINITION_REPRESENTATION(#8079,#5170);
#5166=SHAPE_DEFINITION_REPRESENTATION(#8080,#5171);
#5167=SHAPE_DEFINITION_REPRESENTATION(#8082,#5172);
#5168=SHAPE_DEFINITION_REPRESENTATION(#8084,#5173);
#5169=SHAPE_DEFINITION_REPRESENTATION(#8086,#5174);
#5170=SHAPE_REPRESENTATION('KSC621GLFS',(#5175,#5285,#5366,#5486,#5523,
#5524,#5525,#5526),#8066);
#5171=SHAPE_REPRESENTATION('KSC6 - body',(#5175),#8067);
#5172=SHAPE_REPRESENTATION('KSC6  - button',(#5175),#8068);
#5173=SHAPE_REPRESENTATION('KSC6 - cover',(#5175),#8069);
#5174=SHAPE_REPRESENTATION('KSC61G_pin',(#5175),#8070);
#5175=AXIS2_PLACEMENT_3D('',#6758,#5527,#5528);
#5176=AXIS2_PLACEMENT_3D('',#6759,#5529,#5530);
#5177=AXIS2_PLACEMENT_3D('',#6760,#5531,#5532);
#5178=AXIS2_PLACEMENT_3D('',#6762,#5533,#5534);
#5179=AXIS2_PLACEMENT_3D('',#6764,#5535,#5536);
#5180=AXIS2_PLACEMENT_3D('',#6775,#5541,#5542);
#5181=AXIS2_PLACEMENT_3D('',#6787,#5548,#5549);
#5182=AXIS2_PLACEMENT_3D('',#6795,#5553,#5554);
#5183=AXIS2_PLACEMENT_3D('',#6807,#5560,#5561);
#5184=AXIS2_PLACEMENT_3D('',#6814,#5565,#5566);
#5185=AXIS2_PLACEMENT_3D('',#6865,#5593,#5594);
#5186=AXIS2_PLACEMENT_3D('',#6871,#5598,#5599);
#5187=AXIS2_PLACEMENT_3D('',#6877,#5603,#5604);
#5188=AXIS2_PLACEMENT_3D('',#6923,#5628,#5629);
#5189=AXIS2_PLACEMENT_3D('',#6929,#5633,#5634);
#5190=AXIS2_PLACEMENT_3D('',#6935,#5638,#5639);
#5191=AXIS2_PLACEMENT_3D('',#6936,#5640,#5641);
#5192=AXIS2_PLACEMENT_3D('',#6937,#5642,#5643);
#5193=AXIS2_PLACEMENT_3D('',#6955,#5653,#5654);
#5194=AXIS2_PLACEMENT_3D('',#6956,#5655,#5656);
#5195=AXIS2_PLACEMENT_3D('',#6974,#5666,#5667);
#5196=AXIS2_PLACEMENT_3D('',#6975,#5668,#5669);
#5197=AXIS2_PLACEMENT_3D('',#6981,#5673,#5674);
#5198=AXIS2_PLACEMENT_3D('',#6995,#5682,#5683);
#5199=AXIS2_PLACEMENT_3D('',#6998,#5686,#5687);
#5200=AXIS2_PLACEMENT_3D('',#7024,#5703,#5704);
#5201=AXIS2_PLACEMENT_3D('',#7028,#5707,#5708);
#5202=AXIS2_PLACEMENT_3D('',#7040,#5715,#5716);
#5203=AXIS2_PLACEMENT_3D('',#7042,#5718,#5719);
#5204=AXIS2_PLACEMENT_3D('',#7052,#5725,#5726);
#5205=AXIS2_PLACEMENT_3D('',#7054,#5728,#5729);
#5206=AXIS2_PLACEMENT_3D('',#7056,#5731,#5732);
#5207=AXIS2_PLACEMENT_3D('',#7058,#5734,#5735);
#5208=AXIS2_PLACEMENT_3D('',#7060,#5737,#5738);
#5209=AXIS2_PLACEMENT_3D('',#7061,#5739,#5740);
#5210=AXIS2_PLACEMENT_3D('',#7071,#5746,#5747);
#5211=AXIS2_PLACEMENT_3D('',#7073,#5749,#5750);
#5212=AXIS2_PLACEMENT_3D('',#7075,#5752,#5753);
#5213=AXIS2_PLACEMENT_3D('',#7077,#5755,#5756);
#5214=AXIS2_PLACEMENT_3D('',#7079,#5758,#5759);
#5215=AXIS2_PLACEMENT_3D('',#7080,#5760,#5761);
#5216=AXIS2_PLACEMENT_3D('',#7084,#5764,#5765);
#5217=AXIS2_PLACEMENT_3D('',#7088,#5768,#5769);
#5218=AXIS2_PLACEMENT_3D('',#7092,#5772,#5773);
#5219=AXIS2_PLACEMENT_3D('',#7096,#5776,#5777);
#5220=AXIS2_PLACEMENT_3D('',#7098,#5779,#5780);
#5221=AXIS2_PLACEMENT_3D('',#7099,#5781,#5782);
#5222=AXIS2_PLACEMENT_3D('',#7109,#5788,#5789);
#5223=AXIS2_PLACEMENT_3D('',#7111,#5791,#5792);
#5224=AXIS2_PLACEMENT_3D('',#7113,#5794,#5795);
#5225=AXIS2_PLACEMENT_3D('',#7115,#5797,#5798);
#5226=AXIS2_PLACEMENT_3D('',#7117,#5800,#5801);
#5227=AXIS2_PLACEMENT_3D('',#7118,#5802,#5803);
#5228=AXIS2_PLACEMENT_3D('',#7120,#5805,#5806);
#5229=AXIS2_PLACEMENT_3D('',#7122,#5808,#5809);
#5230=AXIS2_PLACEMENT_3D('',#7124,#5811,#5812);
#5231=AXIS2_PLACEMENT_3D('',#7126,#5814,#5815);
#5232=AXIS2_PLACEMENT_3D('',#7127,#5816,#5817);
#5233=AXIS2_PLACEMENT_3D('',#7129,#5819,#5820);
#5234=AXIS2_PLACEMENT_3D('',#7131,#5822,#5823);
#5235=AXIS2_PLACEMENT_3D('',#7133,#5825,#5826);
#5236=AXIS2_PLACEMENT_3D('',#7135,#5828,#5829);
#5237=AXIS2_PLACEMENT_3D('',#7136,#5830,#5831);
#5238=AXIS2_PLACEMENT_3D('',#7137,#5832,#5833);
#5239=AXIS2_PLACEMENT_3D('',#7140,#5835,#5836);
#5240=AXIS2_PLACEMENT_3D('',#7142,#5838,#5839);
#5241=AXIS2_PLACEMENT_3D('',#7145,#5841,#5842);
#5242=AXIS2_PLACEMENT_3D('',#7146,#5843,#5844);
#5243=AXIS2_PLACEMENT_3D('',#7148,#5846,#5847);
#5244=AXIS2_PLACEMENT_3D('',#7151,#5849,#5850);
#5245=AXIS2_PLACEMENT_3D('',#7152,#5851,#5852);
#5246=AXIS2_PLACEMENT_3D('',#7154,#5854,#5855);
#5247=AXIS2_PLACEMENT_3D('',#7157,#5857,#5858);
#5248=AXIS2_PLACEMENT_3D('',#7158,#5859,#5860);
#5249=AXIS2_PLACEMENT_3D('',#7160,#5862,#5863);
#5250=AXIS2_PLACEMENT_3D('',#7163,#5865,#5866);
#5251=AXIS2_PLACEMENT_3D('',#7166,#5868,#5869);
#5252=AXIS2_PLACEMENT_3D('',#7168,#5871,#5872);
#5253=AXIS2_PLACEMENT_3D('',#7170,#5874,#5875);
#5254=AXIS2_PLACEMENT_3D('',#7171,#5876,#5877);
#5255=AXIS2_PLACEMENT_3D('',#7174,#5879,#5880);
#5256=AXIS2_PLACEMENT_3D('',#7177,#5882,#5883);
#5257=AXIS2_PLACEMENT_3D('',#7179,#5885,#5886);
#5258=AXIS2_PLACEMENT_3D('',#7181,#5888,#5889);
#5259=AXIS2_PLACEMENT_3D('',#7182,#5890,#5891);
#5260=AXIS2_PLACEMENT_3D('',#7185,#5893,#5894);
#5261=AXIS2_PLACEMENT_3D('',#7188,#5896,#5897);
#5262=AXIS2_PLACEMENT_3D('',#7190,#5899,#5900);
#5263=AXIS2_PLACEMENT_3D('',#7192,#5902,#5903);
#5264=AXIS2_PLACEMENT_3D('',#7193,#5904,#5905);
#5265=AXIS2_PLACEMENT_3D('',#7196,#5907,#5908);
#5266=AXIS2_PLACEMENT_3D('',#7199,#5910,#5911);
#5267=AXIS2_PLACEMENT_3D('',#7201,#5913,#5914);
#5268=AXIS2_PLACEMENT_3D('',#7203,#5916,#5917);
#5269=AXIS2_PLACEMENT_3D('',#7204,#5918,#5919);
#5270=AXIS2_PLACEMENT_3D('',#7205,#5920,#5921);
#5271=AXIS2_PLACEMENT_3D('',#7207,#5922,#5923);
#5272=AXIS2_PLACEMENT_3D('',#7208,#5924,#5925);
#5273=AXIS2_PLACEMENT_3D('',#7210,#5926,#5927);
#5274=AXIS2_PLACEMENT_3D('',#7211,#5928,#5929);
#5275=AXIS2_PLACEMENT_3D('',#7213,#5930,#5931);
#5276=AXIS2_PLACEMENT_3D('',#7214,#5932,#5933);
#5277=AXIS2_PLACEMENT_3D('',#7215,#5934,#5935);
#5278=AXIS2_PLACEMENT_3D('',#7217,#5936,#5937);
#5279=AXIS2_PLACEMENT_3D('',#7218,#5938,#5939);
#5280=AXIS2_PLACEMENT_3D('',#7219,#5940,#5941);
#5281=AXIS2_PLACEMENT_3D('',#7221,#5942,#5943);
#5282=AXIS2_PLACEMENT_3D('',#7222,#5944,#5945);
#5283=AXIS2_PLACEMENT_3D('',#7225,#5948,#5949);
#5284=AXIS2_PLACEMENT_3D('',#7226,#5950,#5951);
#5285=AXIS2_PLACEMENT_3D('',#7227,#5952,#5953);
#5286=AXIS2_PLACEMENT_3D('',#7228,#5954,#5955);
#5287=AXIS2_PLACEMENT_3D('',#7237,#5960,#5961);
#5288=AXIS2_PLACEMENT_3D('',#7238,#5962,#5963);
#5289=AXIS2_PLACEMENT_3D('',#7242,#5965,#5966);
#5290=AXIS2_PLACEMENT_3D('',#7243,#5967,#5968);
#5291=AXIS2_PLACEMENT_3D('',#7249,#5972,#5973);
#5292=AXIS2_PLACEMENT_3D('',#7250,#5974,#5975);
#5293=AXIS2_PLACEMENT_3D('',#7254,#5977,#5978);
#5294=AXIS2_PLACEMENT_3D('',#7255,#5979,#5980);
#5295=AXIS2_PLACEMENT_3D('',#7261,#5984,#5985);
#5296=AXIS2_PLACEMENT_3D('',#7262,#5986,#5987);
#5297=AXIS2_PLACEMENT_3D('',#7266,#5989,#5990);
#5298=AXIS2_PLACEMENT_3D('',#7267,#5991,#5992);
#5299=AXIS2_PLACEMENT_3D('',#7273,#5996,#5997);
#5300=AXIS2_PLACEMENT_3D('',#7279,#6001,#6002);
#5301=AXIS2_PLACEMENT_3D('',#7280,#6003,#6004);
#5302=AXIS2_PLACEMENT_3D('',#7284,#6006,#6007);
#5303=AXIS2_PLACEMENT_3D('',#7285,#6008,#6009);
#5304=AXIS2_PLACEMENT_3D('',#7291,#6013,#6014);
#5305=AXIS2_PLACEMENT_3D('',#7292,#6015,#6016);
#5306=AXIS2_PLACEMENT_3D('',#7296,#6018,#6019);
#5307=AXIS2_PLACEMENT_3D('',#7297,#6020,#6021);
#5308=AXIS2_PLACEMENT_3D('',#7303,#6025,#6026);
#5309=AXIS2_PLACEMENT_3D('',#7309,#6030,#6031);
#5310=AXIS2_PLACEMENT_3D('',#7310,#6032,#6033);
#5311=AXIS2_PLACEMENT_3D('',#7314,#6035,#6036);
#5312=AXIS2_PLACEMENT_3D('',#7315,#6037,#6038);
#5313=AXIS2_PLACEMENT_3D('',#7321,#6042,#6043);
#5314=AXIS2_PLACEMENT_3D('',#7322,#6044,#6045);
#5315=AXIS2_PLACEMENT_3D('',#7326,#6047,#6048);
#5316=AXIS2_PLACEMENT_3D('',#7327,#6049,#6050);
#5317=AXIS2_PLACEMENT_3D('',#7333,#6054,#6055);
#5318=AXIS2_PLACEMENT_3D('',#7334,#6056,#6057);
#5319=AXIS2_PLACEMENT_3D('',#7338,#6059,#6060);
#5320=AXIS2_PLACEMENT_3D('',#7339,#6061,#6062);
#5321=AXIS2_PLACEMENT_3D('',#7345,#6066,#6067);
#5322=AXIS2_PLACEMENT_3D('',#7346,#6068,#6069);
#5323=AXIS2_PLACEMENT_3D('',#7350,#6071,#6072);
#5324=AXIS2_PLACEMENT_3D('',#7351,#6073,#6074);
#5325=AXIS2_PLACEMENT_3D('',#7357,#6078,#6079);
#5326=AXIS2_PLACEMENT_3D('',#7358,#6080,#6081);
#5327=AXIS2_PLACEMENT_3D('',#7362,#6083,#6084);
#5328=AXIS2_PLACEMENT_3D('',#7363,#6085,#6086);
#5329=AXIS2_PLACEMENT_3D('',#7369,#6090,#6091);
#5330=AXIS2_PLACEMENT_3D('',#7370,#6092,#6093);
#5331=AXIS2_PLACEMENT_3D('',#7374,#6095,#6096);
#5332=AXIS2_PLACEMENT_3D('',#7375,#6097,#6098);
#5333=AXIS2_PLACEMENT_3D('',#7381,#6102,#6103);
#5334=AXIS2_PLACEMENT_3D('',#7387,#6107,#6108);
#5335=AXIS2_PLACEMENT_3D('',#7388,#6109,#6110);
#5336=AXIS2_PLACEMENT_3D('',#7392,#6112,#6113);
#5337=AXIS2_PLACEMENT_3D('',#7393,#6114,#6115);
#5338=AXIS2_PLACEMENT_3D('',#7399,#6119,#6120);
#5339=AXIS2_PLACEMENT_3D('',#7400,#6121,#6122);
#5340=AXIS2_PLACEMENT_3D('',#7404,#6124,#6125);
#5341=AXIS2_PLACEMENT_3D('',#7405,#6126,#6127);
#5342=AXIS2_PLACEMENT_3D('',#7411,#6131,#6132);
#5343=AXIS2_PLACEMENT_3D('',#7417,#6136,#6137);
#5344=AXIS2_PLACEMENT_3D('',#7418,#6138,#6139);
#5345=AXIS2_PLACEMENT_3D('',#7422,#6141,#6142);
#5346=AXIS2_PLACEMENT_3D('',#7423,#6143,#6144);
#5347=AXIS2_PLACEMENT_3D('',#7429,#6148,#6149);
#5348=AXIS2_PLACEMENT_3D('',#7430,#6150,#6151);
#5349=AXIS2_PLACEMENT_3D('',#7434,#6153,#6154);
#5350=AXIS2_PLACEMENT_3D('',#7435,#6155,#6156);
#5351=AXIS2_PLACEMENT_3D('',#7441,#6160,#6161);
#5352=AXIS2_PLACEMENT_3D('',#7442,#6162,#6163);
#5353=AXIS2_PLACEMENT_3D('',#7443,#6164,#6165);
#5354=AXIS2_PLACEMENT_3D('',#7444,#6166,#6167);
#5355=AXIS2_PLACEMENT_3D('',#7445,#6168,#6169);
#5356=AXIS2_PLACEMENT_3D('',#7447,#6170,#6171);
#5357=AXIS2_PLACEMENT_3D('',#7448,#6172,#6173);
#5358=AXIS2_PLACEMENT_3D('',#7449,#6174,#6175);
#5359=AXIS2_PLACEMENT_3D('',#7451,#6176,#6177);
#5360=AXIS2_PLACEMENT_3D('',#7452,#6178,#6179);
#5361=AXIS2_PLACEMENT_3D('',#7454,#6180,#6181);
#5362=AXIS2_PLACEMENT_3D('',#7455,#6182,#6183);
#5363=AXIS2_PLACEMENT_3D('',#7457,#6184,#6185);
#5364=AXIS2_PLACEMENT_3D('',#7458,#6186,#6187);
#5365=AXIS2_PLACEMENT_3D('',#7460,#6188,#6189);
#5366=AXIS2_PLACEMENT_3D('',#7461,#6190,#6191);
#5367=AXIS2_PLACEMENT_3D('',#7462,#6192,#6193);
#5368=AXIS2_PLACEMENT_3D('',#7463,#6194,#6195);
#5369=AXIS2_PLACEMENT_3D('',#7529,#6228,#6229);
#5370=AXIS2_PLACEMENT_3D('',#7535,#6233,#6234);
#5371=AXIS2_PLACEMENT_3D('',#7539,#6237,#6238);
#5372=AXIS2_PLACEMENT_3D('',#7543,#6241,#6242);
#5373=AXIS2_PLACEMENT_3D('',#7547,#6245,#6246);
#5374=AXIS2_PLACEMENT_3D('',#7551,#6249,#6250);
#5375=AXIS2_PLACEMENT_3D('',#7555,#6253,#6254);
#5376=AXIS2_PLACEMENT_3D('',#7559,#6257,#6258);
#5377=AXIS2_PLACEMENT_3D('',#7563,#6261,#6262);
#5378=AXIS2_PLACEMENT_3D('',#7571,#6267,#6268);
#5379=AXIS2_PLACEMENT_3D('',#7581,#6274,#6275);
#5380=AXIS2_PLACEMENT_3D('',#7585,#6278,#6279);
#5381=AXIS2_PLACEMENT_3D('',#7589,#6282,#6283);
#5382=AXIS2_PLACEMENT_3D('',#7593,#6286,#6287);
#5383=AXIS2_PLACEMENT_3D('',#7597,#6290,#6291);
#5384=AXIS2_PLACEMENT_3D('',#7601,#6294,#6295);
#5385=AXIS2_PLACEMENT_3D('',#7609,#6300,#6301);
#5386=AXIS2_PLACEMENT_3D('',#7616,#6305,#6306);
#5387=AXIS2_PLACEMENT_3D('',#7620,#6308,#6309);
#5388=AXIS2_PLACEMENT_3D('',#7624,#6311,#6312);
#5389=AXIS2_PLACEMENT_3D('',#7634,#6318,#6319);
#5390=AXIS2_PLACEMENT_3D('',#7638,#6321,#6322);
#5391=AXIS2_PLACEMENT_3D('',#7642,#6324,#6325);
#5392=AXIS2_PLACEMENT_3D('',#7649,#6329,#6330);
#5393=AXIS2_PLACEMENT_3D('',#7656,#6335,#6336);
#5394=AXIS2_PLACEMENT_3D('',#7660,#6339,#6340);
#5395=AXIS2_PLACEMENT_3D('',#7664,#6343,#6344);
#5396=AXIS2_PLACEMENT_3D('',#7668,#6347,#6348);
#5397=AXIS2_PLACEMENT_3D('',#7672,#6351,#6352);
#5398=AXIS2_PLACEMENT_3D('',#7676,#6355,#6356);
#5399=AXIS2_PLACEMENT_3D('',#7680,#6359,#6360);
#5400=AXIS2_PLACEMENT_3D('',#7684,#6363,#6364);
#5401=AXIS2_PLACEMENT_3D('',#7688,#6367,#6368);
#5402=AXIS2_PLACEMENT_3D('',#7692,#6371,#6372);
#5403=AXIS2_PLACEMENT_3D('',#7700,#6377,#6378);
#5404=AXIS2_PLACEMENT_3D('',#7710,#6384,#6385);
#5405=AXIS2_PLACEMENT_3D('',#7714,#6388,#6389);
#5406=AXIS2_PLACEMENT_3D('',#7718,#6392,#6393);
#5407=AXIS2_PLACEMENT_3D('',#7722,#6396,#6397);
#5408=AXIS2_PLACEMENT_3D('',#7726,#6400,#6401);
#5409=AXIS2_PLACEMENT_3D('',#7730,#6404,#6405);
#5410=AXIS2_PLACEMENT_3D('',#7738,#6410,#6411);
#5411=AXIS2_PLACEMENT_3D('',#7745,#6415,#6416);
#5412=AXIS2_PLACEMENT_3D('',#7749,#6418,#6419);
#5413=AXIS2_PLACEMENT_3D('',#7753,#6421,#6422);
#5414=AXIS2_PLACEMENT_3D('',#7763,#6428,#6429);
#5415=AXIS2_PLACEMENT_3D('',#7767,#6431,#6432);
#5416=AXIS2_PLACEMENT_3D('',#7771,#6434,#6435);
#5417=AXIS2_PLACEMENT_3D('',#7778,#6439,#6440);
#5418=AXIS2_PLACEMENT_3D('',#7785,#6445,#6446);
#5419=AXIS2_PLACEMENT_3D('',#7787,#6448,#6449);
#5420=AXIS2_PLACEMENT_3D('',#7788,#6450,#6451);
#5421=AXIS2_PLACEMENT_3D('',#7790,#6452,#6453);
#5422=AXIS2_PLACEMENT_3D('',#7797,#6457,#6458);
#5423=AXIS2_PLACEMENT_3D('',#7801,#6460,#6461);
#5424=AXIS2_PLACEMENT_3D('',#7805,#6463,#6464);
#5425=AXIS2_PLACEMENT_3D('',#7814,#6469,#6470);
#5426=AXIS2_PLACEMENT_3D('',#7818,#6472,#6473);
#5427=AXIS2_PLACEMENT_3D('',#7822,#6475,#6476);
#5428=AXIS2_PLACEMENT_3D('',#7825,#6478,#6479);
#5429=AXIS2_PLACEMENT_3D('',#7827,#6481,#6482);
#5430=AXIS2_PLACEMENT_3D('',#7829,#6484,#6485);
#5431=AXIS2_PLACEMENT_3D('',#7831,#6487,#6488);
#5432=AXIS2_PLACEMENT_3D('',#7833,#6490,#6491);
#5433=AXIS2_PLACEMENT_3D('',#7835,#6493,#6494);
#5434=AXIS2_PLACEMENT_3D('',#7837,#6496,#6497);
#5435=AXIS2_PLACEMENT_3D('',#7838,#6498,#6499);
#5436=AXIS2_PLACEMENT_3D('',#7840,#6501,#6502);
#5437=AXIS2_PLACEMENT_3D('',#7842,#6504,#6505);
#5438=AXIS2_PLACEMENT_3D('',#7844,#6507,#6508);
#5439=AXIS2_PLACEMENT_3D('',#7846,#6510,#6511);
#5440=AXIS2_PLACEMENT_3D('',#7848,#6513,#6514);
#5441=AXIS2_PLACEMENT_3D('',#7850,#6516,#6517);
#5442=AXIS2_PLACEMENT_3D('',#7852,#6519,#6520);
#5443=AXIS2_PLACEMENT_3D('',#7854,#6522,#6523);
#5444=AXIS2_PLACEMENT_3D('',#7856,#6525,#6526);
#5445=AXIS2_PLACEMENT_3D('',#7858,#6528,#6529);
#5446=AXIS2_PLACEMENT_3D('',#7859,#6530,#6531);
#5447=AXIS2_PLACEMENT_3D('',#7862,#6533,#6534);
#5448=AXIS2_PLACEMENT_3D('',#7866,#6536,#6537);
#5449=AXIS2_PLACEMENT_3D('',#7870,#6539,#6540);
#5450=AXIS2_PLACEMENT_3D('',#7879,#6545,#6546);
#5451=AXIS2_PLACEMENT_3D('',#7883,#6548,#6549);
#5452=AXIS2_PLACEMENT_3D('',#7887,#6551,#6552);
#5453=AXIS2_PLACEMENT_3D('',#7894,#6556,#6557);
#5454=AXIS2_PLACEMENT_3D('',#7896,#6559,#6560);
#5455=AXIS2_PLACEMENT_3D('',#7898,#6562,#6563);
#5456=AXIS2_PLACEMENT_3D('',#7900,#6565,#6566);
#5457=AXIS2_PLACEMENT_3D('',#7902,#6568,#6569);
#5458=AXIS2_PLACEMENT_3D('',#7904,#6571,#6572);
#5459=AXIS2_PLACEMENT_3D('',#7906,#6574,#6575);
#5460=AXIS2_PLACEMENT_3D('',#7907,#6576,#6577);
#5461=AXIS2_PLACEMENT_3D('',#7909,#6579,#6580);
#5462=AXIS2_PLACEMENT_3D('',#7911,#6582,#6583);
#5463=AXIS2_PLACEMENT_3D('',#7913,#6585,#6586);
#5464=AXIS2_PLACEMENT_3D('',#7915,#6588,#6589);
#5465=AXIS2_PLACEMENT_3D('',#7917,#6591,#6592);
#5466=AXIS2_PLACEMENT_3D('',#7919,#6594,#6595);
#5467=AXIS2_PLACEMENT_3D('',#7921,#6597,#6598);
#5468=AXIS2_PLACEMENT_3D('',#7923,#6600,#6601);
#5469=AXIS2_PLACEMENT_3D('',#7925,#6603,#6604);
#5470=AXIS2_PLACEMENT_3D('',#7927,#6606,#6607);
#5471=AXIS2_PLACEMENT_3D('',#7928,#6608,#6609);
#5472=AXIS2_PLACEMENT_3D('',#7929,#6610,#6611);
#5473=AXIS2_PLACEMENT_3D('',#7931,#6612,#6613);
#5474=AXIS2_PLACEMENT_3D('',#7933,#6614,#6615);
#5475=AXIS2_PLACEMENT_3D('',#7934,#6616,#6617);
#5476=AXIS2_PLACEMENT_3D('',#7936,#6618,#6619);
#5477=AXIS2_PLACEMENT_3D('',#7937,#6620,#6621);
#5478=AXIS2_PLACEMENT_3D('',#7939,#6622,#6623);
#5479=AXIS2_PLACEMENT_3D('',#7940,#6624,#6625);
#5480=AXIS2_PLACEMENT_3D('',#7942,#6626,#6627);
#5481=AXIS2_PLACEMENT_3D('',#7943,#6628,#6629);
#5482=AXIS2_PLACEMENT_3D('',#7945,#6630,#6631);
#5483=AXIS2_PLACEMENT_3D('',#7946,#6632,#6633);
#5484=AXIS2_PLACEMENT_3D('',#7948,#6634,#6635);
#5485=AXIS2_PLACEMENT_3D('',#7949,#6636,#6637);
#5486=AXIS2_PLACEMENT_3D('',#7950,#6638,#6639);
#5487=AXIS2_PLACEMENT_3D('',#7951,#6640,#6641);
#5488=AXIS2_PLACEMENT_3D('',#7959,#6645,#6646);
#5489=AXIS2_PLACEMENT_3D('',#7967,#6650,#6651);
#5490=AXIS2_PLACEMENT_3D('',#7968,#6652,#6653);
#5491=AXIS2_PLACEMENT_3D('',#7974,#6656,#6657);
#5492=AXIS2_PLACEMENT_3D('',#7982,#6661,#6662);
#5493=AXIS2_PLACEMENT_3D('',#7985,#6664,#6665);
#5494=AXIS2_PLACEMENT_3D('',#7986,#6666,#6667);
#5495=AXIS2_PLACEMENT_3D('',#7988,#6668,#6669);
#5496=AXIS2_PLACEMENT_3D('',#7996,#6673,#6674);
#5497=AXIS2_PLACEMENT_3D('',#7998,#6675,#6676);
#5498=AXIS2_PLACEMENT_3D('',#8000,#6678,#6679);
#5499=AXIS2_PLACEMENT_3D('',#8001,#6680,#6681);
#5500=AXIS2_PLACEMENT_3D('',#8004,#6682,#6683);
#5501=AXIS2_PLACEMENT_3D('',#8006,#6685,#6686);
#5502=AXIS2_PLACEMENT_3D('',#8008,#6687,#6688);
#5503=AXIS2_PLACEMENT_3D('',#8015,#6692,#6693);
#5504=AXIS2_PLACEMENT_3D('',#8016,#6694,#6695);
#5505=AXIS2_PLACEMENT_3D('',#8020,#6697,#6698);
#5506=AXIS2_PLACEMENT_3D('',#8021,#6699,#6700);
#5507=AXIS2_PLACEMENT_3D('',#8025,#6702,#6703);
#5508=AXIS2_PLACEMENT_3D('',#8026,#6704,#6705);
#5509=AXIS2_PLACEMENT_3D('',#8027,#6706,#6707);
#5510=AXIS2_PLACEMENT_3D('',#8033,#6711,#6712);
#5511=AXIS2_PLACEMENT_3D('',#8039,#6716,#6717);
#5512=AXIS2_PLACEMENT_3D('',#8042,#6720,#6721);
#5513=AXIS2_PLACEMENT_3D('',#8045,#6724,#6725);
#5514=AXIS2_PLACEMENT_3D('',#8047,#6727,#6728);
#5515=AXIS2_PLACEMENT_3D('',#8049,#6730,#6731);
#5516=AXIS2_PLACEMENT_3D('',#8050,#6732,#6733);
#5517=AXIS2_PLACEMENT_3D('',#8051,#6734,#6735);
#5518=AXIS2_PLACEMENT_3D('',#8053,#6737,#6738);
#5519=AXIS2_PLACEMENT_3D('',#8055,#6740,#6741);
#5520=AXIS2_PLACEMENT_3D('',#8056,#6742,#6743);
#5521=AXIS2_PLACEMENT_3D('',#8058,#6745,#6746);
#5522=AXIS2_PLACEMENT_3D('',#8060,#6748,#6749);
#5523=AXIS2_PLACEMENT_3D('',#8061,#6750,#6751);
#5524=AXIS2_PLACEMENT_3D('',#8062,#6752,#6753);
#5525=AXIS2_PLACEMENT_3D('',#8063,#6754,#6755);
#5526=AXIS2_PLACEMENT_3D('',#8064,#6756,#6757);
#5527=DIRECTION('',(0.,0.,1.));
#5528=DIRECTION('',(1.,0.,0.));
#5529=DIRECTION('',(0.,1.,0.));
#5530=DIRECTION('',(0.,0.,1.));
#5531=DIRECTION('',(0.,-1.,0.));
#5532=DIRECTION('',(0.,0.,-1.));
#5533=DIRECTION('',(0.,-1.,0.));
#5534=DIRECTION('',(0.,0.,-1.));
#5535=DIRECTION('',(0.,-1.,0.));
#5536=DIRECTION('',(0.,0.,-1.));
#5537=DIRECTION('',(0.,0.,-1.));
#5538=DIRECTION('',(1.,0.,0.));
#5539=DIRECTION('',(0.,0.,-1.));
#5540=DIRECTION('',(-1.,0.,1.08420217248551E-16));
#5541=DIRECTION('',(0.,1.,0.));
#5542=DIRECTION('',(1.,0.,0.));
#5543=DIRECTION('',(1.,0.,1.90628953404045E-16));
#5544=DIRECTION('',(0.,0.,-1.));
#5545=DIRECTION('',(1.,0.,0.));
#5546=DIRECTION('',(0.,0.,-1.));
#5547=DIRECTION('',(1.,0.,0.));
#5548=DIRECTION('',(0.,1.,0.));
#5549=DIRECTION('',(1.,0.,0.));
#5550=DIRECTION('',(-1.,0.,0.));
#5551=DIRECTION('',(0.,0.,1.));
#5552=DIRECTION('',(1.,0.,-2.16840434497101E-16));
#5553=DIRECTION('',(0.,1.,0.));
#5554=DIRECTION('',(1.,0.,0.));
#5555=DIRECTION('',(-1.,0.,0.));
#5556=DIRECTION('',(0.,0.,1.));
#5557=DIRECTION('',(-1.,0.,0.));
#5558=DIRECTION('',(0.,0.,1.));
#5559=DIRECTION('',(-1.,0.,-1.90628953404045E-16));
#5560=DIRECTION('',(0.,1.,0.));
#5561=DIRECTION('',(1.,0.,0.));
#5562=DIRECTION('',(1.,0.,1.0842021724855E-16));
#5563=DIRECTION('',(0.,0.,-1.));
#5564=DIRECTION('',(1.,0.,0.));
#5565=DIRECTION('',(1.,0.,0.));
#5566=DIRECTION('',(0.,0.,-1.));
#5567=DIRECTION('',(0.,1.,0.));
#5568=DIRECTION('',(0.,0.,-1.));
#5569=DIRECTION('',(0.,1.,0.));
#5570=DIRECTION('',(0.,1.,0.));
#5571=DIRECTION('',(0.,0.,1.));
#5572=DIRECTION('',(0.,-1.,0.));
#5573=DIRECTION('',(0.,0.,1.));
#5574=DIRECTION('',(0.,1.,0.));
#5575=DIRECTION('',(0.,0.,-1.));
#5576=DIRECTION('',(0.,-0.984807753012208,0.173648177666931));
#5577=DIRECTION('',(0.,-1.,0.));
#5578=DIRECTION('',(0.,0.,1.));
#5579=DIRECTION('',(0.,1.,0.));
#5580=DIRECTION('',(0.,0.984807753012208,0.173648177666932));
#5581=DIRECTION('',(0.,0.,-1.));
#5582=DIRECTION('',(0.,-0.984807753012208,0.17364817766693));
#5583=DIRECTION('',(0.,-1.,0.));
#5584=DIRECTION('',(0.,0.,1.));
#5585=DIRECTION('',(0.,1.,0.));
#5586=DIRECTION('',(0.,0.984807753012208,0.17364817766693));
#5587=DIRECTION('',(0.,0.,-1.));
#5588=DIRECTION('',(0.,1.,0.));
#5589=DIRECTION('',(0.,0.,-1.));
#5590=DIRECTION('',(0.,-1.,0.));
#5591=DIRECTION('',(0.,0.,1.));
#5592=DIRECTION('',(0.,-1.,0.));
#5593=DIRECTION('',(1.,0.,0.));
#5594=DIRECTION('',(0.,0.,-1.));
#5595=DIRECTION('',(0.,1.,0.));
#5596=DIRECTION('',(0.,0.,-1.));
#5597=DIRECTION('',(0.,1.,0.));
#5598=DIRECTION('',(-1.,0.,0.));
#5599=DIRECTION('',(0.,0.,1.));
#5600=DIRECTION('',(0.,1.,0.));
#5601=DIRECTION('',(0.,1.,0.));
#5602=DIRECTION('',(0.,0.,1.));
#5603=DIRECTION('',(-1.,0.,0.));
#5604=DIRECTION('',(0.,0.,1.));
#5605=DIRECTION('',(0.,1.,0.));
#5606=DIRECTION('',(0.,0.,-1.));
#5607=DIRECTION('',(0.,1.,0.));
#5608=DIRECTION('',(0.,0.,-1.));
#5609=DIRECTION('',(0.,1.,0.));
#5610=DIRECTION('',(0.,0.,1.));
#5611=DIRECTION('',(0.,0.984807753012208,0.17364817766693));
#5612=DIRECTION('',(0.,1.,0.));
#5613=DIRECTION('',(0.,0.,1.));
#5614=DIRECTION('',(0.,-1.,0.));
#5615=DIRECTION('',(0.,-0.984807753012208,0.17364817766693));
#5616=DIRECTION('',(0.,0.,1.));
#5617=DIRECTION('',(0.,0.984807753012208,0.173648177666932));
#5618=DIRECTION('',(0.,1.,0.));
#5619=DIRECTION('',(0.,0.,1.));
#5620=DIRECTION('',(0.,-1.,0.));
#5621=DIRECTION('',(0.,-0.984807753012208,0.173648177666931));
#5622=DIRECTION('',(0.,0.,1.));
#5623=DIRECTION('',(0.,1.,0.));
#5624=DIRECTION('',(0.,0.,1.));
#5625=DIRECTION('',(0.,1.,0.));
#5626=DIRECTION('',(0.,0.,-1.));
#5627=DIRECTION('',(0.,-1.,0.));
#5628=DIRECTION('',(-1.,0.,0.));
#5629=DIRECTION('',(0.,0.,1.));
#5630=DIRECTION('',(0.,0.,-1.));
#5631=DIRECTION('',(0.,-1.,0.));
#5632=DIRECTION('',(0.,-1.,0.));
#5633=DIRECTION('',(1.,0.,0.));
#5634=DIRECTION('',(0.,0.,-1.));
#5635=DIRECTION('',(0.,-1.,0.));
#5636=DIRECTION('',(0.,0.,1.));
#5637=DIRECTION('',(0.,-1.,0.));
#5638=DIRECTION('',(0.,0.,-1.));
#5639=DIRECTION('',(-1.,0.,0.));
#5640=DIRECTION('',(0.,0.,-1.));
#5641=DIRECTION('',(-1.,0.,0.));
#5642=DIRECTION('',(0.,0.,-1.));
#5643=DIRECTION('',(-1.,0.,0.));
#5644=DIRECTION('',(-1.,0.,0.));
#5645=DIRECTION('',(0.,1.,0.));
#5646=DIRECTION('',(-1.,0.,0.));
#5647=DIRECTION('',(-0.5,-0.866025403784439,0.));
#5648=DIRECTION('',(-1.,0.,0.));
#5649=DIRECTION('',(-0.5,0.866025403784439,0.));
#5650=DIRECTION('',(-1.,-7.477256361969E-17,0.));
#5651=DIRECTION('',(0.,1.,0.));
#5652=DIRECTION('',(-1.,0.,0.));
#5653=DIRECTION('',(0.,0.,1.));
#5654=DIRECTION('',(1.,0.,0.));
#5655=DIRECTION('',(0.,0.,1.));
#5656=DIRECTION('',(1.,0.,0.));
#5657=DIRECTION('',(1.,0.,0.));
#5658=DIRECTION('',(0.,1.,0.));
#5659=DIRECTION('',(-1.,-7.477256361969E-17,0.));
#5660=DIRECTION('',(-0.5,0.866025403784439,0.));
#5661=DIRECTION('',(-1.,0.,0.));
#5662=DIRECTION('',(-0.5,-0.866025403784439,0.));
#5663=DIRECTION('',(-1.,0.,0.));
#5664=DIRECTION('',(0.,1.,0.));
#5665=DIRECTION('',(1.,0.,0.));
#5666=DIRECTION('',(0.,0.,1.));
#5667=DIRECTION('',(1.,0.,0.));
#5668=DIRECTION('',(-1.,0.,0.));
#5669=DIRECTION('',(0.,0.,1.));
#5670=DIRECTION('',(0.,0.,1.));
#5671=DIRECTION('',(0.,1.,0.));
#5672=DIRECTION('',(0.,0.,1.));
#5673=DIRECTION('',(0.,0.,1.));
#5674=DIRECTION('',(1.,0.,0.));
#5675=DIRECTION('',(0.5,-0.866025403784439,0.));
#5676=DIRECTION('',(1.,7.477256361969E-17,0.));
#5677=DIRECTION('',(0.,1.,0.));
#5678=DIRECTION('',(1.,0.,0.));
#5679=DIRECTION('',(1.,0.,0.));
#5680=DIRECTION('',(0.5,0.866025403784439,0.));
#5681=DIRECTION('',(1.,0.,0.));
#5682=DIRECTION('',(1.,0.,6.19544098563145E-16));
#5683=DIRECTION('',(6.19544098563145E-16,0.,-1.));
#5684=DIRECTION('',(6.19544098563145E-16,4.63249005250163E-32,-1.));
#5685=DIRECTION('',(6.19544098563145E-16,0.,-1.));
#5686=DIRECTION('',(0.,1.,0.));
#5687=DIRECTION('',(0.,0.,1.));
#5688=DIRECTION('',(1.,0.,0.));
#5689=DIRECTION('',(-1.,0.,0.));
#5690=DIRECTION('',(0.,0.,-1.));
#5691=DIRECTION('',(1.,0.,0.));
#5692=DIRECTION('',(-1.,0.,0.));
#5693=DIRECTION('',(0.,0.,-1.));
#5694=DIRECTION('',(1.,0.,0.));
#5695=DIRECTION('',(0.,0.,-1.));
#5696=DIRECTION('',(-1.,0.,0.));
#5697=DIRECTION('',(0.,0.,1.));
#5698=DIRECTION('',(-1.,0.,0.));
#5699=DIRECTION('',(0.,0.,-1.));
#5700=DIRECTION('',(1.,0.,0.));
#5701=DIRECTION('',(-1.,0.,0.));
#5702=DIRECTION('',(0.,0.,-1.));
#5703=DIRECTION('',(1.,0.,0.));
#5704=DIRECTION('',(0.,0.,-1.));
#5705=DIRECTION('',(0.,0.,1.));
#5706=DIRECTION('',(0.,1.,0.));
#5707=DIRECTION('',(0.,0.,-1.));
#5708=DIRECTION('',(-1.,0.,0.));
#5709=DIRECTION('',(1.,7.477256361969E-17,0.));
#5710=DIRECTION('',(0.5,-0.866025403784439,0.));
#5711=DIRECTION('',(1.,0.,0.));
#5712=DIRECTION('',(0.5,0.866025403784439,0.));
#5713=DIRECTION('',(1.,0.,0.));
#5714=DIRECTION('',(0.,1.,0.));
#5715=DIRECTION('',(-1.,0.,0.));
#5716=DIRECTION('',(0.,0.,1.));
#5717=DIRECTION('',(0.,0.,-1.));
#5718=DIRECTION('',(1.,0.,0.));
#5719=DIRECTION('',(0.,0.,-1.));
#5720=DIRECTION('',(0.,-0.984807753012208,-0.173648177666932));
#5721=DIRECTION('',(0.,-1.,0.));
#5722=DIRECTION('',(0.,0.,-1.));
#5723=DIRECTION('',(0.,1.,0.));
#5724=DIRECTION('',(0.,0.984807753012208,-0.173648177666931));
#5725=DIRECTION('',(0.,0.173648177666931,0.984807753012208));
#5726=DIRECTION('',(0.,-0.984807753012208,0.173648177666931));
#5727=DIRECTION('',(-1.,0.,0.));
#5728=DIRECTION('',(0.,0.173648177666932,-0.984807753012208));
#5729=DIRECTION('',(0.,0.984807753012208,0.173648177666932));
#5730=DIRECTION('',(-1.,0.,0.));
#5731=DIRECTION('',(0.,0.,1.));
#5732=DIRECTION('',(1.,0.,0.));
#5733=DIRECTION('',(-1.,0.,0.));
#5734=DIRECTION('',(0.,1.,0.));
#5735=DIRECTION('',(0.,0.,1.));
#5736=DIRECTION('',(-1.,0.,0.));
#5737=DIRECTION('',(0.,0.,-1.));
#5738=DIRECTION('',(-1.,0.,0.));
#5739=DIRECTION('',(1.,0.,0.));
#5740=DIRECTION('',(0.,0.,-1.));
#5741=DIRECTION('',(0.,-0.984807753012208,-0.17364817766693));
#5742=DIRECTION('',(0.,-1.,0.));
#5743=DIRECTION('',(0.,0.,-1.));
#5744=DIRECTION('',(0.,1.,0.));
#5745=DIRECTION('',(0.,0.984807753012208,-0.17364817766693));
#5746=DIRECTION('',(0.,0.17364817766693,-0.984807753012208));
#5747=DIRECTION('',(0.,0.984807753012208,0.17364817766693));
#5748=DIRECTION('',(-1.,0.,0.));
#5749=DIRECTION('',(0.,0.,-1.));
#5750=DIRECTION('',(-1.,0.,0.));
#5751=DIRECTION('',(-1.,0.,0.));
#5752=DIRECTION('',(0.,1.,0.));
#5753=DIRECTION('',(0.,0.,1.));
#5754=DIRECTION('',(-1.,0.,0.));
#5755=DIRECTION('',(0.,0.,1.));
#5756=DIRECTION('',(1.,0.,0.));
#5757=DIRECTION('',(-1.,0.,0.));
#5758=DIRECTION('',(0.,0.17364817766693,0.984807753012208));
#5759=DIRECTION('',(0.,-0.984807753012208,0.17364817766693));
#5760=DIRECTION('',(0.,-0.173648177666931,-0.984807753012208));
#5761=DIRECTION('',(0.,0.984807753012208,-0.173648177666931));
#5762=DIRECTION('',(1.,0.,0.));
#5763=DIRECTION('',(0.,0.984807753012208,-0.173648177666931));
#5764=DIRECTION('',(0.,0.,-1.));
#5765=DIRECTION('',(-1.,0.,0.));
#5766=DIRECTION('',(1.,0.,0.));
#5767=DIRECTION('',(0.,1.,0.));
#5768=DIRECTION('',(0.,-1.,0.));
#5769=DIRECTION('',(0.,0.,-1.));
#5770=DIRECTION('',(1.,0.,0.));
#5771=DIRECTION('',(0.,0.,-1.));
#5772=DIRECTION('',(0.,0.,1.));
#5773=DIRECTION('',(1.,0.,0.));
#5774=DIRECTION('',(1.,0.,0.));
#5775=DIRECTION('',(0.,-1.,0.));
#5776=DIRECTION('',(0.,-0.173648177666932,0.984807753012208));
#5777=DIRECTION('',(0.,-0.984807753012208,-0.173648177666932));
#5778=DIRECTION('',(0.,-0.984807753012208,-0.173648177666932));
#5779=DIRECTION('',(1.,0.,0.));
#5780=DIRECTION('',(0.,0.,-1.));
#5781=DIRECTION('',(1.,0.,0.));
#5782=DIRECTION('',(0.,0.,-1.));
#5783=DIRECTION('',(0.,0.984807753012208,-0.17364817766693));
#5784=DIRECTION('',(0.,1.,0.));
#5785=DIRECTION('',(0.,0.,-1.));
#5786=DIRECTION('',(0.,-1.,0.));
#5787=DIRECTION('',(0.,-0.984807753012208,-0.17364817766693));
#5788=DIRECTION('',(0.,-0.17364817766693,0.984807753012208));
#5789=DIRECTION('',(0.,-0.984807753012208,-0.17364817766693));
#5790=DIRECTION('',(1.,0.,0.));
#5791=DIRECTION('',(0.,0.,1.));
#5792=DIRECTION('',(1.,0.,0.));
#5793=DIRECTION('',(1.,0.,0.));
#5794=DIRECTION('',(0.,-1.,0.));
#5795=DIRECTION('',(0.,0.,-1.));
#5796=DIRECTION('',(1.,0.,0.));
#5797=DIRECTION('',(0.,0.,-1.));
#5798=DIRECTION('',(-1.,0.,0.));
#5799=DIRECTION('',(1.,0.,0.));
#5800=DIRECTION('',(0.,-0.17364817766693,-0.984807753012208));
#5801=DIRECTION('',(0.,0.984807753012208,-0.17364817766693));
#5802=DIRECTION('',(7.477256361969E-17,-1.,0.));
#5803=DIRECTION('',(1.,7.477256361969E-17,0.));
#5804=DIRECTION('',(0.,0.,-1.));
#5805=DIRECTION('',(-0.866025403784439,-0.5,0.));
#5806=DIRECTION('',(0.5,-0.866025403784439,0.));
#5807=DIRECTION('',(0.,0.,-1.));
#5808=DIRECTION('',(0.,-1.,0.));
#5809=DIRECTION('',(0.,0.,-1.));
#5810=DIRECTION('',(0.,0.,-1.));
#5811=DIRECTION('',(0.866025403784439,-0.5,0.));
#5812=DIRECTION('',(0.5,0.866025403784439,0.));
#5813=DIRECTION('',(0.,0.,-1.));
#5814=DIRECTION('',(0.,-1.,0.));
#5815=DIRECTION('',(0.,0.,-1.));
#5816=DIRECTION('',(-7.477256361969E-17,1.,0.));
#5817=DIRECTION('',(-1.,-7.477256361969E-17,0.));
#5818=DIRECTION('',(0.,0.,1.));
#5819=DIRECTION('',(0.866025403784439,0.5,0.));
#5820=DIRECTION('',(-0.5,0.866025403784439,0.));
#5821=DIRECTION('',(0.,0.,1.));
#5822=DIRECTION('',(0.,1.,0.));
#5823=DIRECTION('',(0.,0.,1.));
#5824=DIRECTION('',(0.,0.,1.));
#5825=DIRECTION('',(-0.866025403784439,0.5,0.));
#5826=DIRECTION('',(-0.5,-0.866025403784439,0.));
#5827=DIRECTION('',(0.,0.,1.));
#5828=DIRECTION('',(0.,1.,0.));
#5829=DIRECTION('',(0.,0.,1.));
#5830=DIRECTION('',(0.,0.,-1.));
#5831=DIRECTION('',(-1.,0.,0.));
#5832=DIRECTION('',(0.,0.,1.));
#5833=DIRECTION('',(1.,0.,0.));
#5834=DIRECTION('',(0.,0.,-1.));
#5835=DIRECTION('',(0.,0.,1.));
#5836=DIRECTION('',(1.,0.,0.));
#5837=DIRECTION('',(-1.,0.,0.));
#5838=DIRECTION('',(0.,0.,1.));
#5839=DIRECTION('',(1.,0.,0.));
#5840=DIRECTION('',(-1.,0.,0.));
#5841=DIRECTION('',(0.,0.,1.));
#5842=DIRECTION('',(1.,0.,0.));
#5843=DIRECTION('',(0.,0.,-1.));
#5844=DIRECTION('',(-1.,0.,0.));
#5845=DIRECTION('',(0.,0.,1.));
#5846=DIRECTION('',(0.,0.,1.));
#5847=DIRECTION('',(1.,0.,0.));
#5848=DIRECTION('',(0.,0.,1.));
#5849=DIRECTION('',(0.,0.,1.));
#5850=DIRECTION('',(1.,0.,0.));
#5851=DIRECTION('',(0.,0.,1.));
#5852=DIRECTION('',(1.,0.,0.));
#5853=DIRECTION('',(-1.,0.,0.));
#5854=DIRECTION('',(0.,0.,1.));
#5855=DIRECTION('',(1.,0.,0.));
#5856=DIRECTION('',(-1.,0.,0.));
#5857=DIRECTION('',(0.,0.,1.));
#5858=DIRECTION('',(1.,0.,0.));
#5859=DIRECTION('',(0.,0.,1.));
#5860=DIRECTION('',(1.,0.,0.));
#5861=DIRECTION('',(0.,0.,1.));
#5862=DIRECTION('',(0.,1.,0.));
#5863=DIRECTION('',(0.,0.,1.));
#5864=DIRECTION('',(-1.,0.,0.));
#5865=DIRECTION('',(0.,1.,0.));
#5866=DIRECTION('',(1.,0.,0.));
#5867=DIRECTION('',(1.,0.,-2.16840434497101E-16));
#5868=DIRECTION('',(0.,0.,1.));
#5869=DIRECTION('',(1.,0.,0.));
#5870=DIRECTION('',(0.,-1.,0.));
#5871=DIRECTION('',(-2.16840434497101E-16,0.,-1.));
#5872=DIRECTION('',(-1.,0.,2.16840434497101E-16));
#5873=DIRECTION('',(0.,-1.,0.));
#5874=DIRECTION('',(0.,-1.,0.));
#5875=DIRECTION('',(0.,0.,-1.));
#5876=DIRECTION('',(0.,1.,0.));
#5877=DIRECTION('',(0.,0.,1.));
#5878=DIRECTION('',(-1.,0.,0.));
#5879=DIRECTION('',(0.,1.,0.));
#5880=DIRECTION('',(1.,0.,0.));
#5881=DIRECTION('',(1.,0.,0.));
#5882=DIRECTION('',(0.,0.,-1.));
#5883=DIRECTION('',(-1.,0.,0.));
#5884=DIRECTION('',(0.,-1.,0.));
#5885=DIRECTION('',(0.,-1.,0.));
#5886=DIRECTION('',(0.,0.,-1.));
#5887=DIRECTION('',(0.,-1.,0.));
#5888=DIRECTION('',(0.,0.,1.));
#5889=DIRECTION('',(1.,0.,0.));
#5890=DIRECTION('',(0.,1.,0.));
#5891=DIRECTION('',(0.,0.,1.));
#5892=DIRECTION('',(1.,0.,1.0842021724855E-16));
#5893=DIRECTION('',(0.,1.,0.));
#5894=DIRECTION('',(1.,0.,0.));
#5895=DIRECTION('',(-1.,0.,-1.90628953404045E-16));
#5896=DIRECTION('',(-1.90628953404045E-16,0.,1.));
#5897=DIRECTION('',(1.,0.,1.90628953404045E-16));
#5898=DIRECTION('',(0.,-1.,0.));
#5899=DIRECTION('',(1.0842021724855E-16,0.,-1.));
#5900=DIRECTION('',(-1.,0.,-1.0842021724855E-16));
#5901=DIRECTION('',(0.,-1.,0.));
#5902=DIRECTION('',(0.,-1.,0.));
#5903=DIRECTION('',(0.,0.,-1.));
#5904=DIRECTION('',(0.,1.,0.));
#5905=DIRECTION('',(0.,0.,1.));
#5906=DIRECTION('',(1.,0.,1.90628953404045E-16));
#5907=DIRECTION('',(0.,1.,0.));
#5908=DIRECTION('',(1.,0.,0.));
#5909=DIRECTION('',(-1.,0.,1.08420217248551E-16));
#5910=DIRECTION('',(1.08420217248551E-16,0.,1.));
#5911=DIRECTION('',(1.,0.,-1.08420217248551E-16));
#5912=DIRECTION('',(0.,-1.,0.));
#5913=DIRECTION('',(0.,-1.,0.));
#5914=DIRECTION('',(0.,0.,-1.));
#5915=DIRECTION('',(0.,-1.,0.));
#5916=DIRECTION('',(1.90628953404045E-16,0.,-1.));
#5917=DIRECTION('',(-1.,0.,-1.90628953404045E-16));
#5918=DIRECTION('',(0.,-1.,0.));
#5919=DIRECTION('',(0.,0.,-1.));
#5920=DIRECTION('',(0.,-1.,0.));
#5921=DIRECTION('',(0.,0.,-1.));
#5922=DIRECTION('',(0.,-1.,0.));
#5923=DIRECTION('',(0.,0.,-1.));
#5924=DIRECTION('',(0.,-1.,0.));
#5925=DIRECTION('',(0.,0.,-1.));
#5926=DIRECTION('',(0.,-1.,0.));
#5927=DIRECTION('',(0.,0.,-1.));
#5928=DIRECTION('',(0.,-1.,0.));
#5929=DIRECTION('',(0.,0.,-1.));
#5930=DIRECTION('',(0.,-1.,0.));
#5931=DIRECTION('',(0.,0.,-1.));
#5932=DIRECTION('',(0.,-1.,0.));
#5933=DIRECTION('',(0.,0.,-1.));
#5934=DIRECTION('',(0.,-1.,0.));
#5935=DIRECTION('',(0.,0.,-1.));
#5936=DIRECTION('',(0.,-1.,0.));
#5937=DIRECTION('',(0.,0.,-1.));
#5938=DIRECTION('',(0.,-1.,0.));
#5939=DIRECTION('',(0.,0.,-1.));
#5940=DIRECTION('',(0.,-1.,0.));
#5941=DIRECTION('',(0.,0.,-1.));
#5942=DIRECTION('',(0.,-1.,0.));
#5943=DIRECTION('',(0.,0.,-1.));
#5944=DIRECTION('',(0.998048585650658,-0.0624421386622916,0.));
#5945=DIRECTION('',(0.0624421386622916,0.998048585650658,0.));
#5946=DIRECTION('',(-0.0624421386622916,-0.998048585650658,0.));
#5947=DIRECTION('',(-0.0624421386622916,-0.998048585650658,0.));
#5948=DIRECTION('',(0.,0.,1.));
#5949=DIRECTION('',(1.,0.,0.));
#5950=DIRECTION('',(0.,0.,1.));
#5951=DIRECTION('',(1.,0.,0.));
#5952=DIRECTION('',(0.,0.,1.));
#5953=DIRECTION('',(1.,0.,0.));
#5954=DIRECTION('',(1.,0.,0.));
#5955=DIRECTION('',(0.,0.,-1.));
#5956=DIRECTION('',(0.,0.,1.));
#5957=DIRECTION('',(0.,-1.,0.));
#5958=DIRECTION('',(0.,0.,1.));
#5959=DIRECTION('',(0.,-1.,0.));
#5960=DIRECTION('',(0.,-1.,0.));
#5961=DIRECTION('',(0.,0.,-1.));
#5962=DIRECTION('',(0.,1.,0.));
#5963=DIRECTION('',(1.,0.,0.));
#5964=DIRECTION('',(0.,-1.,0.));
#5965=DIRECTION('',(0.,1.,0.));
#5966=DIRECTION('',(1.,0.,0.));
#5967=DIRECTION('',(0.,0.,-1.));
#5968=DIRECTION('',(-1.,0.,0.));
#5969=DIRECTION('',(1.,0.,0.));
#5970=DIRECTION('',(0.,-1.,0.));
#5971=DIRECTION('',(1.,0.,0.));
#5972=DIRECTION('',(0.,-1.,0.));
#5973=DIRECTION('',(0.,0.,-1.));
#5974=DIRECTION('',(0.,1.,0.));
#5975=DIRECTION('',(1.,0.,0.));
#5976=DIRECTION('',(0.,-1.,0.));
#5977=DIRECTION('',(0.,1.,0.));
#5978=DIRECTION('',(1.,0.,0.));
#5979=DIRECTION('',(1.,0.,0.));
#5980=DIRECTION('',(0.,0.,-1.));
#5981=DIRECTION('',(0.,0.,1.));
#5982=DIRECTION('',(0.,-1.,0.));
#5983=DIRECTION('',(0.,0.,1.));
#5984=DIRECTION('',(0.,-1.,0.));
#5985=DIRECTION('',(0.,0.,-1.));
#5986=DIRECTION('',(0.,1.,0.));
#5987=DIRECTION('',(1.,0.,0.));
#5988=DIRECTION('',(0.,-1.,0.));
#5989=DIRECTION('',(0.,1.,0.));
#5990=DIRECTION('',(1.,0.,0.));
#5991=DIRECTION('',(0.,0.,-1.));
#5992=DIRECTION('',(-1.,0.,0.));
#5993=DIRECTION('',(1.,0.,0.));
#5994=DIRECTION('',(0.,-1.,0.));
#5995=DIRECTION('',(1.,0.,0.));
#5996=DIRECTION('',(1.,0.,0.));
#5997=DIRECTION('',(0.,0.,-1.));
#5998=DIRECTION('',(0.,0.,1.));
#5999=DIRECTION('',(0.,-1.,0.));
#6000=DIRECTION('',(0.,0.,1.));
#6001=DIRECTION('',(0.,-1.,0.));
#6002=DIRECTION('',(0.,0.,-1.));
#6003=DIRECTION('',(0.,1.,0.));
#6004=DIRECTION('',(1.,0.,0.));
#6005=DIRECTION('',(0.,-1.,0.));
#6006=DIRECTION('',(0.,1.,0.));
#6007=DIRECTION('',(1.,0.,0.));
#6008=DIRECTION('',(0.,0.,-1.));
#6009=DIRECTION('',(-1.,0.,0.));
#6010=DIRECTION('',(1.,0.,0.));
#6011=DIRECTION('',(0.,-1.,0.));
#6012=DIRECTION('',(1.,0.,0.));
#6013=DIRECTION('',(0.,-1.,0.));
#6014=DIRECTION('',(0.,0.,-1.));
#6015=DIRECTION('',(0.,1.,0.));
#6016=DIRECTION('',(1.,0.,0.));
#6017=DIRECTION('',(0.,-1.,0.));
#6018=DIRECTION('',(0.,1.,0.));
#6019=DIRECTION('',(1.,0.,0.));
#6020=DIRECTION('',(-1.,0.,0.));
#6021=DIRECTION('',(0.,0.,1.));
#6022=DIRECTION('',(0.,0.,-1.));
#6023=DIRECTION('',(0.,-1.,0.));
#6024=DIRECTION('',(0.,0.,-1.));
#6025=DIRECTION('',(0.,0.,-1.));
#6026=DIRECTION('',(-1.,0.,0.));
#6027=DIRECTION('',(1.,0.,0.));
#6028=DIRECTION('',(0.,-1.,0.));
#6029=DIRECTION('',(1.,0.,0.));
#6030=DIRECTION('',(0.,-1.,0.));
#6031=DIRECTION('',(0.,0.,-1.));
#6032=DIRECTION('',(0.,1.,0.));
#6033=DIRECTION('',(1.,0.,0.));
#6034=DIRECTION('',(0.,-1.,0.));
#6035=DIRECTION('',(0.,1.,0.));
#6036=DIRECTION('',(1.,0.,0.));
#6037=DIRECTION('',(-1.,0.,0.));
#6038=DIRECTION('',(0.,0.,1.));
#6039=DIRECTION('',(0.,0.,-1.));
#6040=DIRECTION('',(0.,-1.,0.));
#6041=DIRECTION('',(0.,0.,-1.));
#6042=DIRECTION('',(0.,-1.,0.));
#6043=DIRECTION('',(0.,0.,-1.));
#6044=DIRECTION('',(0.,1.,0.));
#6045=DIRECTION('',(1.,0.,0.));
#6046=DIRECTION('',(0.,-1.,0.));
#6047=DIRECTION('',(0.,1.,0.));
#6048=DIRECTION('',(1.,0.,0.));
#6049=DIRECTION('',(0.,0.,-1.));
#6050=DIRECTION('',(-1.,0.,0.));
#6051=DIRECTION('',(1.,0.,0.));
#6052=DIRECTION('',(0.,-1.,0.));
#6053=DIRECTION('',(1.,0.,0.));
#6054=DIRECTION('',(0.,-1.,0.));
#6055=DIRECTION('',(0.,0.,-1.));
#6056=DIRECTION('',(0.,1.,0.));
#6057=DIRECTION('',(1.,0.,0.));
#6058=DIRECTION('',(0.,-1.,0.));
#6059=DIRECTION('',(0.,1.,0.));
#6060=DIRECTION('',(1.,0.,0.));
#6061=DIRECTION('',(-1.,0.,0.));
#6062=DIRECTION('',(0.,0.,1.));
#6063=DIRECTION('',(0.,0.,-1.));
#6064=DIRECTION('',(0.,-1.,0.));
#6065=DIRECTION('',(0.,0.,-1.));
#6066=DIRECTION('',(0.,-1.,0.));
#6067=DIRECTION('',(0.,0.,-1.));
#6068=DIRECTION('',(0.,1.,0.));
#6069=DIRECTION('',(1.,0.,0.));
#6070=DIRECTION('',(0.,-1.,0.));
#6071=DIRECTION('',(0.,1.,0.));
#6072=DIRECTION('',(1.,0.,0.));
#6073=DIRECTION('',(0.,0.,1.));
#6074=DIRECTION('',(1.,0.,0.));
#6075=DIRECTION('',(-1.,0.,0.));
#6076=DIRECTION('',(0.,-1.,0.));
#6077=DIRECTION('',(-1.,0.,0.));
#6078=DIRECTION('',(0.,-1.,0.));
#6079=DIRECTION('',(0.,0.,-1.));
#6080=DIRECTION('',(0.,1.,0.));
#6081=DIRECTION('',(1.,0.,0.));
#6082=DIRECTION('',(0.,-1.,0.));
#6083=DIRECTION('',(0.,1.,0.));
#6084=DIRECTION('',(1.,0.,0.));
#6085=DIRECTION('',(-1.,0.,0.));
#6086=DIRECTION('',(0.,0.,1.));
#6087=DIRECTION('',(0.,0.,-1.));
#6088=DIRECTION('',(0.,-1.,0.));
#6089=DIRECTION('',(0.,0.,-1.));
#6090=DIRECTION('',(0.,-1.,0.));
#6091=DIRECTION('',(0.,0.,-1.));
#6092=DIRECTION('',(0.,1.,0.));
#6093=DIRECTION('',(1.,0.,0.));
#6094=DIRECTION('',(0.,-1.,0.));
#6095=DIRECTION('',(0.,1.,0.));
#6096=DIRECTION('',(1.,0.,0.));
#6097=DIRECTION('',(0.,0.,1.));
#6098=DIRECTION('',(1.,0.,0.));
#6099=DIRECTION('',(-1.,0.,0.));
#6100=DIRECTION('',(0.,-1.,0.));
#6101=DIRECTION('',(-1.,0.,0.));
#6102=DIRECTION('',(-1.,0.,0.));
#6103=DIRECTION('',(0.,0.,1.));
#6104=DIRECTION('',(0.,0.,-1.));
#6105=DIRECTION('',(0.,-1.,0.));
#6106=DIRECTION('',(0.,0.,-1.));
#6107=DIRECTION('',(0.,-1.,0.));
#6108=DIRECTION('',(0.,0.,-1.));
#6109=DIRECTION('',(0.,1.,0.));
#6110=DIRECTION('',(1.,0.,0.));
#6111=DIRECTION('',(0.,-1.,0.));
#6112=DIRECTION('',(0.,1.,0.));
#6113=DIRECTION('',(1.,0.,0.));
#6114=DIRECTION('',(0.,0.,1.));
#6115=DIRECTION('',(1.,0.,0.));
#6116=DIRECTION('',(-1.,0.,0.));
#6117=DIRECTION('',(0.,-1.,0.));
#6118=DIRECTION('',(-1.,0.,0.));
#6119=DIRECTION('',(0.,-1.,0.));
#6120=DIRECTION('',(0.,0.,-1.));
#6121=DIRECTION('',(0.,1.,0.));
#6122=DIRECTION('',(1.,0.,0.));
#6123=DIRECTION('',(0.,-1.,0.));
#6124=DIRECTION('',(0.,1.,0.));
#6125=DIRECTION('',(1.,0.,0.));
#6126=DIRECTION('',(1.,0.,0.));
#6127=DIRECTION('',(0.,0.,-1.));
#6128=DIRECTION('',(0.,0.,1.));
#6129=DIRECTION('',(0.,-1.,0.));
#6130=DIRECTION('',(0.,0.,1.));
#6131=DIRECTION('',(0.,0.,1.));
#6132=DIRECTION('',(1.,0.,0.));
#6133=DIRECTION('',(-1.,0.,0.));
#6134=DIRECTION('',(0.,-1.,0.));
#6135=DIRECTION('',(-1.,0.,0.));
#6136=DIRECTION('',(0.,-1.,0.));
#6137=DIRECTION('',(0.,0.,-1.));
#6138=DIRECTION('',(0.,1.,0.));
#6139=DIRECTION('',(1.,0.,0.));
#6140=DIRECTION('',(0.,-1.,0.));
#6141=DIRECTION('',(0.,1.,0.));
#6142=DIRECTION('',(1.,0.,0.));
#6143=DIRECTION('',(1.,0.,0.));
#6144=DIRECTION('',(0.,0.,-1.));
#6145=DIRECTION('',(0.,0.,1.));
#6146=DIRECTION('',(0.,-1.,0.));
#6147=DIRECTION('',(0.,0.,1.));
#6148=DIRECTION('',(0.,-1.,0.));
#6149=DIRECTION('',(0.,0.,-1.));
#6150=DIRECTION('',(0.,1.,0.));
#6151=DIRECTION('',(1.,0.,0.));
#6152=DIRECTION('',(0.,-1.,0.));
#6153=DIRECTION('',(0.,1.,0.));
#6154=DIRECTION('',(1.,0.,0.));
#6155=DIRECTION('',(0.,0.,1.));
#6156=DIRECTION('',(1.,0.,0.));
#6157=DIRECTION('',(-1.,0.,0.));
#6158=DIRECTION('',(0.,-1.,0.));
#6159=DIRECTION('',(-1.,0.,0.));
#6160=DIRECTION('',(0.,-1.,0.));
#6161=DIRECTION('',(0.,0.,-1.));
#6162=DIRECTION('',(0.,1.,0.));
#6163=DIRECTION('',(1.,0.,0.));
#6164=DIRECTION('',(0.,1.,0.));
#6165=DIRECTION('',(1.,0.,0.));
#6166=DIRECTION('',(0.,1.,0.));
#6167=DIRECTION('',(0.,0.,1.));
#6168=DIRECTION('',(0.,-1.,0.));
#6169=DIRECTION('',(0.,0.,-1.));
#6170=DIRECTION('',(0.,1.,0.));
#6171=DIRECTION('',(0.,0.,1.));
#6172=DIRECTION('',(0.,-1.,0.));
#6173=DIRECTION('',(0.,0.,-1.));
#6174=DIRECTION('',(0.,-1.,0.));
#6175=DIRECTION('',(0.,0.,-1.));
#6176=DIRECTION('',(0.,-1.,0.));
#6177=DIRECTION('',(0.,0.,-1.));
#6178=DIRECTION('',(0.,-1.,0.));
#6179=DIRECTION('',(0.,0.,-1.));
#6180=DIRECTION('',(0.,-1.,0.));
#6181=DIRECTION('',(0.,0.,-1.));
#6182=DIRECTION('',(0.,-1.,0.));
#6183=DIRECTION('',(0.,0.,-1.));
#6184=DIRECTION('',(0.,-1.,0.));
#6185=DIRECTION('',(0.,0.,-1.));
#6186=DIRECTION('',(0.,-1.,0.));
#6187=DIRECTION('',(0.,0.,-1.));
#6188=DIRECTION('',(0.,-1.,0.));
#6189=DIRECTION('',(0.,0.,-1.));
#6190=DIRECTION('',(0.,0.,1.));
#6191=DIRECTION('',(1.,0.,0.));
#6192=DIRECTION('',(0.,1.,0.));
#6193=DIRECTION('',(0.,0.,1.));
#6194=DIRECTION('',(0.,-1.,0.));
#6195=DIRECTION('',(0.,0.,-1.));
#6196=DIRECTION('',(-1.,0.,-1.0842021724855E-15));
#6197=DIRECTION('',(1.,0.,0.));
#6198=DIRECTION('',(-1.,0.,-9.63735264431558E-16));
#6199=DIRECTION('',(-0.707106781186548,0.,0.707106781186547));
#6200=DIRECTION('',(-1.,0.,0.));
#6201=DIRECTION('',(-0.707106781186548,0.,-0.707106781186547));
#6202=DIRECTION('',(-1.,0.,9.63735264431558E-16));
#6203=DIRECTION('',(1.,0.,0.));
#6204=DIRECTION('',(-1.,0.,1.0842021724855E-15));
#6205=DIRECTION('',(0.,0.,-1.));
#6206=DIRECTION('',(1.,0.,0.));
#6207=DIRECTION('',(0.,0.,-1.));
#6208=DIRECTION('',(-1.,0.,0.));
#6209=DIRECTION('',(0.,0.,-1.));
#6210=DIRECTION('',(1.,0.,0.));
#6211=DIRECTION('',(0.,0.,-1.));
#6212=DIRECTION('',(1.,0.,0.));
#6213=DIRECTION('',(1.,0.,0.));
#6214=DIRECTION('',(1.,0.,0.));
#6215=DIRECTION('',(0.707106781186547,0.,-0.707106781186547));
#6216=DIRECTION('',(1.,0.,0.));
#6217=DIRECTION('',(0.707106781186547,0.,0.707106781186547));
#6218=DIRECTION('',(1.,0.,0.));
#6219=DIRECTION('',(1.,0.,0.));
#6220=DIRECTION('',(1.,0.,0.));
#6221=DIRECTION('',(0.,0.,1.));
#6222=DIRECTION('',(1.,0.,0.));
#6223=DIRECTION('',(0.,0.,1.));
#6224=DIRECTION('',(-1.,0.,0.));
#6225=DIRECTION('',(0.,0.,1.));
#6226=DIRECTION('',(1.,0.,-4.33680868994201E-15));
#6227=DIRECTION('',(0.,0.,1.));
#6228=DIRECTION('',(1.,0.,0.));
#6229=DIRECTION('',(0.,0.,-1.));
#6230=DIRECTION('',(0.,-1.,0.));
#6231=DIRECTION('',(0.,0.,1.));
#6232=DIRECTION('',(0.,-1.,0.));
#6233=DIRECTION('',(-4.33680868994201E-15,0.,-1.));
#6234=DIRECTION('',(-1.,0.,4.33680868994201E-15));
#6235=DIRECTION('',(0.,-1.,0.));
#6236=DIRECTION('',(1.,0.,-4.33680868994201E-15));
#6237=DIRECTION('',(1.,0.,0.));
#6238=DIRECTION('',(0.,0.,-1.));
#6239=DIRECTION('',(0.,-1.,0.));
#6240=DIRECTION('',(0.,0.,1.));
#6241=DIRECTION('',(0.,0.,1.));
#6242=DIRECTION('',(1.,0.,0.));
#6243=DIRECTION('',(0.,-1.,0.));
#6244=DIRECTION('',(-1.,0.,0.));
#6245=DIRECTION('',(1.,0.,0.));
#6246=DIRECTION('',(0.,0.,-1.));
#6247=DIRECTION('',(0.,-1.,0.));
#6248=DIRECTION('',(0.,0.,1.));
#6249=DIRECTION('',(0.,0.,-1.));
#6250=DIRECTION('',(-1.,0.,0.));
#6251=DIRECTION('',(0.,-1.,0.));
#6252=DIRECTION('',(1.,0.,0.));
#6253=DIRECTION('',(1.,0.,0.));
#6254=DIRECTION('',(0.,0.,-1.));
#6255=DIRECTION('',(0.,-1.,0.));
#6256=DIRECTION('',(0.,0.,1.));
#6257=DIRECTION('',(0.,0.,-1.));
#6258=DIRECTION('',(-1.,0.,0.));
#6259=DIRECTION('',(0.,-1.,0.));
#6260=DIRECTION('',(1.,0.,0.));
#6261=DIRECTION('',(1.,0.,0.));
#6262=DIRECTION('',(0.,0.,-1.));
#6263=DIRECTION('',(0.,-1.,0.));
#6264=DIRECTION('',(0.,0.,-1.));
#6265=DIRECTION('',(0.,-1.,0.));
#6266=DIRECTION('',(0.,0.,1.));
#6267=DIRECTION('',(-1.,0.,0.));
#6268=DIRECTION('',(0.,0.,1.));
#6269=DIRECTION('',(0.,-1.,0.));
#6270=DIRECTION('',(0.,0.,-1.));
#6271=DIRECTION('',(0.,1.,0.));
#6272=DIRECTION('',(0.,-1.,0.));
#6273=DIRECTION('',(0.,0.,-1.));
#6274=DIRECTION('',(0.,0.,-1.));
#6275=DIRECTION('',(-1.,0.,0.));
#6276=DIRECTION('',(0.,-1.,0.));
#6277=DIRECTION('',(1.,0.,0.));
#6278=DIRECTION('',(0.707106781186548,0.,-0.707106781186548));
#6279=DIRECTION('',(-0.707106781186548,0.,-0.707106781186548));
#6280=DIRECTION('',(0.,-1.,0.));
#6281=DIRECTION('',(0.707106781186547,0.,0.707106781186547));
#6282=DIRECTION('',(0.,0.,-1.));
#6283=DIRECTION('',(-1.,0.,0.));
#6284=DIRECTION('',(0.,-1.,0.));
#6285=DIRECTION('',(1.,0.,0.));
#6286=DIRECTION('',(-0.707106781186548,0.,-0.707106781186548));
#6287=DIRECTION('',(-0.707106781186548,0.,0.707106781186548));
#6288=DIRECTION('',(0.,-1.,0.));
#6289=DIRECTION('',(0.707106781186547,0.,-0.707106781186547));
#6290=DIRECTION('',(0.,0.,-1.));
#6291=DIRECTION('',(-1.,0.,0.));
#6292=DIRECTION('',(0.,-1.,0.));
#6293=DIRECTION('',(1.,0.,0.));
#6294=DIRECTION('',(1.,0.,0.));
#6295=DIRECTION('',(0.,0.,-1.));
#6296=DIRECTION('',(0.,-1.,0.));
#6297=DIRECTION('',(0.,0.,-1.));
#6298=DIRECTION('',(0.,-1.,0.));
#6299=DIRECTION('',(0.,0.,1.));
#6300=DIRECTION('',(0.,0.,-1.));
#6301=DIRECTION('',(-1.,0.,0.));
#6302=DIRECTION('',(-1.,0.,0.));
#6303=DIRECTION('',(0.,-1.,0.));
#6304=DIRECTION('',(0.342327809142315,-0.939580582540861,0.));
#6305=DIRECTION('',(0.,0.,1.));
#6306=DIRECTION('',(1.,0.,0.));
#6307=DIRECTION('',(-0.939666005097824,0.342093260476579,0.));
#6308=DIRECTION('',(0.,0.,1.));
#6309=DIRECTION('',(1.,0.,0.));
#6310=DIRECTION('',(-0.939666005097824,-0.342093260476579,0.));
#6311=DIRECTION('',(0.,0.,1.));
#6312=DIRECTION('',(1.,0.,0.));
#6313=DIRECTION('',(0.34232780914293,0.939580582540636,0.));
#6314=DIRECTION('',(0.,1.,0.));
#6315=DIRECTION('',(-1.,0.,0.));
#6316=DIRECTION('',(1.,0.,0.));
#6317=DIRECTION('',(0.325686511974906,-0.945477813551233,0.));
#6318=DIRECTION('',(0.,0.,1.));
#6319=DIRECTION('',(1.,0.,0.));
#6320=DIRECTION('',(0.939666005097813,0.34209326047661,0.));
#6321=DIRECTION('',(0.,0.,1.));
#6322=DIRECTION('',(1.,0.,0.));
#6323=DIRECTION('',(0.939666005097813,-0.34209326047661,0.));
#6324=DIRECTION('',(0.,0.,1.));
#6325=DIRECTION('',(1.,0.,0.));
#6326=DIRECTION('',(0.325686511974906,0.945477813551233,0.));
#6327=DIRECTION('',(0.,-1.,0.));
#6328=DIRECTION('',(1.,0.,0.));
#6329=DIRECTION('',(-1.,0.,0.));
#6330=DIRECTION('',(0.,0.,1.));
#6331=DIRECTION('',(0.,0.,-1.));
#6332=DIRECTION('',(0.,1.,0.));
#6333=DIRECTION('',(0.,-1.,0.));
#6334=DIRECTION('',(0.,0.,-1.));
#6335=DIRECTION('',(0.,0.,-1.));
#6336=DIRECTION('',(-1.,0.,0.));
#6337=DIRECTION('',(0.,-1.,0.));
#6338=DIRECTION('',(1.,0.,0.));
#6339=DIRECTION('',(-1.,0.,0.));
#6340=DIRECTION('',(0.,0.,1.));
#6341=DIRECTION('',(0.,-1.,0.));
#6342=DIRECTION('',(0.,0.,-1.));
#6343=DIRECTION('',(0.,0.,-1.));
#6344=DIRECTION('',(-1.,0.,0.));
#6345=DIRECTION('',(0.,-1.,0.));
#6346=DIRECTION('',(1.,0.,0.));
#6347=DIRECTION('',(-1.,0.,0.));
#6348=DIRECTION('',(0.,0.,1.));
#6349=DIRECTION('',(0.,-1.,0.));
#6350=DIRECTION('',(0.,0.,-1.));
#6351=DIRECTION('',(0.,0.,1.));
#6352=DIRECTION('',(1.,0.,0.));
#6353=DIRECTION('',(0.,-1.,0.));
#6354=DIRECTION('',(-1.,0.,0.));
#6355=DIRECTION('',(-1.,0.,0.));
#6356=DIRECTION('',(0.,0.,1.));
#6357=DIRECTION('',(0.,-1.,0.));
#6358=DIRECTION('',(0.,0.,-1.));
#6359=DIRECTION('',(0.,0.,-1.));
#6360=DIRECTION('',(-1.,0.,0.));
#6361=DIRECTION('',(0.,-1.,0.));
#6362=DIRECTION('',(1.,0.,0.));
#6363=DIRECTION('',(-1.,0.,0.));
#6364=DIRECTION('',(0.,0.,1.));
#6365=DIRECTION('',(0.,-1.,0.));
#6366=DIRECTION('',(0.,0.,-1.));
#6367=DIRECTION('',(1.0842021724855E-15,0.,1.));
#6368=DIRECTION('',(1.,0.,-1.0842021724855E-15));
#6369=DIRECTION('',(0.,-1.,0.));
#6370=DIRECTION('',(-1.,0.,1.0842021724855E-15));
#6371=DIRECTION('',(-1.,0.,0.));
#6372=DIRECTION('',(0.,0.,1.));
#6373=DIRECTION('',(0.,1.,0.));
#6374=DIRECTION('',(0.,0.,1.));
#6375=DIRECTION('',(0.,-1.,0.));
#6376=DIRECTION('',(0.,0.,-1.));
#6377=DIRECTION('',(1.,0.,0.));
#6378=DIRECTION('',(0.,0.,-1.));
#6379=DIRECTION('',(0.,-1.,0.));
#6380=DIRECTION('',(0.,0.,1.));
#6381=DIRECTION('',(0.,-1.,0.));
#6382=DIRECTION('',(0.,-1.,0.));
#6383=DIRECTION('',(0.,0.,1.));
#6384=DIRECTION('',(9.63735264431558E-16,0.,1.));
#6385=DIRECTION('',(1.,0.,-9.63735264431558E-16));
#6386=DIRECTION('',(0.,-1.,0.));
#6387=DIRECTION('',(-1.,0.,9.63735264431558E-16));
#6388=DIRECTION('',(-0.707106781186547,0.,0.707106781186548));
#6389=DIRECTION('',(0.707106781186548,0.,0.707106781186547));
#6390=DIRECTION('',(0.,-1.,0.));
#6391=DIRECTION('',(-0.707106781186548,0.,-0.707106781186547));
#6392=DIRECTION('',(0.,0.,1.));
#6393=DIRECTION('',(1.,0.,0.));
#6394=DIRECTION('',(0.,-1.,0.));
#6395=DIRECTION('',(-1.,0.,0.));
#6396=DIRECTION('',(0.707106781186547,0.,0.707106781186548));
#6397=DIRECTION('',(0.707106781186548,0.,-0.707106781186547));
#6398=DIRECTION('',(0.,-1.,0.));
#6399=DIRECTION('',(-0.707106781186548,0.,0.707106781186547));
#6400=DIRECTION('',(-9.63735264431558E-16,0.,1.));
#6401=DIRECTION('',(1.,0.,9.63735264431558E-16));
#6402=DIRECTION('',(0.,-1.,0.));
#6403=DIRECTION('',(-1.,0.,-9.63735264431558E-16));
#6404=DIRECTION('',(-1.,0.,0.));
#6405=DIRECTION('',(0.,0.,1.));
#6406=DIRECTION('',(0.,1.,0.));
#6407=DIRECTION('',(0.,0.,1.));
#6408=DIRECTION('',(0.,-1.,0.));
#6409=DIRECTION('',(0.,0.,-1.));
#6410=DIRECTION('',(2.20176441181672E-14,0.,1.));
#6411=DIRECTION('',(1.,0.,-2.20176441181672E-14));
#6412=DIRECTION('',(-1.,0.,0.));
#6413=DIRECTION('',(0.,1.,0.));
#6414=DIRECTION('',(0.34232780914293,0.939580582540636,0.));
#6415=DIRECTION('',(0.,0.,1.));
#6416=DIRECTION('',(1.,0.,0.));
#6417=DIRECTION('',(-0.939666005097824,-0.342093260476579,0.));
#6418=DIRECTION('',(0.,0.,1.));
#6419=DIRECTION('',(1.,0.,0.));
#6420=DIRECTION('',(-0.939666005097824,0.342093260476579,0.));
#6421=DIRECTION('',(0.,0.,1.));
#6422=DIRECTION('',(1.,0.,0.));
#6423=DIRECTION('',(0.342327809142315,-0.939580582540861,0.));
#6424=DIRECTION('',(0.,-1.,0.));
#6425=DIRECTION('',(-1.,0.,0.));
#6426=DIRECTION('',(-1.,0.,-2.20176441181672E-14));
#6427=DIRECTION('',(0.325686511974906,0.945477813551233,0.));
#6428=DIRECTION('',(0.,0.,1.));
#6429=DIRECTION('',(1.,0.,0.));
#6430=DIRECTION('',(0.939666005097813,-0.34209326047661,0.));
#6431=DIRECTION('',(0.,0.,1.));
#6432=DIRECTION('',(1.,0.,0.));
#6433=DIRECTION('',(0.939666005097813,0.34209326047661,0.));
#6434=DIRECTION('',(0.,0.,1.));
#6435=DIRECTION('',(1.,0.,0.));
#6436=DIRECTION('',(0.325686511974906,-0.945477813551233,0.));
#6437=DIRECTION('',(0.,-1.,0.));
#6438=DIRECTION('',(-1.,0.,2.20176441181672E-14));
#6439=DIRECTION('',(1.,0.,0.));
#6440=DIRECTION('',(0.,0.,-1.));
#6441=DIRECTION('',(0.,0.,1.));
#6442=DIRECTION('',(0.,-1.,0.));
#6443=DIRECTION('',(0.,-1.,0.));
#6444=DIRECTION('',(0.,0.,1.));
#6445=DIRECTION('',(-1.0842021724855E-15,0.,1.));
#6446=DIRECTION('',(1.,0.,1.0842021724855E-15));
#6447=DIRECTION('',(-1.,0.,-1.0842021724855E-15));
#6448=DIRECTION('',(0.,1.,0.));
#6449=DIRECTION('',(0.,0.,1.));
#6450=DIRECTION('',(0.,-1.,0.));
#6451=DIRECTION('',(0.,0.,-1.));
#6452=DIRECTION('',(0.,0.,1.));
#6453=DIRECTION('',(1.,0.,0.));
#6454=DIRECTION('',(-1.,0.,0.));
#6455=DIRECTION('',(0.,1.,0.));
#6456=DIRECTION('',(0.34232780914293,0.939580582540636,0.));
#6457=DIRECTION('',(0.,0.,1.));
#6458=DIRECTION('',(1.,0.,0.));
#6459=DIRECTION('',(-0.939666005097824,-0.342093260476579,0.));
#6460=DIRECTION('',(0.,0.,1.));
#6461=DIRECTION('',(1.,0.,0.));
#6462=DIRECTION('',(-0.939666005097824,0.342093260476579,0.));
#6463=DIRECTION('',(0.,0.,1.));
#6464=DIRECTION('',(1.,0.,0.));
#6465=DIRECTION('',(0.342327809142315,-0.939580582540861,0.));
#6466=DIRECTION('',(0.,-1.,0.));
#6467=DIRECTION('',(-1.,0.,0.));
#6468=DIRECTION('',(0.325686511974906,0.945477813551233,0.));
#6469=DIRECTION('',(0.,0.,1.));
#6470=DIRECTION('',(1.,0.,0.));
#6471=DIRECTION('',(0.939666005097813,-0.34209326047661,0.));
#6472=DIRECTION('',(0.,0.,1.));
#6473=DIRECTION('',(1.,0.,0.));
#6474=DIRECTION('',(0.939666005097813,0.34209326047661,0.));
#6475=DIRECTION('',(0.,0.,1.));
#6476=DIRECTION('',(1.,0.,0.));
#6477=DIRECTION('',(0.325686511974906,-0.945477813551233,0.));
#6478=DIRECTION('',(0.945477813551233,0.325686511974906,0.));
#6479=DIRECTION('',(-0.325686511974906,0.945477813551233,0.));
#6480=DIRECTION('',(0.,0.,-1.));
#6481=DIRECTION('',(0.,0.,-1.));
#6482=DIRECTION('',(-1.,0.,0.));
#6483=DIRECTION('',(0.,0.,-1.));
#6484=DIRECTION('',(-0.34209326047661,0.939666005097812,0.));
#6485=DIRECTION('',(-0.939666005097812,-0.34209326047661,0.));
#6486=DIRECTION('',(0.,0.,-1.));
#6487=DIRECTION('',(0.,0.,-1.));
#6488=DIRECTION('',(-1.,0.,0.));
#6489=DIRECTION('',(0.,0.,-1.));
#6490=DIRECTION('',(0.34209326047661,0.939666005097813,0.));
#6491=DIRECTION('',(-0.939666005097813,0.34209326047661,0.));
#6492=DIRECTION('',(0.,0.,-1.));
#6493=DIRECTION('',(0.,0.,-1.));
#6494=DIRECTION('',(-1.,0.,0.));
#6495=DIRECTION('',(0.,0.,-1.));
#6496=DIRECTION('',(-0.945477813551233,0.325686511974906,0.));
#6497=DIRECTION('',(-0.325686511974906,-0.945477813551233,0.));
#6498=DIRECTION('',(0.,-1.,0.));
#6499=DIRECTION('',(0.,0.,-1.));
#6500=DIRECTION('',(0.,0.,-1.));
#6501=DIRECTION('',(1.,0.,0.));
#6502=DIRECTION('',(0.,0.,-1.));
#6503=DIRECTION('',(0.,0.,-1.));
#6504=DIRECTION('',(0.939580582540861,0.342327809142315,0.));
#6505=DIRECTION('',(-0.342327809142315,0.939580582540861,0.));
#6506=DIRECTION('',(0.,0.,-1.));
#6507=DIRECTION('',(0.,0.,-1.));
#6508=DIRECTION('',(-1.,0.,0.));
#6509=DIRECTION('',(0.,0.,-1.));
#6510=DIRECTION('',(-0.342093260476579,-0.939666005097824,0.));
#6511=DIRECTION('',(0.939666005097824,-0.342093260476579,0.));
#6512=DIRECTION('',(0.,0.,-1.));
#6513=DIRECTION('',(0.,0.,-1.));
#6514=DIRECTION('',(-1.,0.,0.));
#6515=DIRECTION('',(0.,0.,-1.));
#6516=DIRECTION('',(0.342093260476579,-0.939666005097824,0.));
#6517=DIRECTION('',(0.939666005097824,0.342093260476579,0.));
#6518=DIRECTION('',(0.,0.,-1.));
#6519=DIRECTION('',(0.,0.,-1.));
#6520=DIRECTION('',(-1.,0.,0.));
#6521=DIRECTION('',(0.,0.,-1.));
#6522=DIRECTION('',(-0.939580582540636,0.34232780914293,0.));
#6523=DIRECTION('',(-0.34232780914293,-0.939580582540637,0.));
#6524=DIRECTION('',(0.,0.,-1.));
#6525=DIRECTION('',(-1.,0.,0.));
#6526=DIRECTION('',(0.,0.,1.));
#6527=DIRECTION('',(0.,0.,-1.));
#6528=DIRECTION('',(0.,-1.,0.));
#6529=DIRECTION('',(0.,0.,-1.));
#6530=DIRECTION('',(0.,0.,1.));
#6531=DIRECTION('',(1.,0.,0.));
#6532=DIRECTION('',(0.325686511974906,-0.945477813551233,0.));
#6533=DIRECTION('',(0.,0.,1.));
#6534=DIRECTION('',(1.,0.,0.));
#6535=DIRECTION('',(0.939666005097813,0.34209326047661,0.));
#6536=DIRECTION('',(0.,0.,1.));
#6537=DIRECTION('',(1.,0.,0.));
#6538=DIRECTION('',(0.939666005097813,-0.34209326047661,0.));
#6539=DIRECTION('',(0.,0.,1.));
#6540=DIRECTION('',(1.,0.,0.));
#6541=DIRECTION('',(0.325686511974906,0.945477813551233,0.));
#6542=DIRECTION('',(-1.,0.,0.));
#6543=DIRECTION('',(0.,-1.,0.));
#6544=DIRECTION('',(0.342327809142315,-0.939580582540861,0.));
#6545=DIRECTION('',(0.,0.,1.));
#6546=DIRECTION('',(1.,0.,0.));
#6547=DIRECTION('',(-0.939666005097824,0.342093260476579,0.));
#6548=DIRECTION('',(0.,0.,1.));
#6549=DIRECTION('',(1.,0.,0.));
#6550=DIRECTION('',(-0.939666005097824,-0.342093260476579,0.));
#6551=DIRECTION('',(0.,0.,1.));
#6552=DIRECTION('',(1.,0.,0.));
#6553=DIRECTION('',(0.34232780914293,0.939580582540636,0.));
#6554=DIRECTION('',(0.,1.,0.));
#6555=DIRECTION('',(-1.,0.,0.));
#6556=DIRECTION('',(-0.945477813551233,-0.325686511974906,0.));
#6557=DIRECTION('',(0.325686511974906,-0.945477813551233,0.));
#6558=DIRECTION('',(0.,0.,1.));
#6559=DIRECTION('',(0.,0.,1.));
#6560=DIRECTION('',(1.,0.,0.));
#6561=DIRECTION('',(0.,0.,1.));
#6562=DIRECTION('',(0.34209326047661,-0.939666005097812,0.));
#6563=DIRECTION('',(0.939666005097812,0.34209326047661,0.));
#6564=DIRECTION('',(0.,0.,1.));
#6565=DIRECTION('',(0.,0.,1.));
#6566=DIRECTION('',(1.,0.,0.));
#6567=DIRECTION('',(0.,0.,1.));
#6568=DIRECTION('',(-0.34209326047661,-0.939666005097813,0.));
#6569=DIRECTION('',(0.939666005097813,-0.34209326047661,0.));
#6570=DIRECTION('',(0.,0.,1.));
#6571=DIRECTION('',(0.,0.,1.));
#6572=DIRECTION('',(1.,0.,0.));
#6573=DIRECTION('',(0.,0.,1.));
#6574=DIRECTION('',(0.945477813551233,-0.325686511974906,0.));
#6575=DIRECTION('',(0.325686511974906,0.945477813551233,0.));
#6576=DIRECTION('',(0.,1.,0.));
#6577=DIRECTION('',(0.,0.,1.));
#6578=DIRECTION('',(0.,0.,1.));
#6579=DIRECTION('',(-1.,0.,0.));
#6580=DIRECTION('',(0.,0.,1.));
#6581=DIRECTION('',(0.,0.,1.));
#6582=DIRECTION('',(-0.939580582540861,-0.342327809142315,0.));
#6583=DIRECTION('',(0.342327809142315,-0.939580582540861,0.));
#6584=DIRECTION('',(0.,0.,1.));
#6585=DIRECTION('',(0.,0.,1.));
#6586=DIRECTION('',(1.,0.,0.));
#6587=DIRECTION('',(0.,0.,1.));
#6588=DIRECTION('',(0.342093260476579,0.939666005097824,0.));
#6589=DIRECTION('',(-0.939666005097824,0.342093260476579,0.));
#6590=DIRECTION('',(0.,0.,1.));
#6591=DIRECTION('',(0.,0.,1.));
#6592=DIRECTION('',(1.,0.,0.));
#6593=DIRECTION('',(0.,0.,1.));
#6594=DIRECTION('',(-0.342093260476579,0.939666005097824,0.));
#6595=DIRECTION('',(-0.939666005097824,-0.342093260476579,0.));
#6596=DIRECTION('',(0.,0.,1.));
#6597=DIRECTION('',(0.,0.,1.));
#6598=DIRECTION('',(1.,0.,0.));
#6599=DIRECTION('',(0.,0.,1.));
#6600=DIRECTION('',(0.939580582540636,-0.34232780914293,0.));
#6601=DIRECTION('',(0.34232780914293,0.939580582540637,0.));
#6602=DIRECTION('',(0.,0.,1.));
#6603=DIRECTION('',(1.,0.,0.));
#6604=DIRECTION('',(0.,0.,-1.));
#6605=DIRECTION('',(0.,0.,1.));
#6606=DIRECTION('',(0.,1.,0.));
#6607=DIRECTION('',(0.,0.,1.));
#6608=DIRECTION('',(0.,-1.,0.));
#6609=DIRECTION('',(0.,0.,-1.));
#6610=DIRECTION('',(0.,-1.,0.));
#6611=DIRECTION('',(0.,0.,-1.));
#6612=DIRECTION('',(0.,-1.,0.));
#6613=DIRECTION('',(0.,0.,-1.));
#6614=DIRECTION('',(0.,-1.,0.));
#6615=DIRECTION('',(0.,0.,-1.));
#6616=DIRECTION('',(0.,-1.,0.));
#6617=DIRECTION('',(0.,0.,-1.));
#6618=DIRECTION('',(0.,-1.,0.));
#6619=DIRECTION('',(0.,0.,-1.));
#6620=DIRECTION('',(0.,-1.,0.));
#6621=DIRECTION('',(0.,0.,-1.));
#6622=DIRECTION('',(0.,-1.,0.));
#6623=DIRECTION('',(0.,0.,-1.));
#6624=DIRECTION('',(0.,-1.,0.));
#6625=DIRECTION('',(0.,0.,-1.));
#6626=DIRECTION('',(0.,-1.,0.));
#6627=DIRECTION('',(0.,0.,-1.));
#6628=DIRECTION('',(0.,-1.,0.));
#6629=DIRECTION('',(0.,0.,-1.));
#6630=DIRECTION('',(0.,-1.,0.));
#6631=DIRECTION('',(0.,0.,-1.));
#6632=DIRECTION('',(0.,-1.,0.));
#6633=DIRECTION('',(0.,0.,-1.));
#6634=DIRECTION('',(0.,-1.,0.));
#6635=DIRECTION('',(0.,0.,-1.));
#6636=DIRECTION('',(0.,-1.,0.));
#6637=DIRECTION('',(0.,0.,-1.));
#6638=DIRECTION('',(0.,0.,-1.));
#6639=DIRECTION('',(-1.,0.,0.));
#6640=DIRECTION('',(0.,0.,1.));
#6641=DIRECTION('',(1.,0.,0.));
#6642=DIRECTION('',(-0.258819045102521,0.965925826289068,0.));
#6643=DIRECTION('',(-0.965925826289068,-0.258819045102521,0.));
#6644=DIRECTION('',(-0.258819045102521,0.965925826289068,0.));
#6645=DIRECTION('',(0.,0.,-1.));
#6646=DIRECTION('',(-1.,0.,0.));
#6647=DIRECTION('',(-1.,0.,0.));
#6648=DIRECTION('',(0.,-1.,0.));
#6649=DIRECTION('',(1.,0.,0.));
#6650=DIRECTION('',(0.,0.,-1.));
#6651=DIRECTION('',(-1.,0.,0.));
#6652=DIRECTION('',(0.,0.,1.));
#6653=DIRECTION('',(1.,0.,0.));
#6654=DIRECTION('',(-0.965925826289068,-0.258819045102521,0.));
#6655=DIRECTION('',(-0.258819045102521,0.965925826289068,0.));
#6656=DIRECTION('',(0.,0.,-1.));
#6657=DIRECTION('',(-1.,0.,0.));
#6658=DIRECTION('',(1.,0.,0.));
#6659=DIRECTION('',(0.,-1.,0.));
#6660=DIRECTION('',(-1.,0.,0.));
#6661=DIRECTION('',(0.,0.,-1.));
#6662=DIRECTION('',(-1.,0.,0.));
#6663=DIRECTION('',(-0.258819045102521,0.965925826289068,0.));
#6664=DIRECTION('',(0.965925826289068,0.258819045102521,0.));
#6665=DIRECTION('',(-0.258819045102521,0.965925826289068,0.));
#6666=DIRECTION('',(0.965925826289068,0.258819045102521,0.));
#6667=DIRECTION('',(-0.258819045102521,0.965925826289068,0.));
#6668=DIRECTION('',(0.965925826289068,0.258819045102521,0.));
#6669=DIRECTION('',(-0.258819045102521,0.965925826289068,0.));
#6670=DIRECTION('',(-0.258819045102521,0.965925826289068,6.20736110368562E-15));
#6671=DIRECTION('',(0.,0.,-1.));
#6672=DIRECTION('',(0.258819045102521,-0.965925826289068,0.));
#6673=DIRECTION('',(0.965925826289068,0.258819045102521,0.));
#6674=DIRECTION('',(-0.258819045102521,0.965925826289068,0.));
#6675=DIRECTION('',(0.965925826289068,0.258819045102521,0.));
#6676=DIRECTION('',(-0.258819045102521,0.965925826289068,0.));
#6677=DIRECTION('',(0.,0.,-1.));
#6678=DIRECTION('',(-0.965925826289068,-0.258819045102521,0.));
#6679=DIRECTION('',(0.258819045102521,-0.965925826289068,0.));
#6680=DIRECTION('',(-0.965925826289068,-0.258819045102521,0.));
#6681=DIRECTION('',(0.258819045102521,-0.965925826289068,0.));
#6682=DIRECTION('',(-0.965925826289068,-0.258819045102521,0.));
#6683=DIRECTION('',(0.258819045102521,-0.965925826289068,0.));
#6684=DIRECTION('',(0.,0.,1.));
#6685=DIRECTION('',(-0.965925826289068,-0.258819045102521,0.));
#6686=DIRECTION('',(0.258819045102521,-0.965925826289068,0.));
#6687=DIRECTION('',(-0.965925826289068,-0.258819045102521,0.));
#6688=DIRECTION('',(0.258819045102521,-0.965925826289068,0.));
#6689=DIRECTION('',(-0.258819045102521,0.965925826289068,0.));
#6690=DIRECTION('',(0.,0.,1.));
#6691=DIRECTION('',(0.258819045102521,-0.965925826289068,-6.20736110368562E-15));
#6692=DIRECTION('',(0.,0.,1.));
#6693=DIRECTION('',(1.,0.,0.));
#6694=DIRECTION('',(-1.60658327346244E-15,5.99585040315216E-15,-1.));
#6695=DIRECTION('',(0.,1.,5.99585040315216E-15));
#6696=DIRECTION('',(0.,0.,-1.));
#6697=DIRECTION('',(0.,0.,1.));
#6698=DIRECTION('',(1.,0.,0.));
#6699=DIRECTION('',(0.,0.,1.));
#6700=DIRECTION('',(1.,0.,0.));
#6701=DIRECTION('',(0.,0.,1.));
#6702=DIRECTION('',(-1.60658327346244E-15,5.99585040315216E-15,-1.));
#6703=DIRECTION('',(0.,1.,5.99585040315216E-15));
#6704=DIRECTION('',(0.,0.,1.));
#6705=DIRECTION('',(1.,0.,0.));
#6706=DIRECTION('',(0.0871557427476583,0.996194698091745,0.));
#6707=DIRECTION('',(-0.996194698091746,0.0871557427476583,0.));
#6708=DIRECTION('',(-0.996194698091746,0.0871557427476583,2.12304253435674E-15));
#6709=DIRECTION('',(0.,0.,-1.));
#6710=DIRECTION('',(0.996194698091746,-0.0871557427476583,0.));
#6711=DIRECTION('',(-0.0871557427476583,-0.996194698091745,0.));
#6712=DIRECTION('',(0.996194698091746,-0.0871557427476583,0.));
#6713=DIRECTION('',(0.996194698091746,-0.0871557427476583,-2.12304253435674E-15));
#6714=DIRECTION('',(-0.996194698091746,0.0871557427476583,0.));
#6715=DIRECTION('',(0.,0.,1.));
#6716=DIRECTION('',(0.996194698091746,-0.0871557427476553,0.));
#6717=DIRECTION('',(0.0871557427476553,0.996194698091746,0.));
#6718=DIRECTION('',(0.0871557427476553,0.996194698091746,5.83301142368686E-15));
#6719=DIRECTION('',(-0.0871557427476553,-0.996194698091746,0.));
#6720=DIRECTION('',(0.,-1.,0.));
#6721=DIRECTION('',(0.,0.,-1.));
#6722=DIRECTION('',(0.,0.,-1.));
#6723=DIRECTION('',(0.,0.,-1.));
#6724=DIRECTION('',(1.,0.,0.));
#6725=DIRECTION('',(0.,0.,-1.));
#6726=DIRECTION('',(0.,0.,-1.));
#6727=DIRECTION('',(0.,1.,0.));
#6728=DIRECTION('',(0.,0.,1.));
#6729=DIRECTION('',(0.,0.,-1.));
#6730=DIRECTION('',(0.,0.,-1.));
#6731=DIRECTION('',(-1.,0.,0.));
#6732=DIRECTION('',(0.,0.,-1.));
#6733=DIRECTION('',(-1.,0.,0.));
#6734=DIRECTION('',(0.,0.,1.));
#6735=DIRECTION('',(1.,0.,0.));
#6736=DIRECTION('',(-0.965925826289068,-0.258819045102521,0.));
#6737=DIRECTION('',(-0.965925826289068,-0.258819045102521,0.));
#6738=DIRECTION('',(0.258819045102521,-0.965925826289068,0.));
#6739=DIRECTION('',(-0.965925826289068,-0.258819045102521,0.));
#6740=DIRECTION('',(-0.965925826289068,-0.258819045102521,0.));
#6741=DIRECTION('',(0.258819045102521,-0.965925826289068,0.));
#6742=DIRECTION('',(-0.965925826289068,-0.258819045102521,0.));
#6743=DIRECTION('',(0.258819045102521,-0.965925826289068,0.));
#6744=DIRECTION('',(-0.965925826289068,-0.258819045102521,0.));
#6745=DIRECTION('',(-0.965925826289068,-0.258819045102521,0.));
#6746=DIRECTION('',(0.258819045102521,-0.965925826289068,0.));
#6747=DIRECTION('',(-0.965925826289068,-0.258819045102521,0.));
#6748=DIRECTION('',(-1.60658327346244E-15,5.99585040315216E-15,-1.));
#6749=DIRECTION('',(0.,1.,5.99585040315216E-15));
#6750=DIRECTION('',(0.,0.,1.));
#6751=DIRECTION('',(1.,0.,0.));
#6752=DIRECTION('',(0.,0.,1.));
#6753=DIRECTION('',(1.,0.,0.));
#6754=DIRECTION('',(0.,0.,-1.));
#6755=DIRECTION('',(-1.,0.,0.));
#6756=DIRECTION('',(0.,0.,-1.));
#6757=DIRECTION('',(-1.,0.,0.));
#6758=CARTESIAN_POINT('',(0.,0.,0.));
#6759=CARTESIAN_POINT('',(0.,-1.9,0.));
#6760=CARTESIAN_POINT('',(0.,-1.9,0.));
#6761=CARTESIAN_POINT('',(0.,-1.9,-0.75));
#6762=CARTESIAN_POINT('',(-2.,-1.9,0.));
#6763=CARTESIAN_POINT('',(-2.,-1.9,-0.915));
#6764=CARTESIAN_POINT('',(2.,-1.9,0.));
#6765=CARTESIAN_POINT('',(2.,-1.9,-0.765));
#6766=CARTESIAN_POINT('',(3.05,-1.9,0.5));
#6767=CARTESIAN_POINT('',(3.05,-1.9,0.5));
#6768=CARTESIAN_POINT('',(3.05,-1.9,-0.5));
#6769=CARTESIAN_POINT('',(3.05,-1.9,0.5));
#6770=CARTESIAN_POINT('',(3.15,-1.9,0.5));
#6771=CARTESIAN_POINT('',(3.15,-1.9,2.8));
#6772=CARTESIAN_POINT('',(3.15,-1.9,1.4));
#6773=CARTESIAN_POINT('',(3.725,-1.9,1.4));
#6774=CARTESIAN_POINT('',(1.725,-1.9,1.4));
#6775=CARTESIAN_POINT('',(1.72500001666001,-1.9,1.975));
#6776=CARTESIAN_POINT('',(1.725,-1.9,2.55));
#6777=CARTESIAN_POINT('',(1.725,-1.9,2.55));
#6778=CARTESIAN_POINT('',(2.55,-1.9,2.55));
#6779=CARTESIAN_POINT('',(2.55,-1.9,3.435));
#6780=CARTESIAN_POINT('',(2.55,-1.9,2.8));
#6781=CARTESIAN_POINT('',(-3.15,-1.9,2.8));
#6782=CARTESIAN_POINT('',(-2.55,-1.9,2.8));
#6783=CARTESIAN_POINT('',(-2.55,-1.9,3.435));
#6784=CARTESIAN_POINT('',(-2.55,-1.9,2.55));
#6785=CARTESIAN_POINT('',(-4.,-1.9,2.55));
#6786=CARTESIAN_POINT('',(-1.725,-1.9,2.55));
#6787=CARTESIAN_POINT('',(-1.725,-1.9,1.975));
#6788=CARTESIAN_POINT('',(-1.725,-1.9,1.4));
#6789=CARTESIAN_POINT('',(-1.725,-1.9,1.4));
#6790=CARTESIAN_POINT('',(-3.15,-1.9,1.4));
#6791=CARTESIAN_POINT('',(-3.15,-1.9,-2.8));
#6792=CARTESIAN_POINT('',(-3.15,-1.9,-1.4));
#6793=CARTESIAN_POINT('',(-3.725,-1.9,-1.4));
#6794=CARTESIAN_POINT('',(-1.725,-1.9,-1.4));
#6795=CARTESIAN_POINT('',(-1.725,-1.9,-1.975));
#6796=CARTESIAN_POINT('',(-1.725,-1.9,-2.55));
#6797=CARTESIAN_POINT('',(-1.725,-1.9,-2.55));
#6798=CARTESIAN_POINT('',(-2.55,-1.9,-2.55));
#6799=CARTESIAN_POINT('',(-2.55,-1.9,-3.435));
#6800=CARTESIAN_POINT('',(-2.55,-1.9,-2.8));
#6801=CARTESIAN_POINT('',(-1.8,-1.9,-2.8));
#6802=CARTESIAN_POINT('',(2.55,-1.9,-2.8));
#6803=CARTESIAN_POINT('',(2.55,-1.9,-3.435));
#6804=CARTESIAN_POINT('',(2.55,-1.9,-2.55));
#6805=CARTESIAN_POINT('',(4.,-1.9,-2.55));
#6806=CARTESIAN_POINT('',(1.725,-1.9,-2.55));
#6807=CARTESIAN_POINT('',(1.725,-1.9,-1.975));
#6808=CARTESIAN_POINT('',(1.725,-1.9,-1.4));
#6809=CARTESIAN_POINT('',(1.725,-1.9,-1.4));
#6810=CARTESIAN_POINT('',(3.15,-1.9,-1.4));
#6811=CARTESIAN_POINT('',(3.15,-1.9,2.8));
#6812=CARTESIAN_POINT('',(3.15,-1.9,-0.5));
#6813=CARTESIAN_POINT('',(3.05,-1.9,-0.5));
#6814=CARTESIAN_POINT('',(3.15,-1.9,2.8));
#6815=CARTESIAN_POINT('',(3.15,-1.9,0.5));
#6816=CARTESIAN_POINT('',(3.15,-0.301642533340428,0.5));
#6817=CARTESIAN_POINT('',(3.15,-0.301642533340428,0.5));
#6818=CARTESIAN_POINT('',(3.15,-0.301642533340428,-0.5));
#6819=CARTESIAN_POINT('',(3.15,-1.9,-0.5));
#6820=CARTESIAN_POINT('',(3.15,-1.9,-1.4));
#6821=CARTESIAN_POINT('',(3.15,-1.7,-1.4));
#6822=CARTESIAN_POINT('',(3.15,-1.7,2.8));
#6823=CARTESIAN_POINT('',(3.15,-1.7,-1.435));
#6824=CARTESIAN_POINT('',(3.15,-1.9,-1.435));
#6825=CARTESIAN_POINT('',(3.15,-1.1,-1.435));
#6826=CARTESIAN_POINT('',(3.15,-1.1,-3.435));
#6827=CARTESIAN_POINT('',(3.15,-1.1,-2.8));
#6828=CARTESIAN_POINT('',(3.15,-1.9,-2.8));
#6829=CARTESIAN_POINT('',(3.15,0.,-2.8));
#6830=CARTESIAN_POINT('',(3.15,0.,2.8));
#6831=CARTESIAN_POINT('',(3.15,0.,-2.50089746422584));
#6832=CARTESIAN_POINT('',(3.15,-2.74921484498122,-2.01613671129141));
#6833=CARTESIAN_POINT('',(3.15,-0.713999999999983,-2.375));
#6834=CARTESIAN_POINT('',(3.15,-1.9,-2.375));
#6835=CARTESIAN_POINT('',(3.15,-0.963999999999983,-2.375));
#6836=CARTESIAN_POINT('',(3.15,-0.963999999999983,2.8));
#6837=CARTESIAN_POINT('',(3.15,-0.963999999999983,-1.625));
#6838=CARTESIAN_POINT('',(3.15,-1.9,-1.625));
#6839=CARTESIAN_POINT('',(3.15,-0.713999999999983,-1.625));
#6840=CARTESIAN_POINT('',(3.15,-1.10751815701799,-1.69438786848095));
#6841=CARTESIAN_POINT('',(3.15,0.,-1.49910253577416));
#6842=CARTESIAN_POINT('',(3.15,0.,2.8));
#6843=CARTESIAN_POINT('',(3.15,0.,1.49910253577416));
#6844=CARTESIAN_POINT('',(3.15,-2.06517455832987,1.8632485302804));
#6845=CARTESIAN_POINT('',(3.15,-0.714,1.625));
#6846=CARTESIAN_POINT('',(3.15,-1.9,1.625));
#6847=CARTESIAN_POINT('',(3.15,-0.964,1.625));
#6848=CARTESIAN_POINT('',(3.15,-0.964,2.8));
#6849=CARTESIAN_POINT('',(3.15,-0.964,2.375));
#6850=CARTESIAN_POINT('',(3.15,-1.9,2.375));
#6851=CARTESIAN_POINT('',(3.15,-0.714000000000001,2.375));
#6852=CARTESIAN_POINT('',(3.15,-1.79155844366934,2.18499737309087));
#6853=CARTESIAN_POINT('',(3.15,0.,2.50089746422584));
#6854=CARTESIAN_POINT('',(3.15,0.,2.8));
#6855=CARTESIAN_POINT('',(3.15,0.,2.8));
#6856=CARTESIAN_POINT('',(3.15,-1.9,2.8));
#6857=CARTESIAN_POINT('',(3.15,-1.1,2.8));
#6858=CARTESIAN_POINT('',(3.15,-1.1,3.435));
#6859=CARTESIAN_POINT('',(3.15,-1.1,1.435));
#6860=CARTESIAN_POINT('',(3.15,-1.9,1.435));
#6861=CARTESIAN_POINT('',(3.15,-1.7,1.435));
#6862=CARTESIAN_POINT('',(3.15,-1.7,2.8));
#6863=CARTESIAN_POINT('',(3.15,-1.7,1.4));
#6864=CARTESIAN_POINT('',(3.15,-1.9,1.4));
#6865=CARTESIAN_POINT('',(2.55,-1.7,3.435));
#6866=CARTESIAN_POINT('',(2.55,-1.7,2.55));
#6867=CARTESIAN_POINT('',(2.55,-1.7,2.55));
#6868=CARTESIAN_POINT('',(2.55,-1.7,3.435));
#6869=CARTESIAN_POINT('',(2.55,-1.7,2.8));
#6870=CARTESIAN_POINT('',(2.55,-1.9,2.8));
#6871=CARTESIAN_POINT('',(2.55,-1.7,-3.435));
#6872=CARTESIAN_POINT('',(2.55,-1.7,-2.55));
#6873=CARTESIAN_POINT('',(2.55,-1.7,-2.55));
#6874=CARTESIAN_POINT('',(2.55,-1.9,-2.8));
#6875=CARTESIAN_POINT('',(2.55,-1.7,-2.8));
#6876=CARTESIAN_POINT('',(2.55,-1.7,-3.435));
#6877=CARTESIAN_POINT('',(-3.15,-1.9,-2.8));
#6878=CARTESIAN_POINT('',(-3.15,-1.9,1.4));
#6879=CARTESIAN_POINT('',(-3.15,-1.7,1.4));
#6880=CARTESIAN_POINT('',(-3.15,-1.7,-2.8));
#6881=CARTESIAN_POINT('',(-3.15,-1.7,1.435));
#6882=CARTESIAN_POINT('',(-3.15,-1.9,1.435));
#6883=CARTESIAN_POINT('',(-3.15,-1.1,1.435));
#6884=CARTESIAN_POINT('',(-3.15,-1.1,3.435));
#6885=CARTESIAN_POINT('',(-3.15,-1.1,2.8));
#6886=CARTESIAN_POINT('',(-3.15,-1.9,2.8));
#6887=CARTESIAN_POINT('',(-3.15,0.,2.8));
#6888=CARTESIAN_POINT('',(-3.15,0.,-2.8));
#6889=CARTESIAN_POINT('',(-3.15,0.,2.50089746422585));
#6890=CARTESIAN_POINT('',(-3.15,-2.74921484498121,2.01613671129142));
#6891=CARTESIAN_POINT('',(-3.15,-0.714000000000001,2.375));
#6892=CARTESIAN_POINT('',(-3.15,-1.9,2.375));
#6893=CARTESIAN_POINT('',(-3.15,-0.964,2.375));
#6894=CARTESIAN_POINT('',(-3.15,-0.964,-2.8));
#6895=CARTESIAN_POINT('',(-3.15,-0.964,1.625));
#6896=CARTESIAN_POINT('',(-3.15,-1.9,1.625));
#6897=CARTESIAN_POINT('',(-3.15,-0.714,1.625));
#6898=CARTESIAN_POINT('',(-3.15,-1.107518157018,1.69438786848094));
#6899=CARTESIAN_POINT('',(-3.15,3.25260651745651E-16,1.49910253577416));
#6900=CARTESIAN_POINT('',(-3.15,0.,-2.8));
#6901=CARTESIAN_POINT('',(-3.15,4.33680868994202E-16,-1.49910253577416));
#6902=CARTESIAN_POINT('',(-3.15,-2.06517455832988,-1.86324853028041));
#6903=CARTESIAN_POINT('',(-3.15,-0.713999999999983,-1.625));
#6904=CARTESIAN_POINT('',(-3.15,-1.9,-1.625));
#6905=CARTESIAN_POINT('',(-3.15,-0.963999999999983,-1.625));
#6906=CARTESIAN_POINT('',(-3.15,-0.963999999999983,-2.8));
#6907=CARTESIAN_POINT('',(-3.15,-0.963999999999983,-2.375));
#6908=CARTESIAN_POINT('',(-3.15,-1.9,-2.375));
#6909=CARTESIAN_POINT('',(-3.15,-0.713999999999983,-2.375));
#6910=CARTESIAN_POINT('',(-3.15,-1.79155844366934,-2.18499737309087));
#6911=CARTESIAN_POINT('',(-3.15,0.,-2.50089746422584));
#6912=CARTESIAN_POINT('',(-3.15,0.,-2.8));
#6913=CARTESIAN_POINT('',(-3.15,0.,-2.8));
#6914=CARTESIAN_POINT('',(-3.15,-1.9,-2.8));
#6915=CARTESIAN_POINT('',(-3.15,-1.1,-2.8));
#6916=CARTESIAN_POINT('',(-3.15,-1.1,-3.435));
#6917=CARTESIAN_POINT('',(-3.15,-1.1,-1.435));
#6918=CARTESIAN_POINT('',(-3.15,-1.9,-1.435));
#6919=CARTESIAN_POINT('',(-3.15,-1.7,-1.435));
#6920=CARTESIAN_POINT('',(-3.15,-1.7,-2.8));
#6921=CARTESIAN_POINT('',(-3.15,-1.7,-1.4));
#6922=CARTESIAN_POINT('',(-3.15,-1.9,-1.4));
#6923=CARTESIAN_POINT('',(-2.55,-1.9,3.435));
#6924=CARTESIAN_POINT('',(-2.55,-1.7,3.435));
#6925=CARTESIAN_POINT('',(-2.55,-1.7,2.8));
#6926=CARTESIAN_POINT('',(-2.55,-1.7,2.55));
#6927=CARTESIAN_POINT('',(-2.55,-1.9,2.55));
#6928=CARTESIAN_POINT('',(-2.55,-1.9,2.8));
#6929=CARTESIAN_POINT('',(-2.55,-1.9,-3.435));
#6930=CARTESIAN_POINT('',(-2.55,-1.9,-2.55));
#6931=CARTESIAN_POINT('',(-2.55,-1.7,-2.55));
#6932=CARTESIAN_POINT('',(-2.55,-1.7,-3.435));
#6933=CARTESIAN_POINT('',(-2.55,-1.7,-2.8));
#6934=CARTESIAN_POINT('',(-2.55,-1.9,-2.8));
#6935=CARTESIAN_POINT('',(3.15,-1.9,-2.8));
#6936=CARTESIAN_POINT('',(2.55,-1.1,-2.8));
#6937=CARTESIAN_POINT('',(-2.55,-1.1,-2.8));
#6938=CARTESIAN_POINT('',(-1.8,0.,-2.8));
#6939=CARTESIAN_POINT('',(-1.8,0.,-2.8));
#6940=CARTESIAN_POINT('',(-1.8,-1.9,-2.8));
#6941=CARTESIAN_POINT('',(-1.8,-1.05,-2.8));
#6942=CARTESIAN_POINT('',(-1.1,-1.05,-2.8));
#6943=CARTESIAN_POINT('',(-1.1,-1.05,-2.8));
#6944=CARTESIAN_POINT('',(-0.641583886263437,-0.256,-2.8));
#6945=CARTESIAN_POINT('',(-0.641583886263437,-0.256,-2.8));
#6946=CARTESIAN_POINT('',(0.641583886263437,-0.256,-2.8));
#6947=CARTESIAN_POINT('',(0.641583886263437,-0.256,-2.8));
#6948=CARTESIAN_POINT('',(1.1,-1.05,-2.8));
#6949=CARTESIAN_POINT('',(1.1,-1.05,-2.8));
#6950=CARTESIAN_POINT('',(4.,-1.05,-2.8));
#6951=CARTESIAN_POINT('',(1.8,-1.05,-2.8));
#6952=CARTESIAN_POINT('',(1.8,-1.9,-2.8));
#6953=CARTESIAN_POINT('',(1.8,0.,-2.8));
#6954=CARTESIAN_POINT('',(3.15,0.,-2.8));
#6955=CARTESIAN_POINT('',(1.8,-1.9,2.8));
#6956=CARTESIAN_POINT('',(2.55,-1.1,2.8));
#6957=CARTESIAN_POINT('',(1.8,0.,2.8));
#6958=CARTESIAN_POINT('',(1.8,0.,2.8));
#6959=CARTESIAN_POINT('',(1.8,-1.9,2.8));
#6960=CARTESIAN_POINT('',(1.8,-1.05,2.8));
#6961=CARTESIAN_POINT('',(4.,-1.05,2.8));
#6962=CARTESIAN_POINT('',(1.1,-1.05,2.8));
#6963=CARTESIAN_POINT('',(1.1,-1.05,2.8));
#6964=CARTESIAN_POINT('',(0.641583886263437,-0.256,2.8));
#6965=CARTESIAN_POINT('',(0.641583886263437,-0.256,2.8));
#6966=CARTESIAN_POINT('',(-0.641583886263437,-0.256,2.8));
#6967=CARTESIAN_POINT('',(-0.641583886263437,-0.256,2.8));
#6968=CARTESIAN_POINT('',(-1.1,-1.05,2.8));
#6969=CARTESIAN_POINT('',(-1.1,-1.05,2.8));
#6970=CARTESIAN_POINT('',(-1.8,-1.05,2.8));
#6971=CARTESIAN_POINT('',(-1.8,-1.9,2.8));
#6972=CARTESIAN_POINT('',(-1.8,0.,2.8));
#6973=CARTESIAN_POINT('',(-3.15,0.,2.8));
#6974=CARTESIAN_POINT('',(-2.55,-1.1,2.8));
#6975=CARTESIAN_POINT('',(-1.8,-1.9,2.8));
#6976=CARTESIAN_POINT('',(-1.8,-1.05,2.8));
#6977=CARTESIAN_POINT('',(-1.8,-1.05,3.15));
#6978=CARTESIAN_POINT('',(-1.8,-1.9,3.15));
#6979=CARTESIAN_POINT('',(-1.8,0.,3.15));
#6980=CARTESIAN_POINT('',(-1.8,0.,2.8));
#6981=CARTESIAN_POINT('',(-1.8,-1.9,3.15));
#6982=CARTESIAN_POINT('',(0.743060796608387,-0.431763164512564,3.15));
#6983=CARTESIAN_POINT('',(0.641583886263437,-0.256,3.15));
#6984=CARTESIAN_POINT('',(1.1,-1.05,3.15));
#6985=CARTESIAN_POINT('',(-1.8,-1.05,3.15));
#6986=CARTESIAN_POINT('',(1.8,-1.05,3.15));
#6987=CARTESIAN_POINT('',(1.8,-1.9,3.15));
#6988=CARTESIAN_POINT('',(1.8,0.,3.15));
#6989=CARTESIAN_POINT('',(-1.8,0.,3.15));
#6990=CARTESIAN_POINT('',(-1.8,-1.05,3.15));
#6991=CARTESIAN_POINT('',(-1.1,-1.05,3.15));
#6992=CARTESIAN_POINT('',(-1.64306079660839,-1.99060889132455,3.15));
#6993=CARTESIAN_POINT('',(-0.641583886263437,-0.256,3.15));
#6994=CARTESIAN_POINT('',(-1.8,-0.256,3.15));
#6995=CARTESIAN_POINT('',(1.8,-1.9,3.15));
#6996=CARTESIAN_POINT('',(1.8,-1.05,3.15));
#6997=CARTESIAN_POINT('',(1.8,0.,3.15));
#6998=CARTESIAN_POINT('',(0.,0.,0.));
#6999=CARTESIAN_POINT('',(0.,0.,2.50089746422584));
#7000=CARTESIAN_POINT('',(-3.1,0.,2.50089746422584));
#7001=CARTESIAN_POINT('',(0.,0.,2.50089746422584));
#7002=CARTESIAN_POINT('',(3.1,0.,2.50089746422584));
#7003=CARTESIAN_POINT('',(3.1,0.,0.));
#7004=CARTESIAN_POINT('',(3.1,-5.42101086242752E-17,1.49910253577416));
#7005=CARTESIAN_POINT('',(0.,0.,1.49910253577416));
#7006=CARTESIAN_POINT('',(0.,0.,-1.49910253577416));
#7007=CARTESIAN_POINT('',(3.1,0.,-1.49910253577416));
#7008=CARTESIAN_POINT('',(3.1,0.,0.));
#7009=CARTESIAN_POINT('',(3.1,0.,-2.50089746422584));
#7010=CARTESIAN_POINT('',(0.,0.,-2.50089746422584));
#7011=CARTESIAN_POINT('',(1.8,0.,-2.8));
#7012=CARTESIAN_POINT('',(1.8,0.,-3.15));
#7013=CARTESIAN_POINT('',(1.8,0.,-3.15));
#7014=CARTESIAN_POINT('',(-1.8,0.,-3.15));
#7015=CARTESIAN_POINT('',(-1.8,0.,-3.15));
#7016=CARTESIAN_POINT('',(0.,0.,-2.50089746422584));
#7017=CARTESIAN_POINT('',(-3.1,0.,-2.50089746422584));
#7018=CARTESIAN_POINT('',(-3.1,0.,0.));
#7019=CARTESIAN_POINT('',(-3.1,0.,-1.49910253577416));
#7020=CARTESIAN_POINT('',(0.,0.,-1.49910253577416));
#7021=CARTESIAN_POINT('',(0.,0.,1.49910253577416));
#7022=CARTESIAN_POINT('',(-3.1,-5.42101086242752E-17,1.49910253577416));
#7023=CARTESIAN_POINT('',(-3.1,0.,0.));
#7024=CARTESIAN_POINT('',(1.8,-1.9,-2.8));
#7025=CARTESIAN_POINT('',(1.8,-1.05,-2.8));
#7026=CARTESIAN_POINT('',(1.8,-1.05,-3.15));
#7027=CARTESIAN_POINT('',(1.8,-1.9,-3.15));
#7028=CARTESIAN_POINT('',(1.8,-1.9,-3.15));
#7029=CARTESIAN_POINT('',(1.8,-1.05,-3.15));
#7030=CARTESIAN_POINT('',(1.1,-1.05,-3.15));
#7031=CARTESIAN_POINT('',(1.64306079660839,-1.99060889132455,-3.15));
#7032=CARTESIAN_POINT('',(0.641583886263437,-0.256,-3.15));
#7033=CARTESIAN_POINT('',(1.8,-0.256,-3.15));
#7034=CARTESIAN_POINT('',(-0.641583886263437,-0.256,-3.15));
#7035=CARTESIAN_POINT('',(-0.743060796608387,-0.431763164512565,-3.15));
#7036=CARTESIAN_POINT('',(-1.1,-1.05,-3.15));
#7037=CARTESIAN_POINT('',(1.8,-1.05,-3.15));
#7038=CARTESIAN_POINT('',(-1.8,-1.05,-3.15));
#7039=CARTESIAN_POINT('',(-1.8,-1.9,-3.15));
#7040=CARTESIAN_POINT('',(-1.8,-1.9,-3.15));
#7041=CARTESIAN_POINT('',(-1.8,-1.05,-3.15));
#7042=CARTESIAN_POINT('',(3.1,0.,0.));
#7043=CARTESIAN_POINT('',(3.1,1.,-1.32277555506569));
#7044=CARTESIAN_POINT('',(3.1,-0.713999999999983,-1.625));
#7045=CARTESIAN_POINT('',(3.1,-0.713999999999983,-1.625));
#7046=CARTESIAN_POINT('',(3.1,-0.963999999999983,-1.625));
#7047=CARTESIAN_POINT('',(3.1,-0.963999999999983,-1.625));
#7048=CARTESIAN_POINT('',(3.1,-0.963999999999983,-2.375));
#7049=CARTESIAN_POINT('',(3.1,-0.963999999999983,-2.375));
#7050=CARTESIAN_POINT('',(3.1,-0.713999999999983,-2.375));
#7051=CARTESIAN_POINT('',(3.1,-0.713999999999983,-2.375));
#7052=CARTESIAN_POINT('',(5.1,-0.713999999999983,-2.375));
#7053=CARTESIAN_POINT('',(5.1,-0.713999999999983,-2.375));
#7054=CARTESIAN_POINT('',(5.1,1.,-1.32277555506569));
#7055=CARTESIAN_POINT('',(5.1,-0.713999999999983,-1.625));
#7056=CARTESIAN_POINT('',(5.1,-0.963999999999983,-2.375));
#7057=CARTESIAN_POINT('',(5.1,-0.963999999999983,-2.375));
#7058=CARTESIAN_POINT('',(5.1,-0.963999999999983,-1.625));
#7059=CARTESIAN_POINT('',(5.1,-0.963999999999983,-1.625));
#7060=CARTESIAN_POINT('',(5.1,-0.713999999999983,-1.625));
#7061=CARTESIAN_POINT('',(3.1,0.,0.));
#7062=CARTESIAN_POINT('',(3.1,2.,2.85355142564277));
#7063=CARTESIAN_POINT('',(3.1,-0.714000000000001,2.375));
#7064=CARTESIAN_POINT('',(3.1,-0.714,2.375));
#7065=CARTESIAN_POINT('',(3.1,-0.964,2.375));
#7066=CARTESIAN_POINT('',(3.1,-0.964,2.375));
#7067=CARTESIAN_POINT('',(3.1,-0.964,1.625));
#7068=CARTESIAN_POINT('',(3.1,-0.964,1.625));
#7069=CARTESIAN_POINT('',(3.1,-0.714,1.625));
#7070=CARTESIAN_POINT('',(3.1,-0.714,1.625));
#7071=CARTESIAN_POINT('',(5.1,2.,2.85355142564277));
#7072=CARTESIAN_POINT('',(5.1,-0.714000000000001,2.375));
#7073=CARTESIAN_POINT('',(5.1,-0.714,2.375));
#7074=CARTESIAN_POINT('',(5.1,-0.964,2.375));
#7075=CARTESIAN_POINT('',(5.1,-0.964,2.375));
#7076=CARTESIAN_POINT('',(5.1,-0.964,1.625));
#7077=CARTESIAN_POINT('',(5.1,-0.964,1.625));
#7078=CARTESIAN_POINT('',(5.1,-0.714,1.625));
#7079=CARTESIAN_POINT('',(5.1,-0.714,1.625));
#7080=CARTESIAN_POINT('',(-5.1,-0.713999999999983,-2.375));
#7081=CARTESIAN_POINT('',(-5.1,-0.713999999999983,-2.375));
#7082=CARTESIAN_POINT('',(-3.1,-0.713999999999983,-2.375));
#7083=CARTESIAN_POINT('',(-3.1,-0.713999999999983,-2.375));
#7084=CARTESIAN_POINT('',(-5.1,-0.963999999999983,-2.375));
#7085=CARTESIAN_POINT('',(-5.1,-0.963999999999983,-2.375));
#7086=CARTESIAN_POINT('',(-3.1,-0.963999999999983,-2.375));
#7087=CARTESIAN_POINT('',(-3.1,-0.963999999999983,-2.375));
#7088=CARTESIAN_POINT('',(-5.1,-0.963999999999983,-1.625));
#7089=CARTESIAN_POINT('',(-5.1,-0.963999999999983,-1.625));
#7090=CARTESIAN_POINT('',(-3.1,-0.963999999999983,-1.625));
#7091=CARTESIAN_POINT('',(-3.1,-0.963999999999983,-1.625));
#7092=CARTESIAN_POINT('',(-5.1,-0.713999999999983,-1.625));
#7093=CARTESIAN_POINT('',(-5.1,-0.713999999999983,-1.625));
#7094=CARTESIAN_POINT('',(-3.1,-0.713999999999983,-1.625));
#7095=CARTESIAN_POINT('',(-3.1,-0.713999999999983,-1.625));
#7096=CARTESIAN_POINT('',(-5.1,1.,-1.32277555506569));
#7097=CARTESIAN_POINT('',(-3.1,1.,-1.32277555506569));
#7098=CARTESIAN_POINT('',(-3.1,0.,0.));
#7099=CARTESIAN_POINT('',(-3.1,0.,0.));
#7100=CARTESIAN_POINT('',(-3.1,-0.714,1.625));
#7101=CARTESIAN_POINT('',(-3.1,-0.714,1.625));
#7102=CARTESIAN_POINT('',(-3.1,-0.964,1.625));
#7103=CARTESIAN_POINT('',(-3.1,-0.964,1.625));
#7104=CARTESIAN_POINT('',(-3.1,-0.964,2.375));
#7105=CARTESIAN_POINT('',(-3.1,-0.964,2.375));
#7106=CARTESIAN_POINT('',(-3.1,-0.714,2.375));
#7107=CARTESIAN_POINT('',(-3.1,-0.714000000000001,2.375));
#7108=CARTESIAN_POINT('',(-3.1,2.,2.85355142564277));
#7109=CARTESIAN_POINT('',(-5.1,2.,2.85355142564277));
#7110=CARTESIAN_POINT('',(-5.1,-0.714000000000001,2.375));
#7111=CARTESIAN_POINT('',(-5.1,-0.714,2.375));
#7112=CARTESIAN_POINT('',(-5.1,-0.964,2.375));
#7113=CARTESIAN_POINT('',(-5.1,-0.964,2.375));
#7114=CARTESIAN_POINT('',(-5.1,-0.964,1.625));
#7115=CARTESIAN_POINT('',(-5.1,-0.964,1.625));
#7116=CARTESIAN_POINT('',(-5.1,-0.714,1.625));
#7117=CARTESIAN_POINT('',(-5.1,-0.714,1.625));
#7118=CARTESIAN_POINT('',(4.,-1.05,4.8));
#7119=CARTESIAN_POINT('',(1.1,-1.05,4.8));
#7120=CARTESIAN_POINT('',(1.1,-1.05,4.8));
#7121=CARTESIAN_POINT('',(0.641583886263437,-0.256,4.8));
#7122=CARTESIAN_POINT('',(0.641583886263437,-0.256,4.8));
#7123=CARTESIAN_POINT('',(-0.641583886263437,-0.256,4.8));
#7124=CARTESIAN_POINT('',(-0.641583886263437,-0.256,4.8));
#7125=CARTESIAN_POINT('',(-1.1,-1.05,4.8));
#7126=CARTESIAN_POINT('',(-1.1,-1.05,4.8));
#7127=CARTESIAN_POINT('',(4.,-1.05,-4.8));
#7128=CARTESIAN_POINT('',(1.1,-1.05,-4.8));
#7129=CARTESIAN_POINT('',(1.1,-1.05,-4.8));
#7130=CARTESIAN_POINT('',(0.641583886263437,-0.256,-4.8));
#7131=CARTESIAN_POINT('',(0.641583886263437,-0.256,-4.8));
#7132=CARTESIAN_POINT('',(-0.641583886263437,-0.256,-4.8));
#7133=CARTESIAN_POINT('',(-0.641583886263437,-0.256,-4.8));
#7134=CARTESIAN_POINT('',(-1.1,-1.05,-4.8));
#7135=CARTESIAN_POINT('',(-1.1,-1.05,-4.8));
#7136=CARTESIAN_POINT('',(-2.55,-1.1,3.435));
#7137=CARTESIAN_POINT('',(-2.55,-1.1,1.435));
#7138=CARTESIAN_POINT('',(-2.55,-1.7,1.435));
#7139=CARTESIAN_POINT('',(-2.55,-1.7,3.435));
#7140=CARTESIAN_POINT('',(2.55,-1.1,1.435));
#7141=CARTESIAN_POINT('',(2.55,-1.7,1.435));
#7142=CARTESIAN_POINT('',(2.55,-1.1,1.435));
#7143=CARTESIAN_POINT('',(2.55,-1.7,1.435));
#7144=CARTESIAN_POINT('',(2.55,-1.7,1.435));
#7145=CARTESIAN_POINT('',(2.55,-1.1,1.435));
#7146=CARTESIAN_POINT('',(2.55,-1.1,3.435));
#7147=CARTESIAN_POINT('',(2.55,-1.7,3.435));
#7148=CARTESIAN_POINT('',(-2.55,-1.1,-3.435));
#7149=CARTESIAN_POINT('',(-2.55,-1.7,-3.435));
#7150=CARTESIAN_POINT('',(-2.55,-1.7,-1.435));
#7151=CARTESIAN_POINT('',(-2.55,-1.1,-1.435));
#7152=CARTESIAN_POINT('',(2.55,-1.1,-1.435));
#7153=CARTESIAN_POINT('',(2.55,-1.7,-1.435));
#7154=CARTESIAN_POINT('',(2.55,-1.1,-1.435));
#7155=CARTESIAN_POINT('',(2.55,-1.7,-1.435));
#7156=CARTESIAN_POINT('',(2.55,-1.7,-1.435));
#7157=CARTESIAN_POINT('',(2.55,-1.1,-1.435));
#7158=CARTESIAN_POINT('',(2.55,-1.1,-3.435));
#7159=CARTESIAN_POINT('',(2.55,-1.7,-3.435));
#7160=CARTESIAN_POINT('',(-1.725,-1.7,1.975));
#7161=CARTESIAN_POINT('',(-1.725,-1.7,-2.55));
#7162=CARTESIAN_POINT('',(-1.725,-1.7,-2.55));
#7163=CARTESIAN_POINT('',(-1.725,-1.7,-1.975));
#7164=CARTESIAN_POINT('',(-1.725,-1.7,-1.4));
#7165=CARTESIAN_POINT('',(-3.725,-1.7,-1.4));
#7166=CARTESIAN_POINT('',(-1.725,-1.7,-2.55));
#7167=CARTESIAN_POINT('',(-1.725,-1.7,-2.55));
#7168=CARTESIAN_POINT('',(-3.725,-1.7,-1.4));
#7169=CARTESIAN_POINT('',(-1.725,-1.7,-1.4));
#7170=CARTESIAN_POINT('',(-1.725,-1.7,-1.975));
#7171=CARTESIAN_POINT('',(-1.725,-1.7,1.975));
#7172=CARTESIAN_POINT('',(-1.725,-1.7,1.4));
#7173=CARTESIAN_POINT('',(-1.725,-1.7,1.4));
#7174=CARTESIAN_POINT('',(-1.725,-1.7,1.975));
#7175=CARTESIAN_POINT('',(-1.725,-1.7,2.55));
#7176=CARTESIAN_POINT('',(-4.,-1.7,2.55));
#7177=CARTESIAN_POINT('',(-4.,-1.7,2.55));
#7178=CARTESIAN_POINT('',(-1.725,-1.7,2.55));
#7179=CARTESIAN_POINT('',(-1.725,-1.7,1.975));
#7180=CARTESIAN_POINT('',(-1.725,-1.7,1.4));
#7181=CARTESIAN_POINT('',(-1.725,-1.7,1.4));
#7182=CARTESIAN_POINT('',(1.725,-1.7,-1.975));
#7183=CARTESIAN_POINT('',(1.725,-1.7,-1.4));
#7184=CARTESIAN_POINT('',(1.725,-1.7,-1.4));
#7185=CARTESIAN_POINT('',(1.725,-1.7,-1.975));
#7186=CARTESIAN_POINT('',(1.725,-1.7,-2.55));
#7187=CARTESIAN_POINT('',(4.,-1.7,-2.55));
#7188=CARTESIAN_POINT('',(4.,-1.7,-2.55));
#7189=CARTESIAN_POINT('',(1.725,-1.7,-2.55));
#7190=CARTESIAN_POINT('',(1.725,-1.7,-1.4));
#7191=CARTESIAN_POINT('',(1.725,-1.7,-1.4));
#7192=CARTESIAN_POINT('',(1.725,-1.7,-1.975));
#7193=CARTESIAN_POINT('',(1.725,-1.7,-1.975));
#7194=CARTESIAN_POINT('',(1.725,-1.7,2.55));
#7195=CARTESIAN_POINT('',(1.725,-1.7,2.55));
#7196=CARTESIAN_POINT('',(1.72500001666001,-1.7,1.975));
#7197=CARTESIAN_POINT('',(1.725,-1.7,1.4));
#7198=CARTESIAN_POINT('',(3.725,-1.7,1.4));
#7199=CARTESIAN_POINT('',(3.725,-1.7,1.4));
#7200=CARTESIAN_POINT('',(1.725,-1.7,1.4));
#7201=CARTESIAN_POINT('',(1.72500001666001,-1.7,1.975));
#7202=CARTESIAN_POINT('',(1.725,-1.7,2.55));
#7203=CARTESIAN_POINT('',(1.725,-1.7,2.55));
#7204=CARTESIAN_POINT('',(2.,-1.3,0.));
#7205=CARTESIAN_POINT('',(2.,-1.3,0.));
#7206=CARTESIAN_POINT('',(2.,-1.3,-0.355));
#7207=CARTESIAN_POINT('',(2.,-1.3,0.));
#7208=CARTESIAN_POINT('',(2.,-1.7,0.));
#7209=CARTESIAN_POINT('',(2.,-1.7,-0.5));
#7210=CARTESIAN_POINT('',(2.5,-1.7,0.));
#7211=CARTESIAN_POINT('',(2.,-1.7,0.));
#7212=CARTESIAN_POINT('',(2.,-1.7,-0.65));
#7213=CARTESIAN_POINT('',(2.,-1.7,0.));
#7214=CARTESIAN_POINT('',(-2.,-1.7,0.));
#7215=CARTESIAN_POINT('',(-2.,-1.7,0.));
#7216=CARTESIAN_POINT('',(-2.,-1.7,-0.8));
#7217=CARTESIAN_POINT('',(-2.,-1.7,0.));
#7218=CARTESIAN_POINT('',(0.,-1.7,0.));
#7219=CARTESIAN_POINT('',(0.,-1.7,0.));
#7220=CARTESIAN_POINT('',(0.,-1.7,-0.75));
#7221=CARTESIAN_POINT('',(0.,-1.9,0.));
#7222=CARTESIAN_POINT('',(3.15,-0.301642533340428,0.5));
#7223=CARTESIAN_POINT('',(3.15,-0.301642533340428,-0.5));
#7224=CARTESIAN_POINT('',(3.15,-0.301642533340428,0.5));
#7225=CARTESIAN_POINT('',(0.,0.,0.5));
#7226=CARTESIAN_POINT('',(0.,0.,-0.5));
#7227=CARTESIAN_POINT('',(0.,0.,0.));
#7228=CARTESIAN_POINT('',(-3.125,0.4,-1.965));
#7229=CARTESIAN_POINT('',(-3.125,0.,-1.965));
#7230=CARTESIAN_POINT('',(-3.125,0.,-1.965));
#7231=CARTESIAN_POINT('',(-3.125,0.,1.965));
#7232=CARTESIAN_POINT('',(-3.125,0.4,1.965));
#7233=CARTESIAN_POINT('',(-3.125,0.4,1.965));
#7234=CARTESIAN_POINT('',(-3.125,0.4,-1.965));
#7235=CARTESIAN_POINT('',(-3.125,0.4,-1.965));
#7236=CARTESIAN_POINT('',(-3.125,0.4,-1.965));
#7237=CARTESIAN_POINT('',(-2.975,0.4,1.965));
#7238=CARTESIAN_POINT('',(-2.975,0.,1.965));
#7239=CARTESIAN_POINT('',(-2.975,0.,2.115));
#7240=CARTESIAN_POINT('',(-2.975,0.4,2.115));
#7241=CARTESIAN_POINT('',(-2.975,0.4,2.115));
#7242=CARTESIAN_POINT('',(-2.975,0.4,1.965));
#7243=CARTESIAN_POINT('',(-2.975,0.4,2.115));
#7244=CARTESIAN_POINT('',(-2.975,0.,2.115));
#7245=CARTESIAN_POINT('',(-2.935,0.,2.115));
#7246=CARTESIAN_POINT('',(-2.935,0.4,2.115));
#7247=CARTESIAN_POINT('',(-2.935,0.4,2.115));
#7248=CARTESIAN_POINT('',(-2.975,0.4,2.115));
#7249=CARTESIAN_POINT('',(-2.935,0.4,2.265));
#7250=CARTESIAN_POINT('',(-2.935,0.,2.265));
#7251=CARTESIAN_POINT('',(-2.785,0.,2.265));
#7252=CARTESIAN_POINT('',(-2.785,0.4,2.265));
#7253=CARTESIAN_POINT('',(-2.785,0.4,2.265));
#7254=CARTESIAN_POINT('',(-2.935,0.4,2.265));
#7255=CARTESIAN_POINT('',(-2.785,0.4,2.265));
#7256=CARTESIAN_POINT('',(-2.785,0.,2.265));
#7257=CARTESIAN_POINT('',(-2.785,0.,2.635));
#7258=CARTESIAN_POINT('',(-2.785,0.4,2.635));
#7259=CARTESIAN_POINT('',(-2.785,0.4,2.635));
#7260=CARTESIAN_POINT('',(-2.785,0.4,2.265));
#7261=CARTESIAN_POINT('',(-2.635,0.4,2.635));
#7262=CARTESIAN_POINT('',(-2.635,0.,2.635));
#7263=CARTESIAN_POINT('',(-2.635,0.,2.785));
#7264=CARTESIAN_POINT('',(-2.635,0.4,2.785));
#7265=CARTESIAN_POINT('',(-2.635,0.4,2.785));
#7266=CARTESIAN_POINT('',(-2.635,0.4,2.635));
#7267=CARTESIAN_POINT('',(-2.635,0.4,2.785));
#7268=CARTESIAN_POINT('',(-2.635,0.,2.785));
#7269=CARTESIAN_POINT('',(-2.05,0.,2.785));
#7270=CARTESIAN_POINT('',(-2.05,0.4,2.785));
#7271=CARTESIAN_POINT('',(-2.05,0.4,2.785));
#7272=CARTESIAN_POINT('',(-2.635,0.4,2.785));
#7273=CARTESIAN_POINT('',(-2.05,0.4,2.785));
#7274=CARTESIAN_POINT('',(-2.05,0.,2.785));
#7275=CARTESIAN_POINT('',(-2.05,0.,2.95));
#7276=CARTESIAN_POINT('',(-2.05,0.4,2.95));
#7277=CARTESIAN_POINT('',(-2.05,0.4,2.95));
#7278=CARTESIAN_POINT('',(-2.05,0.4,2.785));
#7279=CARTESIAN_POINT('',(-1.9,0.4,2.95));
#7280=CARTESIAN_POINT('',(-1.9,0.,2.95));
#7281=CARTESIAN_POINT('',(-1.9,0.,3.1));
#7282=CARTESIAN_POINT('',(-1.9,0.4,3.1));
#7283=CARTESIAN_POINT('',(-1.9,0.4,3.1));
#7284=CARTESIAN_POINT('',(-1.9,0.4,2.95));
#7285=CARTESIAN_POINT('',(-1.9,0.4,3.1));
#7286=CARTESIAN_POINT('',(-1.9,0.,3.1));
#7287=CARTESIAN_POINT('',(1.9,0.,3.1));
#7288=CARTESIAN_POINT('',(1.9,0.4,3.1));
#7289=CARTESIAN_POINT('',(1.9,0.4,3.1));
#7290=CARTESIAN_POINT('',(-1.9,0.4,3.1));
#7291=CARTESIAN_POINT('',(1.9,0.4,2.95));
#7292=CARTESIAN_POINT('',(1.9,0.,2.95));
#7293=CARTESIAN_POINT('',(2.05,0.,2.95));
#7294=CARTESIAN_POINT('',(2.05,0.4,2.95));
#7295=CARTESIAN_POINT('',(2.05,0.4,2.95));
#7296=CARTESIAN_POINT('',(1.9,0.4,2.95));
#7297=CARTESIAN_POINT('',(2.05,0.4,2.95));
#7298=CARTESIAN_POINT('',(2.05,0.,2.95));
#7299=CARTESIAN_POINT('',(2.05,0.,2.785));
#7300=CARTESIAN_POINT('',(2.05,0.4,2.785));
#7301=CARTESIAN_POINT('',(2.05,0.4,2.785));
#7302=CARTESIAN_POINT('',(2.05,0.4,2.95));
#7303=CARTESIAN_POINT('',(2.05,0.4,2.785));
#7304=CARTESIAN_POINT('',(2.05,0.,2.785));
#7305=CARTESIAN_POINT('',(2.635,0.,2.785));
#7306=CARTESIAN_POINT('',(2.635,0.4,2.785));
#7307=CARTESIAN_POINT('',(2.635,0.4,2.785));
#7308=CARTESIAN_POINT('',(2.05,0.4,2.785));
#7309=CARTESIAN_POINT('',(2.635,0.4,2.635));
#7310=CARTESIAN_POINT('',(2.635,0.,2.635));
#7311=CARTESIAN_POINT('',(2.785,0.,2.635));
#7312=CARTESIAN_POINT('',(2.785,0.4,2.635));
#7313=CARTESIAN_POINT('',(2.785,0.4,2.635));
#7314=CARTESIAN_POINT('',(2.635,0.4,2.635));
#7315=CARTESIAN_POINT('',(2.785,0.4,2.635));
#7316=CARTESIAN_POINT('',(2.785,0.,2.635));
#7317=CARTESIAN_POINT('',(2.785,0.,2.265));
#7318=CARTESIAN_POINT('',(2.785,0.4,2.265));
#7319=CARTESIAN_POINT('',(2.785,0.4,2.265));
#7320=CARTESIAN_POINT('',(2.785,0.4,2.635));
#7321=CARTESIAN_POINT('',(2.935,0.4,2.265));
#7322=CARTESIAN_POINT('',(2.935,0.,2.265));
#7323=CARTESIAN_POINT('',(2.935,0.,2.115));
#7324=CARTESIAN_POINT('',(2.935,0.4,2.115));
#7325=CARTESIAN_POINT('',(2.935,0.4,2.115));
#7326=CARTESIAN_POINT('',(2.935,0.4,2.265));
#7327=CARTESIAN_POINT('',(2.935,0.4,2.115));
#7328=CARTESIAN_POINT('',(2.935,0.,2.115));
#7329=CARTESIAN_POINT('',(2.975,0.,2.115));
#7330=CARTESIAN_POINT('',(2.975,0.4,2.115));
#7331=CARTESIAN_POINT('',(2.975,0.4,2.115));
#7332=CARTESIAN_POINT('',(2.935,0.4,2.115));
#7333=CARTESIAN_POINT('',(2.975,0.4,1.965));
#7334=CARTESIAN_POINT('',(2.975,0.,1.965));
#7335=CARTESIAN_POINT('',(3.125,0.,1.965));
#7336=CARTESIAN_POINT('',(3.125,0.4,1.965));
#7337=CARTESIAN_POINT('',(3.125,0.4,1.965));
#7338=CARTESIAN_POINT('',(2.975,0.4,1.965));
#7339=CARTESIAN_POINT('',(3.125,0.4,1.965));
#7340=CARTESIAN_POINT('',(3.125,0.,1.965));
#7341=CARTESIAN_POINT('',(3.125,0.,-1.965));
#7342=CARTESIAN_POINT('',(3.125,0.4,-1.965));
#7343=CARTESIAN_POINT('',(3.125,0.4,-1.965));
#7344=CARTESIAN_POINT('',(3.125,0.4,1.965));
#7345=CARTESIAN_POINT('',(2.975,0.4,-1.965));
#7346=CARTESIAN_POINT('',(2.975,0.,-1.965));
#7347=CARTESIAN_POINT('',(2.975,0.,-2.115));
#7348=CARTESIAN_POINT('',(2.975,0.4,-2.115));
#7349=CARTESIAN_POINT('',(2.975,0.4,-2.115));
#7350=CARTESIAN_POINT('',(2.975,0.4,-1.965));
#7351=CARTESIAN_POINT('',(2.975,0.4,-2.115));
#7352=CARTESIAN_POINT('',(2.975,0.,-2.115));
#7353=CARTESIAN_POINT('',(2.935,0.,-2.115));
#7354=CARTESIAN_POINT('',(2.935,0.4,-2.115));
#7355=CARTESIAN_POINT('',(2.935,0.4,-2.115));
#7356=CARTESIAN_POINT('',(2.975,0.4,-2.115));
#7357=CARTESIAN_POINT('',(2.935,0.4,-2.265));
#7358=CARTESIAN_POINT('',(2.935,0.,-2.265));
#7359=CARTESIAN_POINT('',(2.785,0.,-2.265));
#7360=CARTESIAN_POINT('',(2.785,0.4,-2.265));
#7361=CARTESIAN_POINT('',(2.785,0.4,-2.265));
#7362=CARTESIAN_POINT('',(2.935,0.4,-2.265));
#7363=CARTESIAN_POINT('',(2.785,0.4,-2.265));
#7364=CARTESIAN_POINT('',(2.785,0.,-2.265));
#7365=CARTESIAN_POINT('',(2.785,0.,-2.635));
#7366=CARTESIAN_POINT('',(2.785,0.4,-2.635));
#7367=CARTESIAN_POINT('',(2.785,0.4,-2.635));
#7368=CARTESIAN_POINT('',(2.785,0.4,-2.265));
#7369=CARTESIAN_POINT('',(2.635,0.4,-2.635));
#7370=CARTESIAN_POINT('',(2.635,0.,-2.635));
#7371=CARTESIAN_POINT('',(2.635,0.,-2.785));
#7372=CARTESIAN_POINT('',(2.635,0.4,-2.785));
#7373=CARTESIAN_POINT('',(2.635,0.4,-2.785));
#7374=CARTESIAN_POINT('',(2.635,0.4,-2.635));
#7375=CARTESIAN_POINT('',(2.635,0.4,-2.785));
#7376=CARTESIAN_POINT('',(2.635,0.,-2.785));
#7377=CARTESIAN_POINT('',(2.05,0.,-2.785));
#7378=CARTESIAN_POINT('',(2.05,0.4,-2.785));
#7379=CARTESIAN_POINT('',(2.05,0.4,-2.785));
#7380=CARTESIAN_POINT('',(2.635,0.4,-2.785));
#7381=CARTESIAN_POINT('',(2.05,0.4,-2.785));
#7382=CARTESIAN_POINT('',(2.05,0.,-2.785));
#7383=CARTESIAN_POINT('',(2.05,0.,-2.95));
#7384=CARTESIAN_POINT('',(2.05,0.4,-2.95));
#7385=CARTESIAN_POINT('',(2.05,0.4,-2.95));
#7386=CARTESIAN_POINT('',(2.05,0.4,-2.785));
#7387=CARTESIAN_POINT('',(1.9,0.4,-2.95));
#7388=CARTESIAN_POINT('',(1.9,0.,-2.95));
#7389=CARTESIAN_POINT('',(1.9,0.,-3.1));
#7390=CARTESIAN_POINT('',(1.9,0.4,-3.1));
#7391=CARTESIAN_POINT('',(1.9,0.4,-3.1));
#7392=CARTESIAN_POINT('',(1.9,0.4,-2.95));
#7393=CARTESIAN_POINT('',(1.9,0.4,-3.1));
#7394=CARTESIAN_POINT('',(1.9,0.,-3.1));
#7395=CARTESIAN_POINT('',(-1.9,0.,-3.1));
#7396=CARTESIAN_POINT('',(-1.9,0.4,-3.1));
#7397=CARTESIAN_POINT('',(-1.9,0.4,-3.1));
#7398=CARTESIAN_POINT('',(1.9,0.4,-3.1));
#7399=CARTESIAN_POINT('',(-1.9,0.4,-2.95));
#7400=CARTESIAN_POINT('',(-1.9,0.,-2.95));
#7401=CARTESIAN_POINT('',(-2.05,0.,-2.95));
#7402=CARTESIAN_POINT('',(-2.05,0.4,-2.95));
#7403=CARTESIAN_POINT('',(-2.05,0.4,-2.95));
#7404=CARTESIAN_POINT('',(-1.9,0.4,-2.95));
#7405=CARTESIAN_POINT('',(-2.05,0.4,-2.95));
#7406=CARTESIAN_POINT('',(-2.05,0.,-2.95));
#7407=CARTESIAN_POINT('',(-2.05,0.,-2.785));
#7408=CARTESIAN_POINT('',(-2.05,0.4,-2.785));
#7409=CARTESIAN_POINT('',(-2.05,0.4,-2.785));
#7410=CARTESIAN_POINT('',(-2.05,0.4,-2.95));
#7411=CARTESIAN_POINT('',(-2.05,0.4,-2.785));
#7412=CARTESIAN_POINT('',(-2.05,0.,-2.785));
#7413=CARTESIAN_POINT('',(-2.635,0.,-2.785));
#7414=CARTESIAN_POINT('',(-2.635,0.4,-2.785));
#7415=CARTESIAN_POINT('',(-2.635,0.4,-2.785));
#7416=CARTESIAN_POINT('',(-2.05,0.4,-2.785));
#7417=CARTESIAN_POINT('',(-2.635,0.4,-2.635));
#7418=CARTESIAN_POINT('',(-2.635,0.,-2.635));
#7419=CARTESIAN_POINT('',(-2.785,0.,-2.635));
#7420=CARTESIAN_POINT('',(-2.785,0.4,-2.635));
#7421=CARTESIAN_POINT('',(-2.785,0.4,-2.635));
#7422=CARTESIAN_POINT('',(-2.635,0.4,-2.635));
#7423=CARTESIAN_POINT('',(-2.785,0.4,-2.635));
#7424=CARTESIAN_POINT('',(-2.785,0.,-2.635));
#7425=CARTESIAN_POINT('',(-2.785,0.,-2.265));
#7426=CARTESIAN_POINT('',(-2.785,0.4,-2.265));
#7427=CARTESIAN_POINT('',(-2.785,0.4,-2.265));
#7428=CARTESIAN_POINT('',(-2.785,0.4,-2.635));
#7429=CARTESIAN_POINT('',(-2.935,0.4,-2.265));
#7430=CARTESIAN_POINT('',(-2.935,0.,-2.265));
#7431=CARTESIAN_POINT('',(-2.935,0.,-2.115));
#7432=CARTESIAN_POINT('',(-2.935,0.4,-2.115));
#7433=CARTESIAN_POINT('',(-2.935,0.4,-2.115));
#7434=CARTESIAN_POINT('',(-2.935,0.4,-2.265));
#7435=CARTESIAN_POINT('',(-2.935,0.4,-2.115));
#7436=CARTESIAN_POINT('',(-2.935,0.,-2.115));
#7437=CARTESIAN_POINT('',(-2.975,0.,-2.115));
#7438=CARTESIAN_POINT('',(-2.975,0.4,-2.115));
#7439=CARTESIAN_POINT('',(-2.975,0.4,-2.115));
#7440=CARTESIAN_POINT('',(-2.935,0.4,-2.115));
#7441=CARTESIAN_POINT('',(-2.975,0.4,-1.965));
#7442=CARTESIAN_POINT('',(-2.975,0.,-1.965));
#7443=CARTESIAN_POINT('',(-2.975,0.4,-1.965));
#7444=CARTESIAN_POINT('',(-2.975,0.4,1.965));
#7445=CARTESIAN_POINT('',(0.,0.4,0.));
#7446=CARTESIAN_POINT('',(0.,0.4,-1.5205969766153));
#7447=CARTESIAN_POINT('',(-2.975,0.,1.965));
#7448=CARTESIAN_POINT('',(0.,5.55,0.));
#7449=CARTESIAN_POINT('',(0.,5.55,0.));
#7450=CARTESIAN_POINT('',(0.,5.55,-0.6));
#7451=CARTESIAN_POINT('',(0.,5.55,0.));
#7452=CARTESIAN_POINT('',(0.,5.65,0.));
#7453=CARTESIAN_POINT('',(0.,5.65,-0.7));
#7454=CARTESIAN_POINT('',(0.7,5.65,0.));
#7455=CARTESIAN_POINT('',(0.,5.65,0.));
#7456=CARTESIAN_POINT('',(0.,5.65,-1.33068815943059));
#7457=CARTESIAN_POINT('',(0.,5.55,0.));
#7458=CARTESIAN_POINT('',(0.,5.55174524064373,0.));
#7459=CARTESIAN_POINT('',(0.,5.55174524064373,-1.43067292894622));
#7460=CARTESIAN_POINT('',(0.,5.55174524064373,0.));
#7461=CARTESIAN_POINT('',(0.,0.,0.));
#7462=CARTESIAN_POINT('',(0.,0.,0.));
#7463=CARTESIAN_POINT('',(0.,0.,0.));
#7464=CARTESIAN_POINT('',(0.,0.,-1.525));
#7465=CARTESIAN_POINT('',(-2.7,0.,-2.8));
#7466=CARTESIAN_POINT('',(-2.69999999999999,0.,-2.8));
#7467=CARTESIAN_POINT('',(-3.1,0.,-2.8));
#7468=CARTESIAN_POINT('',(0.,0.,-2.8));
#7469=CARTESIAN_POINT('',(-2.05,0.,-2.8));
#7470=CARTESIAN_POINT('',(-1.6,0.,-2.8));
#7471=CARTESIAN_POINT('',(-1.6,0.,-2.8));
#7472=CARTESIAN_POINT('',(-1.3,0.,-3.1));
#7473=CARTESIAN_POINT('',(-1.3,0.,-3.1));
#7474=CARTESIAN_POINT('',(1.3,0.,-3.1));
#7475=CARTESIAN_POINT('',(1.3,0.,-3.1));
#7476=CARTESIAN_POINT('',(1.6,0.,-2.8));
#7477=CARTESIAN_POINT('',(1.6,0.,-2.8));
#7478=CARTESIAN_POINT('',(2.05,0.,-2.8));
#7479=CARTESIAN_POINT('',(2.05000000000001,0.,-2.8));
#7480=CARTESIAN_POINT('',(0.,0.,-2.8));
#7481=CARTESIAN_POINT('',(2.7,0.,-2.8));
#7482=CARTESIAN_POINT('',(3.1,0.,-2.8));
#7483=CARTESIAN_POINT('',(3.1,0.,-2.8));
#7484=CARTESIAN_POINT('',(3.1,0.,1.2));
#7485=CARTESIAN_POINT('',(3.1,0.,1.2));
#7486=CARTESIAN_POINT('',(3.,0.,1.2));
#7487=CARTESIAN_POINT('',(3.,0.,1.2));
#7488=CARTESIAN_POINT('',(3.,0.,2.2));
#7489=CARTESIAN_POINT('',(3.,0.,2.2));
#7490=CARTESIAN_POINT('',(3.05,0.,2.2));
#7491=CARTESIAN_POINT('',(3.05,0.,2.2));
#7492=CARTESIAN_POINT('',(3.05,0.,2.65));
#7493=CARTESIAN_POINT('',(3.05,0.,2.65));
#7494=CARTESIAN_POINT('',(3.,0.,2.65));
#7495=CARTESIAN_POINT('',(3.,0.,2.65));
#7496=CARTESIAN_POINT('',(3.,0.,2.8));
#7497=CARTESIAN_POINT('',(3.,0.,2.8));
#7498=CARTESIAN_POINT('',(2.7,0.,2.8));
#7499=CARTESIAN_POINT('',(2.69999999999999,0.,2.8));
#7500=CARTESIAN_POINT('',(0.,0.,2.8));
#7501=CARTESIAN_POINT('',(2.05,0.,2.8));
#7502=CARTESIAN_POINT('',(1.6,0.,2.8));
#7503=CARTESIAN_POINT('',(1.6,0.,2.8));
#7504=CARTESIAN_POINT('',(1.3,0.,3.1));
#7505=CARTESIAN_POINT('',(1.3,0.,3.1));
#7506=CARTESIAN_POINT('',(-1.3,0.,3.1));
#7507=CARTESIAN_POINT('',(-1.3,0.,3.1));
#7508=CARTESIAN_POINT('',(-1.6,0.,2.8));
#7509=CARTESIAN_POINT('',(-1.6,0.,2.8));
#7510=CARTESIAN_POINT('',(-2.05,0.,2.8));
#7511=CARTESIAN_POINT('',(-2.05000000000001,0.,2.8));
#7512=CARTESIAN_POINT('',(0.,0.,2.8));
#7513=CARTESIAN_POINT('',(-2.7,0.,2.8));
#7514=CARTESIAN_POINT('',(-3.,0.,2.8));
#7515=CARTESIAN_POINT('',(-3.,0.,2.8));
#7516=CARTESIAN_POINT('',(-3.,0.,2.65));
#7517=CARTESIAN_POINT('',(-3.,0.,2.65));
#7518=CARTESIAN_POINT('',(-3.05,0.,2.65));
#7519=CARTESIAN_POINT('',(-3.05,0.,2.65));
#7520=CARTESIAN_POINT('',(-3.05,0.,2.2));
#7521=CARTESIAN_POINT('',(-3.05,0.,2.2));
#7522=CARTESIAN_POINT('',(-3.,0.,2.2));
#7523=CARTESIAN_POINT('',(-3.,0.,2.2));
#7524=CARTESIAN_POINT('',(-3.,0.,1.2));
#7525=CARTESIAN_POINT('',(-3.,0.,1.2));
#7526=CARTESIAN_POINT('',(-3.1,0.,1.2));
#7527=CARTESIAN_POINT('',(-3.1,0.,1.2));
#7528=CARTESIAN_POINT('',(-3.1,0.,-2.8));
#7529=CARTESIAN_POINT('',(-3.1,0.2,-2.8));
#7530=CARTESIAN_POINT('',(-3.1,0.2,1.2));
#7531=CARTESIAN_POINT('',(-3.1,0.2,1.2));
#7532=CARTESIAN_POINT('',(-3.1,0.2,-2.8));
#7533=CARTESIAN_POINT('',(-3.1,0.2,-2.8));
#7534=CARTESIAN_POINT('',(-3.1,0.2,-2.8));
#7535=CARTESIAN_POINT('',(-3.1,0.2,1.2));
#7536=CARTESIAN_POINT('',(-3.,0.2,1.2));
#7537=CARTESIAN_POINT('',(-3.,0.2,1.2));
#7538=CARTESIAN_POINT('',(-3.1,0.2,1.2));
#7539=CARTESIAN_POINT('',(-3.,0.2,1.2));
#7540=CARTESIAN_POINT('',(-3.,0.2,2.2));
#7541=CARTESIAN_POINT('',(-3.,0.2,2.2));
#7542=CARTESIAN_POINT('',(-3.,0.2,1.2));
#7543=CARTESIAN_POINT('',(-3.,0.2,2.2));
#7544=CARTESIAN_POINT('',(-3.05,0.2,2.2));
#7545=CARTESIAN_POINT('',(-3.05,0.2,2.2));
#7546=CARTESIAN_POINT('',(-3.,0.2,2.2));
#7547=CARTESIAN_POINT('',(-3.05,0.2,2.2));
#7548=CARTESIAN_POINT('',(-3.05,0.2,2.65));
#7549=CARTESIAN_POINT('',(-3.05,0.2,2.65));
#7550=CARTESIAN_POINT('',(-3.05,0.2,2.2));
#7551=CARTESIAN_POINT('',(-3.05,0.2,2.65));
#7552=CARTESIAN_POINT('',(-3.,0.2,2.65));
#7553=CARTESIAN_POINT('',(-3.,0.2,2.65));
#7554=CARTESIAN_POINT('',(-3.05,0.2,2.65));
#7555=CARTESIAN_POINT('',(-3.,0.2,2.65));
#7556=CARTESIAN_POINT('',(-3.,0.2,2.8));
#7557=CARTESIAN_POINT('',(-3.,0.2,2.8));
#7558=CARTESIAN_POINT('',(-3.,0.2,2.65));
#7559=CARTESIAN_POINT('',(-3.,0.2,2.8));
#7560=CARTESIAN_POINT('',(-2.7,0.2,2.8));
#7561=CARTESIAN_POINT('',(-2.7,0.2,2.8));
#7562=CARTESIAN_POINT('',(-3.,0.2,2.8));
#7563=CARTESIAN_POINT('',(-2.7,0.2,2.8));
#7564=CARTESIAN_POINT('',(-2.69999999999999,0.199999999999989,2.8));
#7565=CARTESIAN_POINT('',(-2.69999999999999,-0.575999999999965,2.8));
#7566=CARTESIAN_POINT('',(-2.69999999999999,-0.575999999999965,3.));
#7567=CARTESIAN_POINT('',(-2.69999999999999,-0.575999999999965,3.));
#7568=CARTESIAN_POINT('',(-2.7,0.2,3.));
#7569=CARTESIAN_POINT('',(-2.7,0.2,3.));
#7570=CARTESIAN_POINT('',(-2.7,0.2,2.8));
#7571=CARTESIAN_POINT('',(-2.05,0.2,3.));
#7572=CARTESIAN_POINT('',(-2.05,0.2,3.));
#7573=CARTESIAN_POINT('',(-2.05,0.2,3.));
#7574=CARTESIAN_POINT('',(-2.05000000000001,-0.574999999999989,3.));
#7575=CARTESIAN_POINT('',(-2.05000000000001,-0.574999999999989,3.));
#7576=CARTESIAN_POINT('',(-2.05000000000001,-0.574999999999989,2.8));
#7577=CARTESIAN_POINT('',(-2.05000000000001,-0.574999999999989,2.8));
#7578=CARTESIAN_POINT('',(-2.05,0.2,2.8));
#7579=CARTESIAN_POINT('',(-2.05,0.2,2.8));
#7580=CARTESIAN_POINT('',(-2.05,0.2,3.));
#7581=CARTESIAN_POINT('',(-2.05,0.2,2.8));
#7582=CARTESIAN_POINT('',(-1.6,0.2,2.8));
#7583=CARTESIAN_POINT('',(-1.6,0.2,2.8));
#7584=CARTESIAN_POINT('',(-2.05,0.2,2.8));
#7585=CARTESIAN_POINT('',(-1.6,0.2,2.8));
#7586=CARTESIAN_POINT('',(-1.3,0.2,3.1));
#7587=CARTESIAN_POINT('',(-1.3,0.2,3.1));
#7588=CARTESIAN_POINT('',(-1.6,0.2,2.8));
#7589=CARTESIAN_POINT('',(-1.3,0.2,3.1));
#7590=CARTESIAN_POINT('',(1.3,0.2,3.1));
#7591=CARTESIAN_POINT('',(1.3,0.2,3.1));
#7592=CARTESIAN_POINT('',(-1.3,0.2,3.1));
#7593=CARTESIAN_POINT('',(1.3,0.2,3.1));
#7594=CARTESIAN_POINT('',(1.6,0.2,2.8));
#7595=CARTESIAN_POINT('',(1.6,0.2,2.8));
#7596=CARTESIAN_POINT('',(1.3,0.2,3.1));
#7597=CARTESIAN_POINT('',(1.6,0.2,2.8));
#7598=CARTESIAN_POINT('',(2.05,0.2,2.8));
#7599=CARTESIAN_POINT('',(2.05,0.2,2.8));
#7600=CARTESIAN_POINT('',(1.6,0.2,2.8));
#7601=CARTESIAN_POINT('',(2.05,0.2,2.8));
#7602=CARTESIAN_POINT('',(2.05000000000001,0.199999999999989,2.8));
#7603=CARTESIAN_POINT('',(2.05000000000001,-0.574999999999989,2.8));
#7604=CARTESIAN_POINT('',(2.05000000000001,-0.574999999999989,3.));
#7605=CARTESIAN_POINT('',(2.05000000000001,-0.574999999999989,3.));
#7606=CARTESIAN_POINT('',(2.05,0.2,3.));
#7607=CARTESIAN_POINT('',(2.05,0.2,3.));
#7608=CARTESIAN_POINT('',(2.05,0.2,2.8));
#7609=CARTESIAN_POINT('',(2.05,0.2,3.));
#7610=CARTESIAN_POINT('',(2.05000000000001,-0.574999999999989,3.));
#7611=CARTESIAN_POINT('',(1.84999999999999,-0.574999999999989,3.));
#7612=CARTESIAN_POINT('',(1.84999999999999,-0.574999999999989,3.));
#7613=CARTESIAN_POINT('',(1.84999999999999,-0.769999999999982,3.));
#7614=CARTESIAN_POINT('',(1.84999999999999,-0.769999999999982,3.));
#7615=CARTESIAN_POINT('',(2.03799999999977,-1.28600000000009,3.));
#7616=CARTESIAN_POINT('',(1.85267270897933,-1.3556978852121,3.));
#7617=CARTESIAN_POINT('',(1.79800000000403,-1.54600000000146,3.));
#7618=CARTESIAN_POINT('',(1.79800000000403,-1.54600000000146,3.));
#7619=CARTESIAN_POINT('',(0.290279253632701,-0.997101664618288,3.));
#7620=CARTESIAN_POINT('',(-0.000500000000002343,-1.79581777542163,3.));
#7621=CARTESIAN_POINT('',(-0.291279253632681,-0.997101664618279,3.));
#7622=CARTESIAN_POINT('',(-0.291279253632681,-0.997101664618279,3.));
#7623=CARTESIAN_POINT('',(-1.79899999999718,-1.54599999999896,3.));
#7624=CARTESIAN_POINT('',(-1.85255342421087,-1.35537987840896,3.));
#7625=CARTESIAN_POINT('',(-2.03800000000011,-1.28599999999997,3.));
#7626=CARTESIAN_POINT('',(-2.03800000000011,-1.28599999999997,3.));
#7627=CARTESIAN_POINT('',(-1.84999999999999,-0.769999999999982,3.));
#7628=CARTESIAN_POINT('',(-1.84999999999999,-0.769999999999982,3.));
#7629=CARTESIAN_POINT('',(-1.84999999999999,-0.574999999999989,3.));
#7630=CARTESIAN_POINT('',(-1.84999999999999,-0.574999999999989,3.));
#7631=CARTESIAN_POINT('',(-2.7,0.2,3.));
#7632=CARTESIAN_POINT('',(-2.69999999999999,-0.575999999999965,3.));
#7633=CARTESIAN_POINT('',(-2.36999999999993,-1.53399999999996,3.));
#7634=CARTESIAN_POINT('',(-1.85329220347205,-1.35756572609804,3.));
#7635=CARTESIAN_POINT('',(-1.67900000001437,-1.87500000000523,3.));
#7636=CARTESIAN_POINT('',(-1.67900000001437,-1.87500000000523,3.));
#7637=CARTESIAN_POINT('',(-0.171046629395855,-1.32601697582114,3.));
#7638=CARTESIAN_POINT('',(-5.42101086242752E-17,-1.79584997867674,3.));
#7639=CARTESIAN_POINT('',(0.171046629395855,-1.32601697582114,3.));
#7640=CARTESIAN_POINT('',(0.171046629395855,-1.32601697582114,3.));
#7641=CARTESIAN_POINT('',(1.67900000001437,-1.87500000000523,3.));
#7642=CARTESIAN_POINT('',(1.85329220347205,-1.35756572609804,3.));
#7643=CARTESIAN_POINT('',(2.36999999999993,-1.53399999999996,3.));
#7644=CARTESIAN_POINT('',(2.36999999999993,-1.53399999999996,3.));
#7645=CARTESIAN_POINT('',(2.69999999999999,-0.575999999999965,3.));
#7646=CARTESIAN_POINT('',(2.7,0.2,3.));
#7647=CARTESIAN_POINT('',(2.7,0.2,3.));
#7648=CARTESIAN_POINT('',(2.05,0.2,3.));
#7649=CARTESIAN_POINT('',(2.7,0.2,3.));
#7650=CARTESIAN_POINT('',(2.69999999999999,-0.575999999999965,3.));
#7651=CARTESIAN_POINT('',(2.69999999999999,-0.575999999999965,2.8));
#7652=CARTESIAN_POINT('',(2.69999999999999,-0.575999999999965,2.8));
#7653=CARTESIAN_POINT('',(2.7,0.2,2.8));
#7654=CARTESIAN_POINT('',(2.7,0.2,2.8));
#7655=CARTESIAN_POINT('',(2.7,0.2,3.));
#7656=CARTESIAN_POINT('',(2.7,0.2,2.8));
#7657=CARTESIAN_POINT('',(3.,0.2,2.8));
#7658=CARTESIAN_POINT('',(3.,0.2,2.8));
#7659=CARTESIAN_POINT('',(2.7,0.2,2.8));
#7660=CARTESIAN_POINT('',(3.,0.2,2.8));
#7661=CARTESIAN_POINT('',(3.,0.2,2.65));
#7662=CARTESIAN_POINT('',(3.,0.2,2.65));
#7663=CARTESIAN_POINT('',(3.,0.2,2.8));
#7664=CARTESIAN_POINT('',(3.,0.2,2.65));
#7665=CARTESIAN_POINT('',(3.05,0.2,2.65));
#7666=CARTESIAN_POINT('',(3.05,0.2,2.65));
#7667=CARTESIAN_POINT('',(3.,0.2,2.65));
#7668=CARTESIAN_POINT('',(3.05,0.2,2.65));
#7669=CARTESIAN_POINT('',(3.05,0.2,2.2));
#7670=CARTESIAN_POINT('',(3.05,0.2,2.2));
#7671=CARTESIAN_POINT('',(3.05,0.2,2.65));
#7672=CARTESIAN_POINT('',(3.05,0.2,2.2));
#7673=CARTESIAN_POINT('',(3.,0.2,2.2));
#7674=CARTESIAN_POINT('',(3.,0.2,2.2));
#7675=CARTESIAN_POINT('',(3.05,0.2,2.2));
#7676=CARTESIAN_POINT('',(3.,0.2,2.2));
#7677=CARTESIAN_POINT('',(3.,0.2,1.2));
#7678=CARTESIAN_POINT('',(3.,0.2,1.2));
#7679=CARTESIAN_POINT('',(3.,0.2,2.2));
#7680=CARTESIAN_POINT('',(3.,0.2,1.2));
#7681=CARTESIAN_POINT('',(3.1,0.2,1.2));
#7682=CARTESIAN_POINT('',(3.1,0.2,1.2));
#7683=CARTESIAN_POINT('',(3.,0.2,1.2));
#7684=CARTESIAN_POINT('',(3.1,0.2,1.2));
#7685=CARTESIAN_POINT('',(3.1,0.2,-2.8));
#7686=CARTESIAN_POINT('',(3.1,0.2,-2.8));
#7687=CARTESIAN_POINT('',(3.1,0.2,1.2));
#7688=CARTESIAN_POINT('',(3.1,0.2,-2.8));
#7689=CARTESIAN_POINT('',(2.7,0.2,-2.8));
#7690=CARTESIAN_POINT('',(2.7,0.2,-2.8));
#7691=CARTESIAN_POINT('',(3.1,0.2,-2.8));
#7692=CARTESIAN_POINT('',(2.7,0.2,-2.8));
#7693=CARTESIAN_POINT('',(2.69999999999999,-0.575999999999965,-2.8));
#7694=CARTESIAN_POINT('',(2.69999999999999,-0.575999999999965,-2.8));
#7695=CARTESIAN_POINT('',(2.69999999999999,-0.575999999999965,-3.));
#7696=CARTESIAN_POINT('',(2.69999999999999,-0.575999999999965,-3.));
#7697=CARTESIAN_POINT('',(2.7,0.2,-3.));
#7698=CARTESIAN_POINT('',(2.7,0.2,-3.));
#7699=CARTESIAN_POINT('',(2.7,0.2,-2.8));
#7700=CARTESIAN_POINT('',(2.05,0.2,-3.00000000000001));
#7701=CARTESIAN_POINT('',(2.05,0.2,-3.00000000000001));
#7702=CARTESIAN_POINT('',(2.05,0.2,-3.00000000000001));
#7703=CARTESIAN_POINT('',(2.05000000000001,-0.574999999999989,-3.));
#7704=CARTESIAN_POINT('',(2.05000000000001,-0.574999999999989,-3.));
#7705=CARTESIAN_POINT('',(2.05000000000001,-0.574999999999989,-2.8));
#7706=CARTESIAN_POINT('',(2.05000000000001,0.199999999999989,-2.8));
#7707=CARTESIAN_POINT('',(2.05,0.2,-2.8));
#7708=CARTESIAN_POINT('',(2.05,0.2,-2.8));
#7709=CARTESIAN_POINT('',(2.05,0.2,-3.00000000000001));
#7710=CARTESIAN_POINT('',(2.05,0.2,-2.8));
#7711=CARTESIAN_POINT('',(1.6,0.2,-2.8));
#7712=CARTESIAN_POINT('',(1.6,0.2,-2.8));
#7713=CARTESIAN_POINT('',(2.05,0.2,-2.8));
#7714=CARTESIAN_POINT('',(1.6,0.2,-2.8));
#7715=CARTESIAN_POINT('',(1.3,0.2,-3.1));
#7716=CARTESIAN_POINT('',(1.3,0.2,-3.1));
#7717=CARTESIAN_POINT('',(1.6,0.2,-2.8));
#7718=CARTESIAN_POINT('',(1.3,0.2,-3.1));
#7719=CARTESIAN_POINT('',(-1.3,0.2,-3.1));
#7720=CARTESIAN_POINT('',(-1.3,0.2,-3.1));
#7721=CARTESIAN_POINT('',(1.3,0.2,-3.1));
#7722=CARTESIAN_POINT('',(-1.3,0.2,-3.1));
#7723=CARTESIAN_POINT('',(-1.6,0.2,-2.8));
#7724=CARTESIAN_POINT('',(-1.6,0.2,-2.8));
#7725=CARTESIAN_POINT('',(-1.3,0.2,-3.1));
#7726=CARTESIAN_POINT('',(-1.6,0.2,-2.8));
#7727=CARTESIAN_POINT('',(-2.05,0.2,-2.8));
#7728=CARTESIAN_POINT('',(-2.05,0.2,-2.8));
#7729=CARTESIAN_POINT('',(-1.6,0.2,-2.8));
#7730=CARTESIAN_POINT('',(-2.05,0.2,-2.8));
#7731=CARTESIAN_POINT('',(-2.05000000000001,-0.574999999999989,-2.8));
#7732=CARTESIAN_POINT('',(-2.05000000000001,-0.574999999999989,-2.8));
#7733=CARTESIAN_POINT('',(-2.05000000000001,-0.574999999999989,-3.));
#7734=CARTESIAN_POINT('',(-2.05000000000001,-0.574999999999989,-3.));
#7735=CARTESIAN_POINT('',(-2.05,0.2,-3.00000000000001));
#7736=CARTESIAN_POINT('',(-2.05,0.2,-3.00000000000001));
#7737=CARTESIAN_POINT('',(-2.05,0.2,-2.8));
#7738=CARTESIAN_POINT('',(-2.05,0.2,-3.00000000000001));
#7739=CARTESIAN_POINT('',(-1.84999999999999,-0.574999999999989,-3.));
#7740=CARTESIAN_POINT('',(-1.84999999999999,-0.574999999999989,-3.));
#7741=CARTESIAN_POINT('',(-1.84999999999999,-0.769999999999982,-3.));
#7742=CARTESIAN_POINT('',(-1.84999999999999,-0.769999999999982,-3.));
#7743=CARTESIAN_POINT('',(-2.03800000000011,-1.28599999999997,-3.));
#7744=CARTESIAN_POINT('',(-2.03800000000011,-1.28599999999997,-3.));
#7745=CARTESIAN_POINT('',(-1.85255342421087,-1.35537987840896,-3.));
#7746=CARTESIAN_POINT('',(-1.79899999999718,-1.54599999999896,-3.));
#7747=CARTESIAN_POINT('',(-0.291279253632681,-0.997101664618279,-3.));
#7748=CARTESIAN_POINT('',(-0.291279253632681,-0.997101664618279,-3.));
#7749=CARTESIAN_POINT('',(-0.000500000000002343,-1.79581777542163,-3.));
#7750=CARTESIAN_POINT('',(0.290279253632701,-0.997101664618288,-3.));
#7751=CARTESIAN_POINT('',(1.79800000000403,-1.54600000000146,-3.));
#7752=CARTESIAN_POINT('',(1.79800000000403,-1.54600000000146,-3.));
#7753=CARTESIAN_POINT('',(1.85267270897933,-1.3556978852121,-3.));
#7754=CARTESIAN_POINT('',(2.03799999999977,-1.28600000000009,-3.));
#7755=CARTESIAN_POINT('',(1.84999999999999,-0.769999999999982,-3.));
#7756=CARTESIAN_POINT('',(1.84999999999999,-0.769999999999982,-3.));
#7757=CARTESIAN_POINT('',(1.84999999999999,-0.574999999999989,-3.));
#7758=CARTESIAN_POINT('',(1.84999999999999,-0.574999999999989,-3.));
#7759=CARTESIAN_POINT('',(2.05000000000001,-0.574999999999989,-3.));
#7760=CARTESIAN_POINT('',(2.7,0.2,-3.));
#7761=CARTESIAN_POINT('',(2.36999999999993,-1.53399999999996,-3.));
#7762=CARTESIAN_POINT('',(2.36999999999993,-1.53399999999996,-3.));
#7763=CARTESIAN_POINT('',(1.85329220347205,-1.35756572609804,-3.));
#7764=CARTESIAN_POINT('',(1.67900000001437,-1.87500000000523,-3.));
#7765=CARTESIAN_POINT('',(0.171046629395855,-1.32601697582114,-3.));
#7766=CARTESIAN_POINT('',(0.171046629395855,-1.32601697582114,-3.));
#7767=CARTESIAN_POINT('',(-5.42101086242752E-17,-1.79584997867674,-3.));
#7768=CARTESIAN_POINT('',(-0.171046629395855,-1.32601697582114,-3.));
#7769=CARTESIAN_POINT('',(-1.67900000001437,-1.87500000000523,-3.));
#7770=CARTESIAN_POINT('',(-1.67900000001437,-1.87500000000523,-3.));
#7771=CARTESIAN_POINT('',(-1.85329220347205,-1.35756572609804,-3.));
#7772=CARTESIAN_POINT('',(-2.36999999999993,-1.53399999999996,-3.));
#7773=CARTESIAN_POINT('',(-2.69999999999999,-0.575999999999965,-3.));
#7774=CARTESIAN_POINT('',(-2.69999999999999,-0.575999999999965,-3.));
#7775=CARTESIAN_POINT('',(-2.7,0.2,-3.));
#7776=CARTESIAN_POINT('',(-2.7,0.2,-3.));
#7777=CARTESIAN_POINT('',(-2.05,0.2,-3.00000000000001));
#7778=CARTESIAN_POINT('',(-2.7,0.2,-3.));
#7779=CARTESIAN_POINT('',(-2.69999999999999,-0.575999999999965,-3.));
#7780=CARTESIAN_POINT('',(-2.69999999999999,-0.575999999999965,-2.8));
#7781=CARTESIAN_POINT('',(-2.69999999999999,0.199999999999989,-2.8));
#7782=CARTESIAN_POINT('',(-2.7,0.2,-2.8));
#7783=CARTESIAN_POINT('',(-2.7,0.2,-2.8));
#7784=CARTESIAN_POINT('',(-2.7,0.2,-3.));
#7785=CARTESIAN_POINT('',(-2.7,0.2,-2.8));
#7786=CARTESIAN_POINT('',(-2.7,0.2,-2.8));
#7787=CARTESIAN_POINT('',(0.,0.2,0.));
#7788=CARTESIAN_POINT('',(0.,0.2,0.));
#7789=CARTESIAN_POINT('',(0.,0.2,-2.55));
#7790=CARTESIAN_POINT('',(-1.85329220347205,-1.35756572609804,2.8));
#7791=CARTESIAN_POINT('',(-1.84999999999999,-0.574999999999989,2.8));
#7792=CARTESIAN_POINT('',(-1.84999999999999,-0.574999999999989,2.8));
#7793=CARTESIAN_POINT('',(-1.84999999999999,-0.769999999999982,2.8));
#7794=CARTESIAN_POINT('',(-1.84999999999999,-0.769999999999982,2.8));
#7795=CARTESIAN_POINT('',(-2.03800000000011,-1.28599999999997,2.8));
#7796=CARTESIAN_POINT('',(-2.03800000000011,-1.28599999999997,2.8));
#7797=CARTESIAN_POINT('',(-1.85255342421087,-1.35537987840896,2.8));
#7798=CARTESIAN_POINT('',(-1.79899999999718,-1.54599999999896,2.8));
#7799=CARTESIAN_POINT('',(-0.291279253632681,-0.997101664618279,2.8));
#7800=CARTESIAN_POINT('',(-0.291279253632681,-0.997101664618279,2.8));
#7801=CARTESIAN_POINT('',(-0.000500000000002343,-1.79581777542163,2.8));
#7802=CARTESIAN_POINT('',(0.290279253632701,-0.997101664618288,2.8));
#7803=CARTESIAN_POINT('',(1.79800000000403,-1.54600000000146,2.8));
#7804=CARTESIAN_POINT('',(1.79800000000403,-1.54600000000146,2.8));
#7805=CARTESIAN_POINT('',(1.85267270897933,-1.3556978852121,2.8));
#7806=CARTESIAN_POINT('',(2.03799999999977,-1.28600000000009,2.8));
#7807=CARTESIAN_POINT('',(1.84999999999999,-0.769999999999982,2.8));
#7808=CARTESIAN_POINT('',(1.84999999999999,-0.769999999999982,2.8));
#7809=CARTESIAN_POINT('',(1.84999999999999,-0.574999999999989,2.8));
#7810=CARTESIAN_POINT('',(1.84999999999999,-0.574999999999989,2.8));
#7811=CARTESIAN_POINT('',(2.05000000000001,-0.574999999999989,2.8));
#7812=CARTESIAN_POINT('',(2.36999999999993,-1.53399999999996,2.8));
#7813=CARTESIAN_POINT('',(2.36999999999993,-1.53399999999996,2.8));
#7814=CARTESIAN_POINT('',(1.85329220347205,-1.35756572609804,2.8));
#7815=CARTESIAN_POINT('',(1.67900000001437,-1.87500000000523,2.8));
#7816=CARTESIAN_POINT('',(0.171046629395855,-1.32601697582114,2.8));
#7817=CARTESIAN_POINT('',(0.171046629395855,-1.32601697582114,2.8));
#7818=CARTESIAN_POINT('',(-5.42101086242752E-17,-1.79584997867674,2.8));
#7819=CARTESIAN_POINT('',(-0.171046629395855,-1.32601697582114,2.8));
#7820=CARTESIAN_POINT('',(-1.67900000001437,-1.87500000000523,2.8));
#7821=CARTESIAN_POINT('',(-1.67900000001437,-1.87500000000523,2.8));
#7822=CARTESIAN_POINT('',(-1.85329220347205,-1.35756572609804,2.8));
#7823=CARTESIAN_POINT('',(-2.36999999999993,-1.53399999999996,2.8));
#7824=CARTESIAN_POINT('',(-2.69999999999999,-0.575999999999965,2.8));
#7825=CARTESIAN_POINT('',(-2.69999999999999,-0.575999999999965,3.));
#7826=CARTESIAN_POINT('',(-2.36999999999993,-1.53399999999996,3.));
#7827=CARTESIAN_POINT('',(-1.85329220347205,-1.35756572609804,3.));
#7828=CARTESIAN_POINT('',(-1.67900000001437,-1.87500000000523,3.));
#7829=CARTESIAN_POINT('',(-1.67900000001437,-1.87500000000523,3.));
#7830=CARTESIAN_POINT('',(-0.171046629395855,-1.32601697582114,3.));
#7831=CARTESIAN_POINT('',(-5.42101086242752E-17,-1.79584997867674,3.));
#7832=CARTESIAN_POINT('',(0.171046629395855,-1.32601697582114,3.));
#7833=CARTESIAN_POINT('',(0.171046629395855,-1.32601697582114,3.));
#7834=CARTESIAN_POINT('',(1.67900000001437,-1.87500000000523,3.));
#7835=CARTESIAN_POINT('',(1.85329220347205,-1.35756572609804,3.));
#7836=CARTESIAN_POINT('',(2.36999999999993,-1.53399999999996,3.));
#7837=CARTESIAN_POINT('',(2.36999999999993,-1.53399999999996,3.));
#7838=CARTESIAN_POINT('',(2.05000000000001,-0.574999999999989,3.));
#7839=CARTESIAN_POINT('',(1.84999999999999,-0.574999999999989,3.));
#7840=CARTESIAN_POINT('',(1.84999999999999,-0.574999999999989,3.));
#7841=CARTESIAN_POINT('',(1.84999999999999,-0.769999999999982,3.));
#7842=CARTESIAN_POINT('',(1.84999999999999,-0.769999999999982,3.));
#7843=CARTESIAN_POINT('',(2.03799999999977,-1.28600000000009,3.));
#7844=CARTESIAN_POINT('',(1.85267270897933,-1.3556978852121,3.));
#7845=CARTESIAN_POINT('',(1.79800000000403,-1.54600000000146,3.));
#7846=CARTESIAN_POINT('',(1.79800000000403,-1.54600000000146,3.));
#7847=CARTESIAN_POINT('',(0.290279253632701,-0.997101664618288,3.));
#7848=CARTESIAN_POINT('',(-0.000500000000002343,-1.79581777542163,3.));
#7849=CARTESIAN_POINT('',(-0.291279253632681,-0.997101664618279,3.));
#7850=CARTESIAN_POINT('',(-0.291279253632681,-0.997101664618279,3.));
#7851=CARTESIAN_POINT('',(-1.79899999999718,-1.54599999999896,3.));
#7852=CARTESIAN_POINT('',(-1.85255342421087,-1.35537987840896,3.));
#7853=CARTESIAN_POINT('',(-2.03800000000011,-1.28599999999997,3.));
#7854=CARTESIAN_POINT('',(-2.03800000000011,-1.28599999999997,3.));
#7855=CARTESIAN_POINT('',(-1.84999999999999,-0.769999999999982,3.));
#7856=CARTESIAN_POINT('',(-1.84999999999999,-0.769999999999982,3.));
#7857=CARTESIAN_POINT('',(-1.84999999999999,-0.574999999999989,3.));
#7858=CARTESIAN_POINT('',(-1.84999999999999,-0.574999999999989,3.));
#7859=CARTESIAN_POINT('',(-1.85329220347205,-1.35756572609804,-2.8));
#7860=CARTESIAN_POINT('',(-2.69999999999999,-0.575999999999965,-2.8));
#7861=CARTESIAN_POINT('',(-2.36999999999993,-1.53399999999996,-2.8));
#7862=CARTESIAN_POINT('',(-1.85329220347205,-1.35756572609804,-2.8));
#7863=CARTESIAN_POINT('',(-1.67900000001437,-1.87500000000523,-2.8));
#7864=CARTESIAN_POINT('',(-1.67900000001437,-1.87500000000523,-2.8));
#7865=CARTESIAN_POINT('',(-0.171046629395855,-1.32601697582114,-2.8));
#7866=CARTESIAN_POINT('',(-5.42101086242752E-17,-1.79584997867674,-2.8));
#7867=CARTESIAN_POINT('',(0.171046629395855,-1.32601697582114,-2.8));
#7868=CARTESIAN_POINT('',(0.171046629395855,-1.32601697582114,-2.8));
#7869=CARTESIAN_POINT('',(1.67900000001437,-1.87500000000523,-2.8));
#7870=CARTESIAN_POINT('',(1.85329220347205,-1.35756572609804,-2.8));
#7871=CARTESIAN_POINT('',(2.36999999999993,-1.53399999999996,-2.8));
#7872=CARTESIAN_POINT('',(2.36999999999993,-1.53399999999996,-2.8));
#7873=CARTESIAN_POINT('',(2.05000000000001,-0.574999999999989,-2.8));
#7874=CARTESIAN_POINT('',(1.84999999999999,-0.574999999999989,-2.8));
#7875=CARTESIAN_POINT('',(1.84999999999999,-0.574999999999989,-2.8));
#7876=CARTESIAN_POINT('',(1.84999999999999,-0.769999999999982,-2.8));
#7877=CARTESIAN_POINT('',(1.84999999999999,-0.769999999999982,-2.8));
#7878=CARTESIAN_POINT('',(2.03799999999977,-1.28600000000009,-2.8));
#7879=CARTESIAN_POINT('',(1.85267270897933,-1.3556978852121,-2.8));
#7880=CARTESIAN_POINT('',(1.79800000000403,-1.54600000000146,-2.8));
#7881=CARTESIAN_POINT('',(1.79800000000403,-1.54600000000146,-2.8));
#7882=CARTESIAN_POINT('',(0.290279253632701,-0.997101664618288,-2.8));
#7883=CARTESIAN_POINT('',(-0.000500000000002343,-1.79581777542163,-2.8));
#7884=CARTESIAN_POINT('',(-0.291279253632681,-0.997101664618279,-2.8));
#7885=CARTESIAN_POINT('',(-0.291279253632681,-0.997101664618279,-2.8));
#7886=CARTESIAN_POINT('',(-1.79899999999718,-1.54599999999896,-2.8));
#7887=CARTESIAN_POINT('',(-1.85255342421087,-1.35537987840896,-2.8));
#7888=CARTESIAN_POINT('',(-2.03800000000011,-1.28599999999997,-2.8));
#7889=CARTESIAN_POINT('',(-2.03800000000011,-1.28599999999997,-2.8));
#7890=CARTESIAN_POINT('',(-1.84999999999999,-0.769999999999982,-2.8));
#7891=CARTESIAN_POINT('',(-1.84999999999999,-0.769999999999982,-2.8));
#7892=CARTESIAN_POINT('',(-1.84999999999999,-0.574999999999989,-2.8));
#7893=CARTESIAN_POINT('',(-1.84999999999999,-0.574999999999989,-2.8));
#7894=CARTESIAN_POINT('',(-2.69999999999999,-0.575999999999965,-3.));
#7895=CARTESIAN_POINT('',(-2.36999999999993,-1.53399999999996,-3.));
#7896=CARTESIAN_POINT('',(-1.85329220347205,-1.35756572609804,-3.));
#7897=CARTESIAN_POINT('',(-1.67900000001437,-1.87500000000523,-3.));
#7898=CARTESIAN_POINT('',(-1.67900000001437,-1.87500000000523,-3.));
#7899=CARTESIAN_POINT('',(-0.171046629395855,-1.32601697582114,-3.));
#7900=CARTESIAN_POINT('',(-5.42101086242752E-17,-1.79584997867674,-3.));
#7901=CARTESIAN_POINT('',(0.171046629395855,-1.32601697582114,-3.));
#7902=CARTESIAN_POINT('',(0.171046629395855,-1.32601697582114,-3.));
#7903=CARTESIAN_POINT('',(1.67900000001437,-1.87500000000523,-3.));
#7904=CARTESIAN_POINT('',(1.85329220347205,-1.35756572609804,-3.));
#7905=CARTESIAN_POINT('',(2.36999999999993,-1.53399999999996,-3.));
#7906=CARTESIAN_POINT('',(2.36999999999993,-1.53399999999996,-3.));
#7907=CARTESIAN_POINT('',(2.05000000000001,-0.574999999999989,-3.));
#7908=CARTESIAN_POINT('',(1.84999999999999,-0.574999999999989,-3.));
#7909=CARTESIAN_POINT('',(1.84999999999999,-0.574999999999989,-3.));
#7910=CARTESIAN_POINT('',(1.84999999999999,-0.769999999999982,-3.));
#7911=CARTESIAN_POINT('',(1.84999999999999,-0.769999999999982,-3.));
#7912=CARTESIAN_POINT('',(2.03799999999977,-1.28600000000009,-3.));
#7913=CARTESIAN_POINT('',(1.85267270897933,-1.3556978852121,-3.));
#7914=CARTESIAN_POINT('',(1.79800000000403,-1.54600000000146,-3.));
#7915=CARTESIAN_POINT('',(1.79800000000403,-1.54600000000146,-3.));
#7916=CARTESIAN_POINT('',(0.290279253632701,-0.997101664618288,-3.));
#7917=CARTESIAN_POINT('',(-0.000500000000002343,-1.79581777542163,-3.));
#7918=CARTESIAN_POINT('',(-0.291279253632681,-0.997101664618279,-3.));
#7919=CARTESIAN_POINT('',(-0.291279253632681,-0.997101664618279,-3.));
#7920=CARTESIAN_POINT('',(-1.79899999999718,-1.54599999999896,-3.));
#7921=CARTESIAN_POINT('',(-1.85255342421087,-1.35537987840896,-3.));
#7922=CARTESIAN_POINT('',(-2.03800000000011,-1.28599999999997,-3.));
#7923=CARTESIAN_POINT('',(-2.03800000000011,-1.28599999999997,-3.));
#7924=CARTESIAN_POINT('',(-1.84999999999999,-0.769999999999982,-3.));
#7925=CARTESIAN_POINT('',(-1.84999999999999,-0.769999999999982,-3.));
#7926=CARTESIAN_POINT('',(-1.84999999999999,-0.574999999999989,-3.));
#7927=CARTESIAN_POINT('',(-1.84999999999999,-0.574999999999989,-3.));
#7928=CARTESIAN_POINT('',(0.,1.8,0.));
#7929=CARTESIAN_POINT('',(0.,1.8,0.));
#7930=CARTESIAN_POINT('',(0.,1.8,-1.72));
#7931=CARTESIAN_POINT('',(0.,1.8,0.));
#7932=CARTESIAN_POINT('',(0.,1.8,-1.525));
#7933=CARTESIAN_POINT('',(0.,0.,0.));
#7934=CARTESIAN_POINT('',(0.,1.5,0.));
#7935=CARTESIAN_POINT('',(0.,1.5,-1.72));
#7936=CARTESIAN_POINT('',(0.,1.5,0.));
#7937=CARTESIAN_POINT('',(0.,1.4,0.));
#7938=CARTESIAN_POINT('',(0.,1.4,-1.82));
#7939=CARTESIAN_POINT('',(1.82,1.4,0.));
#7940=CARTESIAN_POINT('',(0.,1.4,0.));
#7941=CARTESIAN_POINT('',(0.,1.4,-1.95));
#7942=CARTESIAN_POINT('',(0.,1.,0.));
#7943=CARTESIAN_POINT('',(0.,1.,0.));
#7944=CARTESIAN_POINT('',(0.,1.,-2.35));
#7945=CARTESIAN_POINT('',(0.,0.,0.));
#7946=CARTESIAN_POINT('',(0.,0.4,0.));
#7947=CARTESIAN_POINT('',(0.,0.4,-2.35));
#7948=CARTESIAN_POINT('',(0.,0.4,0.));
#7949=CARTESIAN_POINT('',(0.,0.,0.));
#7950=CARTESIAN_POINT('',(0.,0.4,0.));
#7951=CARTESIAN_POINT('',(0.,0.,0.375));
#7952=CARTESIAN_POINT('',(0.682859087664361,-0.700231216090322,0.375));
#7953=CARTESIAN_POINT('',(0.601072269411965,-0.394998654982977,0.375));
#7954=CARTESIAN_POINT('',(0.515092582628907,-0.0741180954897479,0.375));
#7955=CARTESIAN_POINT('',(3.74033120485144,0.446163241600216,0.375));
#7956=CARTESIAN_POINT('',(0.842553725984231,-0.330293893707347,0.375));
#7957=CARTESIAN_POINT('',(0.924340544236628,-0.635526454814692,0.375));
#7958=CARTESIAN_POINT('',(0.756574039201174,-0.00941333421411774,0.375));
#7959=CARTESIAN_POINT('',(0.4185,-0.1,0.375));
#7960=CARTESIAN_POINT('',(0.4185,0.25,0.375));
#7961=CARTESIAN_POINT('',(0.4185,0.25,0.375));
#7962=CARTESIAN_POINT('',(0.,0.25,0.375));
#7963=CARTESIAN_POINT('',(0.,0.25,0.375));
#7964=CARTESIAN_POINT('',(0.,0.,0.375));
#7965=CARTESIAN_POINT('',(0.,0.,0.375));
#7966=CARTESIAN_POINT('',(0.4185,0.,0.375));
#7967=CARTESIAN_POINT('',(0.4185,-0.1,0.375));
#7968=CARTESIAN_POINT('',(0.,0.,-0.375));
#7969=CARTESIAN_POINT('',(3.74033120485144,0.446163241600221,-0.375));
#7970=CARTESIAN_POINT('',(0.84255372598423,-0.330293893707342,-0.375));
#7971=CARTESIAN_POINT('',(0.601072269411964,-0.394998654982972,-0.375));
#7972=CARTESIAN_POINT('',(0.682859087664361,-0.700231216090322,-0.375));
#7973=CARTESIAN_POINT('',(0.515092582628907,-0.0741180954897479,-0.375));
#7974=CARTESIAN_POINT('',(0.4185,-0.1,-0.375));
#7975=CARTESIAN_POINT('',(0.4185,0.,-0.375));
#7976=CARTESIAN_POINT('',(0.,0.,-0.375));
#7977=CARTESIAN_POINT('',(0.,0.,-0.375));
#7978=CARTESIAN_POINT('',(0.,0.25,-0.375));
#7979=CARTESIAN_POINT('',(0.,0.25,-0.375));
#7980=CARTESIAN_POINT('',(0.4185,0.25,-0.375));
#7981=CARTESIAN_POINT('',(0.4185,0.25,-0.375));
#7982=CARTESIAN_POINT('',(0.4185,-0.1,-0.375));
#7983=CARTESIAN_POINT('',(0.756574039201174,-0.0094133342141177,-0.375));
#7984=CARTESIAN_POINT('',(0.924340544236628,-0.635526454814692,-0.375));
#7985=CARTESIAN_POINT('',(0.682859087664361,-0.700231216090322,0.375));
#7986=CARTESIAN_POINT('',(0.601072269411964,-0.394998654982975,-0.275));
#7987=CARTESIAN_POINT('',(0.615698980707801,-0.449586284686675,-0.3575));
#7988=CARTESIAN_POINT('',(0.630325692003636,-0.504173914390375,-0.44));
#7989=CARTESIAN_POINT('',(0.630325692003637,-0.504173914390379,-0.34));
#7990=CARTESIAN_POINT('',(0.68285908766436,-0.700231216090318,-0.340000000000001));
#7991=CARTESIAN_POINT('',(0.682859087664361,-0.700231216090322,-0.34));
#7992=CARTESIAN_POINT('',(0.682859087664361,-0.700231216090322,0.375));
#7993=CARTESIAN_POINT('',(0.682859087664361,-0.700231216090322,0.34));
#7994=CARTESIAN_POINT('',(0.682859087664361,-0.700231216090322,0.34));
#7995=CARTESIAN_POINT('',(0.630325692003636,-0.504173914390374,0.34));
#7996=CARTESIAN_POINT('',(0.630325692003636,-0.504173914390374,0.439999999999999));
#7997=CARTESIAN_POINT('',(0.615698978208153,-0.449586275357862,0.357500006615751));
#7998=CARTESIAN_POINT('',(0.601072269411965,-0.394998654982976,0.274999999999998));
#7999=CARTESIAN_POINT('',(0.515092582628907,-0.0741180954897479,0.375));
#8000=CARTESIAN_POINT('',(0.924340544236628,-0.635526454814692,-0.375));
#8001=CARTESIAN_POINT('',(0.871807148575902,-0.439469153114745,-0.44));
#8002=CARTESIAN_POINT('',(0.857180437280066,-0.384881523411045,-0.3575));
#8003=CARTESIAN_POINT('',(0.871807148575904,-0.439469153114749,-0.34));
#8004=CARTESIAN_POINT('',(0.842553725984231,-0.330293893707345,-0.275));
#8005=CARTESIAN_POINT('',(0.756574039201174,-0.0094133342141177,-0.375));
#8006=CARTESIAN_POINT('',(0.842553725984231,-0.330293893707346,0.274999999999998));
#8007=CARTESIAN_POINT('',(0.857180434780419,-0.384881514082232,0.357500006615751));
#8008=CARTESIAN_POINT('',(0.871807148575902,-0.439469153114744,0.439999999999999));
#8009=CARTESIAN_POINT('',(0.871807148575902,-0.439469153114744,0.34));
#8010=CARTESIAN_POINT('',(0.924340544236628,-0.635526454814692,0.34));
#8011=CARTESIAN_POINT('',(0.924340544236628,-0.635526454814692,0.34));
#8012=CARTESIAN_POINT('',(0.924340544236628,-0.635526454814692,-0.375));
#8013=CARTESIAN_POINT('',(0.924340544236628,-0.635526454814692,-0.34));
#8014=CARTESIAN_POINT('',(0.924340544236628,-0.635526454814692,-0.340000000000001));
#8015=CARTESIAN_POINT('',(1.02093312686553,-0.60964455030444,49.625));
#8016=CARTESIAN_POINT('',(1.02093312686553,-0.60964455030444,-0.34));
#8017=CARTESIAN_POINT('',(0.990428616903855,-0.958312694636551,-0.340000000000003));
#8018=CARTESIAN_POINT('',(0.990428616903855,-0.958312694636551,0.375));
#8019=CARTESIAN_POINT('',(0.990428616903855,-0.958312694636551,0.34));
#8020=CARTESIAN_POINT('',(1.02093312686553,-0.60964455030444,0.34));
#8021=CARTESIAN_POINT('',(1.02093312686553,-0.60964455030444,49.625));
#8022=CARTESIAN_POINT('',(1.01221755259077,-0.709264020113614,-0.375));
#8023=CARTESIAN_POINT('',(1.01221755259077,-0.709264020113614,-0.340000000000002));
#8024=CARTESIAN_POINT('',(1.01221755259077,-0.709264020113614,0.34));
#8025=CARTESIAN_POINT('',(1.02093312686553,-0.60964455030444,-0.34));
#8026=CARTESIAN_POINT('',(1.02093312686553,-0.60964455030444,0.34));
#8027=CARTESIAN_POINT('',(1.8780380929036,-1.03596846142471,0.375));
#8028=CARTESIAN_POINT('',(1.8780380929036,-1.03596846142471,-0.340000000000005));
#8029=CARTESIAN_POINT('',(1.8780380929036,-1.03596846142471,-0.340000000000005));
#8030=CARTESIAN_POINT('',(1.8780380929036,-1.03596846142471,0.375));
#8031=CARTESIAN_POINT('',(1.8780380929036,-1.03596846142471,0.34));
#8032=CARTESIAN_POINT('',(1.8780380929036,-1.03596846142471,0.34));
#8033=CARTESIAN_POINT('',(1.89982702859051,-0.786919786901778,-0.375));
#8034=CARTESIAN_POINT('',(1.89982702859051,-0.786919786901778,-0.340000000000004));
#8035=CARTESIAN_POINT('',(1.89982702859051,-0.786919786901778,-0.340000000000004));
#8036=CARTESIAN_POINT('',(1.89982702859051,-0.786919786901778,0.34));
#8037=CARTESIAN_POINT('',(1.89982702859051,-0.786919786901778,0.34));
#8038=CARTESIAN_POINT('',(1.89982702859051,-0.786919786901778,-0.375));
#8039=CARTESIAN_POINT('',(1.95371930134707,-0.170928290579654,0.));
#8040=CARTESIAN_POINT('',(1.95371930134707,-0.170928290579652,-0.34));
#8041=CARTESIAN_POINT('',(1.95371930134707,-0.170928290579654,0.34));
#8042=CARTESIAN_POINT('',(0.4185,0.25,0.375));
#8043=CARTESIAN_POINT('',(0.,0.25,0.375));
#8044=CARTESIAN_POINT('',(0.4185,0.25,0.375));
#8045=CARTESIAN_POINT('',(0.,0.25,0.375));
#8046=CARTESIAN_POINT('',(0.,0.,0.375));
#8047=CARTESIAN_POINT('',(0.,0.,0.375));
#8048=CARTESIAN_POINT('',(0.4185,0.,0.375));
#8049=CARTESIAN_POINT('',(0.4185,-0.1,-50.375));
#8050=CARTESIAN_POINT('',(0.4185,-0.1,-50.375));
#8051=CARTESIAN_POINT('',(4.21034659075761,-1.30795805894073,0.34));
#8052=CARTESIAN_POINT('',(3.76958462744311,0.336987982192818,0.34));
#8053=CARTESIAN_POINT('',(3.74033120485144,0.446163241600216,0.274999999999998));
#8054=CARTESIAN_POINT('',(3.75495791364762,0.39157562122533,0.357500006615751));
#8055=CARTESIAN_POINT('',(3.76958462744311,0.336987982192819,0.439999999999999));
#8056=CARTESIAN_POINT('',(3.74033120485144,0.446163241600218,-0.275));
#8057=CARTESIAN_POINT('',(3.75495791614727,0.391575611896518,-0.3575));
#8058=CARTESIAN_POINT('',(3.76958462744311,0.336987982192818,-0.44));
#8059=CARTESIAN_POINT('',(3.76958462744311,0.336987982192814,-0.34));
#8060=CARTESIAN_POINT('',(3.76958462744311,0.336987982192814,-0.34));
#8061=CARTESIAN_POINT('',(3.1,-0.964,2.));
#8062=CARTESIAN_POINT('',(3.1,-0.964,-2.));
#8063=CARTESIAN_POINT('',(-3.1,-0.964,2.));
#8064=CARTESIAN_POINT('',(-3.1,-0.964,-2.));
#8065=MECHANICAL_DESIGN_GEOMETRIC_PRESENTATION_REPRESENTATION('',(#4537,
#4538,#4539,#4540,#4541,#4542,#4543,#4544,#4545,#4546,#4547,#4548,#4549,
#4550,#4551,#4552,#4553,#4554,#4555,#4556,#4557,#4558,#4559,#4560,#4561,
#4562,#4563,#4564,#4565,#4566,#4567,#4568,#4569,#4570,#4571,#4572,#4573,
#4574,#4575,#4576,#4577,#4578,#4579,#4580,#4581,#4582,#4583,#4584,#4585,
#4586,#4587,#4588,#4589,#4590,#4591,#4592,#4593,#4594,#4595,#4596,#4597,
#4598,#4599,#4600,#4601,#4602,#4603,#4604,#4605,#4606,#4607,#4608,#4609,
#4610,#4611,#4612,#4613,#4614,#4615,#4616,#4617,#4618,#4619,#4620,#4621,
#4622,#4623,#4624,#4625),#8066);
#8066=(
GEOMETRIC_REPRESENTATION_CONTEXT(3)
GLOBAL_UNCERTAINTY_ASSIGNED_CONTEXT((#8071))
GLOBAL_UNIT_ASSIGNED_CONTEXT((#8078,#8077,#8076))
REPRESENTATION_CONTEXT('KSC621GLFS','TOP_LEVEL_ASSEMBLY_PART')
);
#8067=(
GEOMETRIC_REPRESENTATION_CONTEXT(3)
GLOBAL_UNCERTAINTY_ASSIGNED_CONTEXT((#8072))
GLOBAL_UNIT_ASSIGNED_CONTEXT((#8078,#8077,#8076))
REPRESENTATION_CONTEXT('KSC6 - body','COMPONENT_PART')
);
#8068=(
GEOMETRIC_REPRESENTATION_CONTEXT(3)
GLOBAL_UNCERTAINTY_ASSIGNED_CONTEXT((#8073))
GLOBAL_UNIT_ASSIGNED_CONTEXT((#8078,#8077,#8076))
REPRESENTATION_CONTEXT('KSC6  - button','COMPONENT_PART')
);
#8069=(
GEOMETRIC_REPRESENTATION_CONTEXT(3)
GLOBAL_UNCERTAINTY_ASSIGNED_CONTEXT((#8074))
GLOBAL_UNIT_ASSIGNED_CONTEXT((#8078,#8077,#8076))
REPRESENTATION_CONTEXT('KSC6 - cover','COMPONENT_PART')
);
#8070=(
GEOMETRIC_REPRESENTATION_CONTEXT(3)
GLOBAL_UNCERTAINTY_ASSIGNED_CONTEXT((#8075))
GLOBAL_UNIT_ASSIGNED_CONTEXT((#8078,#8077,#8076))
REPRESENTATION_CONTEXT('KSC61G_pin','COMPONENT_PART')
);
#8071=UNCERTAINTY_MEASURE_WITH_UNIT(LENGTH_MEASURE(1.E-5),#8078,
'DISTANCE_ACCURACY_VALUE','Maximum Tolerance applied to model');
#8072=UNCERTAINTY_MEASURE_WITH_UNIT(LENGTH_MEASURE(1.E-5),#8078,
'DISTANCE_ACCURACY_VALUE','Maximum Tolerance applied to model');
#8073=UNCERTAINTY_MEASURE_WITH_UNIT(LENGTH_MEASURE(1.E-5),#8078,
'DISTANCE_ACCURACY_VALUE','Maximum Tolerance applied to model');
#8074=UNCERTAINTY_MEASURE_WITH_UNIT(LENGTH_MEASURE(1.E-5),#8078,
'DISTANCE_ACCURACY_VALUE','Maximum Tolerance applied to model');
#8075=UNCERTAINTY_MEASURE_WITH_UNIT(LENGTH_MEASURE(1.E-5),#8078,
'DISTANCE_ACCURACY_VALUE','Maximum Tolerance applied to model');
#8076=(
NAMED_UNIT(*)
SI_UNIT($,.STERADIAN.)
SOLID_ANGLE_UNIT()
);
#8077=(
NAMED_UNIT(*)
PLANE_ANGLE_UNIT()
SI_UNIT($,.RADIAN.)
);
#8078=(
LENGTH_UNIT()
NAMED_UNIT(*)
SI_UNIT(.MILLI.,.METRE.)
);
#8079=PRODUCT_DEFINITION_SHAPE('','',#8091);
#8080=PRODUCT_DEFINITION_SHAPE('','',#8092);
#8081=PRODUCT_DEFINITION_SHAPE(' ','NAUO PRDDFN',#24);
#8082=PRODUCT_DEFINITION_SHAPE('','',#8093);
#8083=PRODUCT_DEFINITION_SHAPE(' ','NAUO PRDDFN',#25);
#8084=PRODUCT_DEFINITION_SHAPE('','',#8094);
#8085=PRODUCT_DEFINITION_SHAPE(' ','NAUO PRDDFN',#26);
#8086=PRODUCT_DEFINITION_SHAPE('','',#8095);
#8087=PRODUCT_DEFINITION_SHAPE(' ','NAUO PRDDFN',#27);
#8088=PRODUCT_DEFINITION_SHAPE(' ','NAUO PRDDFN',#28);
#8089=PRODUCT_DEFINITION_SHAPE(' ','NAUO PRDDFN',#29);
#8090=PRODUCT_DEFINITION_SHAPE(' ','NAUO PRDDFN',#30);
#8091=PRODUCT_DEFINITION('','',#8101,#8096);
#8092=PRODUCT_DEFINITION('','',#8102,#8097);
#8093=PRODUCT_DEFINITION('','',#8103,#8098);
#8094=PRODUCT_DEFINITION('','',#8104,#8099);
#8095=PRODUCT_DEFINITION('','',#8105,#8100);
#8096=PRODUCT_DEFINITION_CONTEXT('',#8127,'design');
#8097=PRODUCT_DEFINITION_CONTEXT('',#8127,'design');
#8098=PRODUCT_DEFINITION_CONTEXT('',#8127,'design');
#8099=PRODUCT_DEFINITION_CONTEXT('',#8127,'design');
#8100=PRODUCT_DEFINITION_CONTEXT('',#8127,'design');
#8101=PRODUCT_DEFINITION_FORMATION_WITH_SPECIFIED_SOURCE('','',#8111,
 .NOT_KNOWN.);
#8102=PRODUCT_DEFINITION_FORMATION_WITH_SPECIFIED_SOURCE('','',#8112,
 .NOT_KNOWN.);
#8103=PRODUCT_DEFINITION_FORMATION_WITH_SPECIFIED_SOURCE('','',#8113,
 .NOT_KNOWN.);
#8104=PRODUCT_DEFINITION_FORMATION_WITH_SPECIFIED_SOURCE('','',#8114,
 .NOT_KNOWN.);
#8105=PRODUCT_DEFINITION_FORMATION_WITH_SPECIFIED_SOURCE('','',#8115,
 .NOT_KNOWN.);
#8106=PRODUCT_RELATED_PRODUCT_CATEGORY('','',(#8111));
#8107=PRODUCT_RELATED_PRODUCT_CATEGORY('','',(#8112));
#8108=PRODUCT_RELATED_PRODUCT_CATEGORY('','',(#8113));
#8109=PRODUCT_RELATED_PRODUCT_CATEGORY('','',(#8114));
#8110=PRODUCT_RELATED_PRODUCT_CATEGORY('','',(#8115));
#8111=PRODUCT('KSC621GLFS','KSC621GLFS','KSC621GLFS',(#8121));
#8112=PRODUCT('KSC6 - body','KSC6 - body','KSC6 - body',(#8122));
#8113=PRODUCT('KSC6  - button','KSC6  - button','KSC6  - button',(#8123));
#8114=PRODUCT('KSC6 - cover','KSC6 - cover','KSC6 - cover',(#8124));
#8115=PRODUCT('KSC61G_pin','KSC61G_pin','KSC61G_pin',(#8125));
#8116=PRODUCT_CATEGORY('','');
#8117=PRODUCT_CATEGORY('','');
#8118=PRODUCT_CATEGORY('','');
#8119=PRODUCT_CATEGORY('','');
#8120=PRODUCT_CATEGORY('','');
#8121=PRODUCT_CONTEXT('',#8127,'mechanical');
#8122=PRODUCT_CONTEXT('',#8127,'mechanical');
#8123=PRODUCT_CONTEXT('',#8127,'mechanical');
#8124=PRODUCT_CONTEXT('',#8127,'mechanical');
#8125=PRODUCT_CONTEXT('',#8127,'mechanical');
#8126=APPLICATION_PROTOCOL_DEFINITION('international standard',
'ap242_managed_model_based_3d_engineering',2011,#8127);
#8127=APPLICATION_CONTEXT('managed model based 3d engineering');
ENDSEC;
END-ISO-10303-21;
